{
  "summary": {
    "successRate": 1,
    "total": 10.002246568,
    "slowest": 0.034692081,
    "fastest": 0.000475904,
    "average": 0.005494763827608537,
    "requestsPerSec": 9084.259159406876,
    "totalData": 1181219,
    "sizePerRequest": 13,
    "sizePerSec": 118095.3690722894
  },
  "responseTimeHistogram": {
    "0.000475904": 1,
    "0.0038975217": 1589,
    "0.0073191394": 83482,
    "0.010740757099999998": 4094,
    "0.014162374799999999": 1131,
    "0.0175839925": 417,
    "0.021005610199999997": 62,
    "0.024427227899999997": 57,
    "0.027848845599999998": 17,
    "0.0312704633": 11,
    "0.034692081": 2
  },
  "latencyPercentiles": {
    "p10": 0.004706838,
    "p25": 0.004849239,
    "p50": 0.005036441,
    "p75": 0.005579445,
    "p90": 0.006788755,
    "p95": 0.007843164,
    "p99": 0.012523601
  },
  "rps": {
    "mean": 9089.334936372163,
    "stddev": 1731.9398671608965,
    "max": 13071.78964627089,
    "percentiles": {
      "p10": 7103.352071842765,
      "p25": 8464.601841252446,
      "p50": 9711.284512603412,
      "p75": 10160.867876304448,
      "p90": 10507.795393444301,
      "p95": 10714.699496239144,
      "p99": 11299.617623369475
    }
  },
  "details": {
    "DNSDialup": {
      "average": 0.00216455356,
      "fastest": 0.000088101,
      "slowest": 0.004636837
    },
    "DNSLookup": {
      "average": 0.000007516,
      "fastest": 0.0000058,
      "slowest": 0.0000346
    }
  },
  "statusCodeDistribution": {
    "200": 90863
  },
  "errorDistribution": {}
}