{
  "summary": {
    "successRate": 1,
    "total": 10.001372572,
    "slowest": 0.01524072,
    "fastest": 0.0005805,
    "average": 0.0029889890362718202,
    "requestsPerSec": 16710.406376409912,
    "totalData": 2172651,
    "sizePerRequest": 13,
    "sizePerSec": 217235.28289332887
  },
  "responseTimeHistogram": {
    "0.0005805": 1,
    "0.002046522": 581,
    "0.003512544": 120835,
    "0.004978566": 40326,
    "0.006444588": 3833,
    "0.00791061": 969,
    "0.009376632": 415,
    "0.010842653999999998": 70,
    "0.012308676": 10,
    "0.013774698": 55,
    "0.01524072": 32
  },
  "latencyPercentiles": {
    "p10": 0.0022932,
    "p25": 0.002316759,
    "p50": 0.002356258,
    "p75": 0.0036673,
    "p90": 0.00450322,
    "p95": 0.004559419,
    "p99": 0.00628213
  },
  "rps": {
    "mean": 16741.533550798198,
    "stddev": 5143.37712352121,
    "max": 23705.480240105662,
    "percentiles": {
      "p10": 10129.250235904734,
      "p25": 11347.290969846605,
      "p50": 18027.945117727424,
      "p75": 21612.042229930157,
      "p90": 22044.72741899618,
      "p95": 22279.83698045805,
      "p99": 22506.925207756423
    }
  },
  "details": {
    "DNSDialup": {
      "average": 0.00079265344,
      "fastest": 0.000036488,
      "slowest": 0.001162236
    },
    "DNSLookup": {
      "average": 0.000004928460000000002,
      "fastest": 0.000002999,
      "slowest": 0.000050085
    }
  },
  "statusCodeDistribution": {
    "200": 167127
  },
  "errorDistribution": {}
}