{
  "summary": {
    "successRate": 1,
    "total": 10.002160984,
    "slowest": 0.024387478,
    "fastest": 0.000427303,
    "average": 0.0048982237868563285,
    "requestsPerSec": 10192.797352800537,
    "totalData": 1325350,
    "sizePerRequest": 13,
    "sizePerSec": 132506.36558640696
  },
  "responseTimeHistogram": {
    "0.000427303": 1,
    "0.0028233205": 211,
    "0.0052193380000000004": 83822,
    "0.0076153555000000005": 15371,
    "0.010011373": 1254,
    "0.0124073905": 986,
    "0.014803408": 132,
    "0.0171994255": 85,
    "0.019595443": 44,
    "0.0219914605": 25,
    "0.024387478": 19
  },
  "latencyPercentiles": {
    "p10": 0.004149331,
    "p25": 0.004359032,
    "p50": 0.004622834,
    "p75": 0.004971537,
    "p90": 0.005893643,
    "p95": 0.006699449,
    "p99": 0.010629677
  },
  "rps": {
    "mean": 10289.881174009162,
    "stddev": 3316.5465064515633,
    "max": 100086.16113001577,
    "percentiles": {
      "p10": 8029.328729048595,
      "p25": 9762.60465487041,
      "p50": 10644.1079699994,
      "p75": 11225.512221626017,
      "p90": 11741.008996222046,
      "p95": 12160.470371013591,
      "p99": 12887.320767209618
    }
  },
  "details": {
    "DNSDialup": {
      "average": 0.0018335453200000005,
      "fastest": 0.000079301,
      "slowest": 0.003838228
    },
    "DNSLookup": {
      "average": 0.000007718019999999998,
      "fastest": 0.0000055,
      "slowest": 0.0000468
    }
  },
  "statusCodeDistribution": {
    "200": 101950
  },
  "errorDistribution": {}
}