{
  "summary": {
    "successRate": 1,
    "total": 10.0019807,
    "slowest": 0.015784934,
    "fastest": 0.000636601,
    "average": 0.002482129130210955,
    "requestsPerSec": 20121.814472207487,
    "totalData": 2616354,
    "sizePerRequest": 13,
    "sizePerSec": 261583.58813869735
  },
  "responseTimeHistogram": {
    "0.000636601": 1,
    "0.0021514343": 1954,
    "0.0036662676": 191800,
    "0.0051811009": 5053,
    "0.0066959342": 1466,
    "0.0082107675": 768,
    "0.009725600800000001": 116,
    "0.0112404341": 32,
    "0.0127552674": 35,
    "0.014270100700000002": 8,
    "0.015784934": 25
  },
  "latencyPercentiles": {
    "p10": 0.002267206,
    "p25": 0.002285306,
    "p50": 0.002309706,
    "p75": 0.002351506,
    "p90": 0.002920506,
    "p95": 0.003574409,
    "p99": 0.005538712
  },
  "rps": {
    "mean": 20141.88068766542,
    "stddev": 3261.0540497712836,
    "max": 24175.071249644352,
    "percentiles": {
      "p10": 17436.747946297644,
      "p25": 18809.734037364888,
      "p50": 21608.01908160911,
      "p75": 21930.49305669652,
      "p90": 22352.698722505236,
      "p95": 22535.32412055994,
      "p99": 23074.935854185496
    }
  },
  "details": {
    "DNSDialup": {
      "average": 0.0012780507200000004,
      "fastest": 0.0000662,
      "slowest": 0.002787706
    },
    "DNSLookup": {
      "average": 0.000004214000000000001,
      "fastest": 0.0000029,
      "slowest": 0.0000341
    }
  },
  "statusCodeDistribution": {
    "200": 201258
  },
  "errorDistribution": {}
}