{
  "summary": {
    "successRate": 1,
    "total": 10.001691676,
    "slowest": 0.016716364,
    "fastest": 0.000663906,
    "average": 0.002858987637221226,
    "requestsPerSec": 17466.64520954985,
    "totalData": 2271048,
    "sizePerRequest": 13,
    "sizePerSec": 227066.38772414802
  },
  "responseTimeHistogram": {
    "0.000663906": 1,
    "0.0022691518000000003": 1068,
    "0.0038743976000000005": 160744,
    "0.0054796434": 10790,
    "0.0070848892000000005": 1008,
    "0.008690135000000002": 941,
    "0.010295380800000002": 94,
    "0.011900626600000002": 7,
    "0.013505872400000002": 9,
    "0.015111118200000002": 7,
    "0.016716364": 27
  },
  "latencyPercentiles": {
    "p10": 0.002591526,
    "p25": 0.002631227,
    "p50": 0.002661226,
    "p75": 0.002698127,
    "p90": 0.003351533,
    "p95": 0.004385644,
    "p99": 0.005747356
  },
  "rps": {
    "mean": 17489.080928689044,
    "stddev": 2769.407945752651,
    "max": 21721.985139309596,
    "percentiles": {
      "p10": 14806.814095847501,
      "p25": 16325.958273654302,
      "p50": 18052.17439443427,
      "p75": 19007.756681303043,
      "p90": 20364.06797609058,
      "p95": 20513.69897415614,
      "p99": 20987.970863503626
    }
  },
  "details": {
    "DNSDialup": {
      "average": 0.0015174668200000005,
      "fastest": 0.000074601,
      "slowest": 0.001777918
    },
    "DNSLookup": {
      "average": 0.0000052860399999999984,
      "fastest": 0.0000035,
      "slowest": 0.000044201
    }
  },
  "statusCodeDistribution": {
    "200": 174696
  },
  "errorDistribution": {}
}