{
  "summary": {
    "successRate": 1,
    "total": 10.001638717,
    "slowest": 0.01630182,
    "fastest": 0.00071481,
    "average": 0.0028590557522096493,
    "requestsPerSec": 17465.93782707618,
    "totalData": 2270944,
    "sizePerRequest": 13,
    "sizePerSec": 227057.19175199035
  },
  "responseTimeHistogram": {
    "0.00071481": 1,
    "0.002273511": 614,
    "0.0038322120000000006": 159009,
    "0.005390913000000001": 12979,
    "0.006949614000000001": 801,
    "0.008508315": 814,
    "0.010067016000000002": 380,
    "0.011625717": 44,
    "0.013184418000000002": 8,
    "0.014743119000000002": 6,
    "0.01630182": 32
  },
  "latencyPercentiles": {
    "p10": 0.002588035,
    "p25": 0.002612336,
    "p50": 0.002639236,
    "p75": 0.002679436,
    "p90": 0.003395346,
    "p95": 0.004623662,
    "p99": 0.005487174
  },
  "rps": {
    "mean": 17491.85950503374,
    "stddev": 2831.2754367168577,
    "max": 22853.929456154452,
    "percentiles": {
      "p10": 14517.6607342839,
      "p25": 16279.707073804031,
      "p50": 18324.857669429264,
      "p75": 18779.559604263213,
      "p90": 20402.21852228776,
      "p95": 20660.435993005754,
      "p99": 20919.340908307702
    }
  },
  "details": {
    "DNSDialup": {
      "average": 0.0010194578000000001,
      "fastest": 0.000049101,
      "slowest": 0.001497921
    },
    "DNSLookup": {
      "average": 0.000005404060000000001,
      "fastest": 0.0000034,
      "slowest": 0.000037301
    }
  },
  "statusCodeDistribution": {
    "200": 174688
  },
  "errorDistribution": {}
}