{
  "summary": {
    "successRate": 1,
    "total": 10.001634043,
    "slowest": 0.025469611,
    "fastest": 0.00061701,
    "average": 0.0031472483889613506,
    "requestsPerSec": 15865.307540527057,
    "totalData": 2062827,
    "sizePerRequest": 13,
    "sizePerSec": 206248.99802685174
  },
  "responseTimeHistogram": {
    "0.00061701": 1,
    "0.0031022701": 124032,
    "0.0055875302": 31045,
    "0.0080727903": 2739,
    "0.0105580504": 805,
    "0.0130433105": 21,
    "0.0155285706": 21,
    "0.0180138307": 14,
    "0.0204990908": 0,
    "0.022984350900000002": 0,
    "0.025469611000000003": 1
  },
  "latencyPercentiles": {
    "p10": 0.002555641,
    "p25": 0.002602842,
    "p50": 0.002643843,
    "p75": 0.002771545,
    "p90": 0.005343487,
    "p95": 0.005390588,
    "p99": 0.007714624
  },
  "rps": {
    "mean": 15901.00329404202,
    "stddev": 4319.991209496887,
    "max": 21921.99812311319,
    "percentiles": {
      "p10": 9113.15666427715,
      "p25": 14405.959745547541,
      "p50": 17910.097713089785,
      "p75": 18721.41355282134,
      "p90": 20199.8285988144,
      "p95": 20570.55945771778,
      "p99": 21043.289004694227
    }
  },
  "details": {
    "DNSDialup": {
      "average": 0.0016182302000000003,
      "fastest": 0.000073802,
      "slowest": 0.003498456
    },
    "DNSLookup": {
      "average": 0.0000051121000000000006,
      "fastest": 0.0000038,
      "slowest": 0.0000377
    }
  },
  "statusCodeDistribution": {
    "200": 158679
  },
  "errorDistribution": {}
}