{
  "summary": {
    "successRate": 1,
    "total": 10.00162536,
    "slowest": 0.016354572,
    "fastest": 0.000335104,
    "average": 0.0028785869008248017,
    "requestsPerSec": 17347.28044242601,
    "totalData": 2255513,
    "sizePerRequest": 13,
    "sizePerSec": 225514.64575153813
  },
  "responseTimeHistogram": {
    "0.000335104": 1,
    "0.0019370508000000003": 132,
    "0.0035389976000000005": 157689,
    "0.005140944400000001": 13654,
    "0.006742891200000001": 648,
    "0.008344838": 621,
    "0.0099467848": 664,
    "0.0115487316": 27,
    "0.0131506784": 27,
    "0.014752625200000001": 5,
    "0.016354572": 33
  },
  "latencyPercentiles": {
    "p10": 0.002624228,
    "p25": 0.002646027,
    "p50": 0.002671228,
    "p75": 0.002708828,
    "p90": 0.003346536,
    "p95": 0.004678749,
    "p99": 0.00569266
  },
  "rps": {
    "mean": 17386.467880032847,
    "stddev": 2769.059861765018,
    "max": 28963.105576621605,
    "percentiles": {
      "p10": 14329.368039798203,
      "p25": 16272.162549791392,
      "p50": 18001.61114419679,
      "p75": 18817.67920961736,
      "p90": 20291.576425515235,
      "p95": 20464.799526930954,
      "p99": 20694.533897858037
    }
  },
  "details": {
    "DNSDialup": {
      "average": 0.0009345738599999997,
      "fastest": 0.0000487,
      "slowest": 0.001397114
    },
    "DNSLookup": {
      "average": 0.000005308039999999999,
      "fastest": 0.0000033,
      "slowest": 0.0000384
    }
  },
  "statusCodeDistribution": {
    "200": 173501
  },
  "errorDistribution": {}
}