{
  "summary": {
    "successRate": 1,
    "total": 10.003372727,
    "slowest": 0.025380035,
    "fastest": 0.001167815,
    "average": 0.002734586149293384,
    "requestsPerSec": 18258.541892277928,
    "totalData": 2374411,
    "sizePerRequest": 13,
    "sizePerSec": 237361.04459961306
  },
  "responseTimeHistogram": {
    "0.001167815": 1,
    "0.0035890369999999998": 169139,
    "0.006010259": 13209,
    "0.008431481": 203,
    "0.010852702999999998": 48,
    "0.013273924999999999": 13,
    "0.015695147": 22,
    "0.018116368999999997": 11,
    "0.020537590999999997": 0,
    "0.022958812999999998": 0,
    "0.025380035": 1
  },
  "latencyPercentiles": {
    "p10": 0.002499343,
    "p25": 0.002547134,
    "p50": 0.002597735,
    "p75": 0.002673646,
    "p90": 0.003102153,
    "p95": 0.003931554,
    "p99": 0.004512677
  },
  "rps": {
    "mean": 18275.953959666676,
    "stddev": 2095.2837272942133,
    "max": 22228.239331107536,
    "percentiles": {
      "p10": 16101.875868539784,
      "p25": 17440.22762904918,
      "p50": 18651.78668573419,
      "p75": 19407.50099913667,
      "p90": 20473.757941409935,
      "p95": 20889.121086442356,
      "p99": 21388.21753650694
    }
  },
  "details": {
    "DNSDialup": {
      "average": 0.0016165017600000007,
      "fastest": 0.000080001,
      "slowest": 0.00348736
    },
    "DNSLookup": {
      "average": 0.000005048119999999998,
      "fastest": 0.0000037,
      "slowest": 0.000037501
    }
  },
  "statusCodeDistribution": {
    "200": 182647
  },
  "errorDistribution": {}
}