{
  "summary": {
    "successRate": 1,
    "total": 10.003106467,
    "slowest": 0.022453427,
    "fastest": 0.0002781,
    "average": 0.004909656000353972,
    "requestsPerSec": 10167.141611010107,
    "totalData": 1322139,
    "sizePerRequest": 13,
    "sizePerSec": 132172.8409431314
  },
  "responseTimeHistogram": {
    "0.0002781": 1,
    "0.0024956327": 208,
    "0.0047131654": 70389,
    "0.0069306981": 27404,
    "0.0091482308": 1755,
    "0.0113657635": 1260,
    "0.0135832962": 622,
    "0.0158008289": 22,
    "0.0180183616": 9,
    "0.0202358943": 2,
    "0.022453427": 31
  },
  "latencyPercentiles": {
    "p10": 0.004321301,
    "p25": 0.004432501,
    "p50": 0.004570302,
    "p75": 0.004800601,
    "p90": 0.005985684,
    "p95": 0.0065541,
    "p99": 0.010777572
  },
  "rps": {
    "mean": 10187.992140908536,
    "stddev": 1663.140763255269,
    "max": 12640.244307242947,
    "percentiles": {
      "p10": 8239.240205402215,
      "p25": 9850.558979015816,
      "p50": 10780.159031062203,
      "p75": 11136.848367687955,
      "p90": 11555.927220971105,
      "p95": 11758.909786247392,
      "p99": 12049.761901724869
    }
  },
  "details": {
    "DNSDialup": {
      "average": 0.00143273974,
      "fastest": 0.0000764,
      "slowest": 0.002099002
    },
    "DNSLookup": {
      "average": 0.000007806,
      "fastest": 0.0000062,
      "slowest": 0.000031
    }
  },
  "statusCodeDistribution": {
    "200": 101703
  },
  "errorDistribution": {}
}