{
  "summary": {
    "successRate": 1,
    "total": 10.001682731,
    "slowest": 0.015921669,
    "fastest": 0.0002986,
    "average": 0.002448216020122788,
    "requestsPerSec": 20401.267015555364,
    "totalData": 2652611,
    "sizePerRequest": 13,
    "sizePerSec": 265216.4712022197
  },
  "responseTimeHistogram": {
    "0.0002986": 1,
    "0.0018609069": 509,
    "0.0034232138": 190020,
    "0.004985520699999999": 11232,
    "0.0065478276": 1113,
    "0.0081101345": 1076,
    "0.009672441399999999": 46,
    "0.0112347483": 7,
    "0.012797055199999999": 9,
    "0.014359362099999998": 7,
    "0.015921669": 27
  },
  "latencyPercentiles": {
    "p10": 0.002245597,
    "p25": 0.002263697,
    "p50": 0.002288096,
    "p75": 0.002328796,
    "p90": 0.002756295,
    "p95": 0.003604294,
    "p99": 0.005405589
  },
  "rps": {
    "mean": 20439.860446162296,
    "stddev": 3107.2274063927844,
    "max": 24588.282188470013,
    "percentiles": {
      "p10": 17034.10056592278,
      "p25": 19331.353522277626,
      "p50": 21702.36850969046,
      "p75": 22251.45182582407,
      "p90": 22857.88654745509,
      "p95": 23189.213552505982,
      "p99": 24336.959910973615
    }
  },
  "details": {
    "DNSDialup": {
      "average": 0.0013087554800000002,
      "fastest": 0.0000727,
      "slowest": 0.001488497
    },
    "DNSLookup": {
      "average": 0.000004116000000000001,
      "fastest": 0.0000032,
      "slowest": 0.0000294
    }
  },
  "statusCodeDistribution": {
    "200": 204047
  },
  "errorDistribution": {}
}