{
  "summary": {
    "successRate": 1,
    "total": 10.001732938,
    "slowest": 0.023778963,
    "fastest": 0.000572604,
    "average": 0.005220520109356228,
    "requestsPerSec": 9558.843511684256,
    "totalData": 1242865,
    "sizePerRequest": 13,
    "sizePerSec": 124264.96565189531
  },
  "responseTimeHistogram": {
    "0.000572604": 1,
    "0.0028932399": 419,
    "0.0052138758": 73369,
    "0.0075345117000000005": 13948,
    "0.0098551476": 6162,
    "0.012175783499999999": 1030,
    "0.014496419400000002": 437,
    "0.0168170553": 133,
    "0.0191376912": 73,
    "0.0214583271": 21,
    "0.023778963": 12
  },
  "latencyPercentiles": {
    "p10": 0.00437503,
    "p25": 0.004521231,
    "p50": 0.004706433,
    "p75": 0.005101335,
    "p90": 0.006794247,
    "p95": 0.008661159,
    "p99": 0.011747481
  },
  "rps": {
    "mean": 9571.146616978525,
    "stddev": 2078.2032485265877,
    "max": 12858.521790818148,
    "percentiles": {
      "p10": 5852.773026301759,
      "p25": 8738.564157483384,
      "p50": 10480.02057437589,
      "p75": 10965.940392769784,
      "p90": 11305.010380600796,
      "p95": 11490.139120051008,
      "p99": 11926.395498517317
    }
  },
  "details": {
    "DNSDialup": {
      "average": 0.0022390033599999997,
      "fastest": 0.000082601,
      "slowest": 0.004748233
    },
    "DNSLookup": {
      "average": 0.000008026080000000001,
      "fastest": 0.0000059,
      "slowest": 0.0000376
    }
  },
  "statusCodeDistribution": {
    "200": 95605
  },
  "errorDistribution": {}
}