{
  "summary": {
    "successRate": 1,
    "total": 10.001320178,
    "slowest": 0.017970357,
    "fastest": 0.000523008,
    "average": 0.0024962928095766377,
    "requestsPerSec": 20006.458791324578,
    "totalData": 2601183,
    "sizePerRequest": 13,
    "sizePerSec": 260083.9642872195
  },
  "responseTimeHistogram": {
    "0.000523008": 1,
    "0.0022677429": 25865,
    "0.0040124778": 167050,
    "0.0057572127": 6685,
    "0.0075019476": 258,
    "0.0092466825": 91,
    "0.0109914174": 89,
    "0.012736152300000001": 2,
    "0.0144808872": 21,
    "0.0162256221": 14,
    "0.017970357": 15
  },
  "latencyPercentiles": {
    "p10": 0.002263026,
    "p25": 0.002282632,
    "p50": 0.002308533,
    "p75": 0.002351361,
    "p90": 0.003254549,
    "p95": 0.003788154,
    "p99": 0.004441963
  },
  "rps": {
    "mean": 20051.92787702283,
    "stddev": 3090.406533254294,
    "max": 24162.203065744212,
    "percentiles": {
      "p10": 16301.734504550357,
      "p25": 18121.851328330948,
      "p50": 21611.50276556958,
      "p75": 22041.16871533838,
      "p90": 22507.296865644355,
      "p95": 22681.558347505947,
      "p99": 23050.00030328966
    }
  },
  "details": {
    "DNSDialup": {
      "average": 0.00128258436,
      "fastest": 0.000067201,
      "slowest": 0.00277154
    },
    "DNSLookup": {
      "average": 0.000004228120000000002,
      "fastest": 0.000003,
      "slowest": 0.000033101
    }
  },
  "statusCodeDistribution": {
    "200": 200091
  },
  "errorDistribution": {}
}