{
  "summary": {
    "successRate": 1,
    "total": 10.002170301,
    "slowest": 0.016170277,
    "fastest": 0.000610599,
    "average": 0.0024709278312975793,
    "requestsPerSec": 20209.313970568037,
    "totalData": 2627781,
    "sizePerRequest": 13,
    "sizePerSec": 262721.0816173845
  },
  "responseTimeHistogram": {
    "0.000610599": 1,
    "0.0021665668": 2225,
    "0.0037225345999999998": 193540,
    "0.005278502399999999": 4620,
    "0.0068344702": 985,
    "0.008390438": 652,
    "0.009946405799999999": 37,
    "0.011502373599999999": 17,
    "0.0130583414": 27,
    "0.0146143092": 8,
    "0.016170277": 25
  },
  "latencyPercentiles": {
    "p10": 0.002278997,
    "p25": 0.002300097,
    "p50": 0.002327397,
    "p75": 0.002368497,
    "p90": 0.002629896,
    "p95": 0.003573095,
    "p99": 0.004523993
  },
  "rps": {
    "mean": 20237.30196506112,
    "stddev": 2893.0636795051455,
    "max": 24159.929950848556,
    "percentiles": {
      "p10": 17031.36325543448,
      "p25": 18639.17021620927,
      "p50": 21559.188542327916,
      "p75": 21896.964708442538,
      "p90": 22288.592698254353,
      "p95": 22440.651239721326,
      "p99": 22705.19057397742
    }
  },
  "details": {
    "DNSDialup": {
      "average": 0.0012860121400000003,
      "fastest": 0.0000663,
      "slowest": 0.002793496
    },
    "DNSLookup": {
      "average": 0.00000440798,
      "fastest": 0.0000031,
      "slowest": 0.0000375
    }
  },
  "statusCodeDistribution": {
    "200": 202137
  },
  "errorDistribution": {}
}