{
  "summary": {
    "successRate": 1,
    "total": 10.001322061,
    "slowest": 0.01748619,
    "fastest": 0.000451718,
    "average": 0.002915760411785989,
    "requestsPerSec": 17123.13621694099,
    "totalData": 2226302,
    "sizePerRequest": 13,
    "sizePerSec": 222600.77082023286
  },
  "responseTimeHistogram": {
    "0.000451718": 1,
    "0.0021551651999999998": 270,
    "0.0038586123999999997": 158874,
    "0.0055620596000000005": 10928,
    "0.0072655068": 292,
    "0.008968954": 601,
    "0.0106724012": 141,
    "0.0123758484": 59,
    "0.0140792956": 55,
    "0.0157827428": 29,
    "0.01748619": 4
  },
  "latencyPercentiles": {
    "p10": 0.002688206,
    "p25": 0.002716407,
    "p50": 0.002746308,
    "p75": 0.002786911,
    "p90": 0.003265929,
    "p95": 0.004242867,
    "p99": 0.004862395
  },
  "rps": {
    "mean": 17152.32555028621,
    "stddev": 2412.376948554897,
    "max": 20686.161010786614,
    "percentiles": {
      "p10": 14367.086294942246,
      "p25": 16419.893905592417,
      "p50": 17344.053896898797,
      "p75": 19135.621283351826,
      "p90": 19453.69979131192,
      "p95": 19626.197994429815,
      "p99": 20241.495351712852
    }
  },
  "details": {
    "DNSDialup": {
      "average": 0.0010132219199999997,
      "fastest": 0.000039401,
      "slowest": 0.001410956
    },
    "DNSLookup": {
      "average": 0.00000644028,
      "fastest": 0.000004,
      "slowest": 0.000042301
    }
  },
  "statusCodeDistribution": {
    "200": 171254
  },
  "errorDistribution": {}
}