{
  "summary": {
    "successRate": 1,
    "total": 10.001708615,
    "slowest": 0.016834918,
    "fastest": 0.000406506,
    "average": 0.0028203905120552097,
    "requestsPerSec": 17703.07522601227,
    "totalData": 2301793,
    "sizePerRequest": 13,
    "sizePerSec": 230139.9779381595
  },
  "responseTimeHistogram": {
    "0.000406506": 1,
    "0.0020493472": 560,
    "0.0036921884": 164367,
    "0.0053350296": 10179,
    "0.0069778708": 841,
    "0.008620711999999999": 945,
    "0.010263553199999999": 118,
    "0.011906394399999999": 7,
    "0.013549235599999999": 8,
    "0.015192076799999999": 8,
    "0.016834918": 27
  },
  "latencyPercentiles": {
    "p10": 0.002586236,
    "p25": 0.002630437,
    "p50": 0.002667437,
    "p75": 0.002713738,
    "p90": 0.003185541,
    "p95": 0.004062757,
    "p99": 0.006005778
  },
  "rps": {
    "mean": 17719.34008208916,
    "stddev": 2420.890468428097,
    "max": 21507.942828137944,
    "percentiles": {
      "p10": 15700.996092127974,
      "p25": 16820.03823143717,
      "p50": 18047.39426207186,
      "p75": 19031.15399909648,
      "p90": 20208.084636903295,
      "p95": 20439.981845870316,
      "p99": 20889.118063705937
    }
  },
  "details": {
    "DNSDialup": {
      "average": 0.0016014187599999999,
      "fastest": 0.000074501,
      "slowest": 0.003419545
    },
    "DNSLookup": {
      "average": 0.000005144020000000001,
      "fastest": 0.0000037,
      "slowest": 0.000043701
    }
  },
  "statusCodeDistribution": {
    "200": 177061
  },
  "errorDistribution": {}
}