{
  "summary": {
    "successRate": 1,
    "total": 10.002073223,
    "slowest": 0.022142978,
    "fastest": 0.001216397,
    "average": 0.0026971465848616774,
    "requestsPerSec": 18513.36176725768,
    "totalData": 2407236,
    "sizePerRequest": 13,
    "sizePerSec": 240673.70297434984
  },
  "responseTimeHistogram": {
    "0.001216397": 1,
    "0.0033090550999999996": 157017,
    "0.0054017132": 25193,
    "0.007494371299999999": 2072,
    "0.009587029399999999": 538,
    "0.011679687499999999": 84,
    "0.013772345599999998": 110,
    "0.015865003699999998": 74,
    "0.0179576618": 53,
    "0.0200503199": 0,
    "0.022142978": 30
  },
  "latencyPercentiles": {
    "p10": 0.002298895,
    "p25": 0.002320695,
    "p50": 0.002350695,
    "p75": 0.002403495,
    "p90": 0.004383296,
    "p95": 0.004478595,
    "p99": 0.006577093
  },
  "rps": {
    "mean": 18551.934135064188,
    "stddev": 4521.725916669837,
    "max": 23914.884534454857,
    "percentiles": {
      "p10": 11253.473563155558,
      "p25": 17111.64447406411,
      "p50": 21270.116365941554,
      "p75": 21704.594567656226,
      "p90": 22019.648132027196,
      "p95": 22128.776260649167,
      "p99": 22428.75815370409
    }
  },
  "details": {
    "DNSDialup": {
      "average": 0.0012644791000000005,
      "fastest": 0.0000643,
      "slowest": 0.002736294
    },
    "DNSLookup": {
      "average": 0.000004191999999999999,
      "fastest": 0.0000029,
      "slowest": 0.0000345
    }
  },
  "statusCodeDistribution": {
    "200": 185172
  },
  "errorDistribution": {}
}