{
  "summary": {
    "successRate": 1,
    "total": 10.001987821,
    "slowest": 0.026618156,
    "fastest": 0.000970909,
    "average": 0.005070235255404432,
    "requestsPerSec": 9846.34272331614,
    "totalData": 1280279,
    "sizePerRequest": 13,
    "sizePerSec": 128002.45540310981
  },
  "responseTimeHistogram": {
    "0.000970909": 1,
    "0.0035356337000000005": 793,
    "0.0061003584": 85187,
    "0.008665083100000002": 9469,
    "0.011229807800000002": 2283,
    "0.013794532500000001": 550,
    "0.0163592572": 124,
    "0.0189239819": 34,
    "0.0214887066": 9,
    "0.0240534313": 7,
    "0.026618156": 26
  },
  "latencyPercentiles": {
    "p10": 0.004266441,
    "p25": 0.004446442,
    "p50": 0.004680344,
    "p75": 0.005045847,
    "p90": 0.006485062,
    "p95": 0.007517872,
    "p99": 0.010701102
  },
  "rps": {
    "mean": 9873.501878799721,
    "stddev": 1907.039622723021,
    "max": 13987.289076208765,
    "percentiles": {
      "p10": 7311.207683563165,
      "p25": 9127.232547925954,
      "p50": 10522.101674568376,
      "p75": 11100.449568207481,
      "p90": 11533.161975208479,
      "p95": 11857.275383009155,
      "p99": 12223.01695248189
    }
  },
  "details": {
    "DNSDialup": {
      "average": 0.0021143723,
      "fastest": 0.000127502,
      "slowest": 0.002493524
    },
    "DNSLookup": {
      "average": 0.0000076081399999999995,
      "fastest": 0.0000051,
      "slowest": 0.000065101
    }
  },
  "statusCodeDistribution": {
    "200": 98483
  },
  "errorDistribution": {}
}