{
  "summary": {
    "successRate": 1,
    "total": 10.001455221,
    "slowest": 0.019081556,
    "fastest": 0.000581011,
    "average": 0.0030354473205800314,
    "requestsPerSec": 16450.906029607668,
    "totalData": 2138929,
    "sizePerRequest": 13,
    "sizePerSec": 213861.7783848997
  },
  "responseTimeHistogram": {
    "0.000581011": 1,
    "0.0024310655000000002": 5475,
    "0.00428112": 143471,
    "0.0061311745": 11179,
    "0.007981229": 3408,
    "0.0098312835": 872,
    "0.011681338": 27,
    "0.0135313925": 8,
    "0.015381447": 49,
    "0.0172315015": 15,
    "0.019081556": 28
  },
  "latencyPercentiles": {
    "p10": 0.002632399,
    "p25": 0.002679249,
    "p50": 0.002723002,
    "p75": 0.002805505,
    "p90": 0.004166157,
    "p95": 0.004878291,
    "p99": 0.007419738
  },
  "rps": {
    "mean": 16501.64609754195,
    "stddev": 3039.224220406788,
    "max": 20825.23756627685,
    "percentiles": {
      "p10": 13207.150351200104,
      "p25": 15200.021280029852,
      "p50": 17317.878978257148,
      "p75": 18369.54709449414,
      "p90": 19578.116071308235,
      "p95": 19949.779483688435,
      "p99": 20630.213889825674
    }
  },
  "details": {
    "DNSDialup": {
      "average": 0.0015881196000000002,
      "fastest": 0.000071402,
      "slowest": 0.003385364
    },
    "DNSLookup": {
      "average": 0.0000050401,
      "fastest": 0.0000038,
      "slowest": 0.000033401
    }
  },
  "statusCodeDistribution": {
    "200": 164533
  },
  "errorDistribution": {}
}