{
  "summary": {
    "successRate": 1,
    "total": 10.002496208,
    "slowest": 0.016577652,
    "fastest": 0.001187013,
    "average": 0.003315113575118772,
    "requestsPerSec": 15063.03995191677,
    "totalData": 1958684,
    "sizePerRequest": 13,
    "sizePerSec": 195819.51937491802
  },
  "responseTimeHistogram": {
    "0.001187013": 1,
    "0.0027260769": 98900,
    "0.004265140799999999": 20199,
    "0.005804204699999998": 26971,
    "0.0073432685999999985": 3466,
    "0.0088823325": 830,
    "0.010421396399999998": 180,
    "0.011960460299999998": 78,
    "0.013499524199999998": 10,
    "0.015038588099999998": 7,
    "0.016577652": 26
  },
  "latencyPercentiles": {
    "p10": 0.002565239,
    "p25": 0.00262274,
    "p50": 0.00267093,
    "p75": 0.003503753,
    "p90": 0.005337857,
    "p95": 0.005404661,
    "p99": 0.007199678
  },
  "rps": {
    "mean": 15099.293017465128,
    "stddev": 4609.217302782799,
    "max": 21704.805082098937,
    "percentiles": {
      "p10": 9106.363526832733,
      "p25": 9310.601982476639,
      "p50": 17265.30329041106,
      "p75": 18540.507300349873,
      "p90": 20128.521145711176,
      "p95": 20524.292002626717,
      "p99": 21041.642843340316
    }
  },
  "details": {
    "DNSDialup": {
      "average": 0.0015802359999999998,
      "fastest": 0.000085101,
      "slowest": 0.00332705
    },
    "DNSLookup": {
      "average": 0.00000505404,
      "fastest": 0.0000038,
      "slowest": 0.0000353
    }
  },
  "statusCodeDistribution": {
    "200": 150668
  },
  "errorDistribution": {}
}