{
  "summary": {
    "successRate": 1,
    "total": 10.001737786,
    "slowest": 0.030163003,
    "fastest": 0.000432143,
    "average": 0.004201845402668561,
    "requestsPerSec": 11884.134791693688,
    "totalData": 1545206,
    "sizePerRequest": 13,
    "sizePerSec": 154493.75229201795
  },
  "responseTimeHistogram": {
    "0.000432143": 1,
    "0.003405229": 71239,
    "0.006378315000000001": 40266,
    "0.009351401": 6716,
    "0.012324487": 492,
    "0.015297573": 46,
    "0.018270659": 55,
    "0.021243745": 16,
    "0.024216831": 18,
    "0.027189917": 1,
    "0.030163003": 12
  },
  "latencyPercentiles": {
    "p10": 0.002939492,
    "p25": 0.003023699,
    "p50": 0.003104708,
    "p75": 0.005969954,
    "p90": 0.006203876,
    "p95": 0.006980648,
    "p99": 0.008751767
  },
  "rps": {
    "mean": 11950.113419470581,
    "stddev": 4199.981216958775,
    "max": 19578.478466315726,
    "percentiles": {
      "p10": 7434.954359328308,
      "p25": 7919.698666493058,
      "p50": 11503.922837687556,
      "p75": 16387.51983299578,
      "p90": 16983.241660676023,
      "p95": 17340.596069456893,
      "p99": 18032.478296660272
    }
  },
  "details": {
    "DNSDialup": {
      "average": 0.0019990436799999997,
      "fastest": 0.000081207,
      "slowest": 0.004284699
    },
    "DNSLookup": {
      "average": 0.00000640254,
      "fastest": 0.000005,
      "slowest": 0.000038804
    }
  },
  "statusCodeDistribution": {
    "200": 118862
  },
  "errorDistribution": {}
}