{
  "summary": {
    "successRate": 1,
    "total": 10.001500064,
    "slowest": 0.015889784,
    "fastest": 0.000618999,
    "average": 0.002687757185566185,
    "requestsPerSec": 18581.412669178582,
    "totalData": 2415946,
    "sizePerRequest": 13,
    "sizePerSec": 241558.36469932157
  },
  "responseTimeHistogram": {
    "0.000618999": 1,
    "0.0021460775": 1465,
    "0.003673156": 153249,
    "0.0052002345": 28242,
    "0.006727313": 2047,
    "0.0082543915": 761,
    "0.00978147": 12,
    "0.0113085485": 13,
    "0.012835627": 13,
    "0.014362705500000001": 14,
    "0.015889784": 25
  },
  "latencyPercentiles": {
    "p10": 0.002195598,
    "p25": 0.002216894,
    "p50": 0.002270794,
    "p75": 0.002513397,
    "p90": 0.004268789,
    "p95": 0.004300589,
    "p99": 0.005532986
  },
  "rps": {
    "mean": 18635.62873869769,
    "stddev": 4714.88897053691,
    "max": 24455.53852799674,
    "percentiles": {
      "p10": 10902.863091847794,
      "p25": 14350.263231996609,
      "p50": 20611.769320281273,
      "p75": 22149.60911686503,
      "p90": 23110.691005657547,
      "p95": 23943.841173188535,
      "p99": 24278.26559294364
    }
  },
  "details": {
    "DNSDialup": {
      "average": 0.0012461707400000003,
      "fastest": 0.0000657,
      "slowest": 0.001444799
    },
    "DNSLookup": {
      "average": 0.000004016,
      "fastest": 0.000003,
      "slowest": 0.0000338
    }
  },
  "statusCodeDistribution": {
    "200": 185842
  },
  "errorDistribution": {}
}