{
  "summary": {
    "successRate": 1,
    "total": 10.001375175,
    "slowest": 0.016344748,
    "fastest": 0.000519311,
    "average": 0.0028681859378323665,
    "requestsPerSec": 17411.80557202725,
    "totalData": 2263846,
    "sizePerRequest": 13,
    "sizePerSec": 226353.47243635423
  },
  "responseTimeHistogram": {
    "0.000519311": 1,
    "0.0021018547": 729,
    "0.0036843983999999995": 157769,
    "0.0052669421": 10169,
    "0.006849485799999999": 3979,
    "0.008432029499999999": 1045,
    "0.0100145732": 382,
    "0.0115971169": 23,
    "0.013179660599999999": 8,
    "0.014762204299999998": 6,
    "0.016344748": 31
  },
  "latencyPercentiles": {
    "p10": 0.002568954,
    "p25": 0.002610756,
    "p50": 0.002652328,
    "p75": 0.002699126,
    "p90": 0.003530375,
    "p95": 0.004121587,
    "p99": 0.006719643
  },
  "rps": {
    "mean": 17441.53323236492,
    "stddev": 3060.1522542285134,
    "max": 21740.28607536186,
    "percentiles": {
      "p10": 15234.632890950981,
      "p25": 16716.361975101325,
      "p50": 18108.126927363923,
      "p75": 18992.41318584262,
      "p90": 20406.28150692072,
      "p95": 20677.227070670342,
      "p99": 21118.650659013492
    }
  },
  "details": {
    "DNSDialup": {
      "average": 0.00117443894,
      "fastest": 0.0000411,
      "slowest": 0.001557133
    },
    "DNSLookup": {
      "average": 0.000005512059999999999,
      "fastest": 0.0000034,
      "slowest": 0.000039401
    }
  },
  "statusCodeDistribution": {
    "200": 174142
  },
  "errorDistribution": {}
}