{
  "summary": {
    "successRate": 1,
    "total": 10.001443065,
    "slowest": 0.016102804,
    "fastest": 0.0006213,
    "average": 0.0024856198417063883,
    "requestsPerSec": 20093.30040614494,
    "totalData": 2612506,
    "sizePerRequest": 13,
    "sizePerSec": 261212.90527988423
  },
  "responseTimeHistogram": {
    "0.0006213": 1,
    "0.0021694504": 934,
    "0.0037176007999999996": 195263,
    "0.005265751199999999": 3355,
    "0.006813901599999999": 1089,
    "0.008362051999999998": 193,
    "0.009910202399999998": 32,
    "0.011458352799999998": 23,
    "0.013006503199999998": 20,
    "0.014554653599999998": 27,
    "0.016102804": 25
  },
  "latencyPercentiles": {
    "p10": 0.002304298,
    "p25": 0.0023246,
    "p50": 0.002349898,
    "p75": 0.002388201,
    "p90": 0.0026934,
    "p95": 0.0035692,
    "p99": 0.004267201
  },
  "rps": {
    "mean": 20099.75719615046,
    "stddev": 2692.6923029321983,
    "max": 22706.721042255227,
    "percentiles": {
      "p10": 17251.578770207103,
      "p25": 18438.183634487737,
      "p50": 21357.271702513008,
      "p75": 21666.14379039654,
      "p90": 21966.358171398868,
      "p95": 22083.935051765973,
      "p99": 22305.000801365484
    }
  },
  "details": {
    "DNSDialup": {
      "average": 0.0012611759999999997,
      "fastest": 0.0000632,
      "slowest": 0.0014728
    },
    "DNSLookup": {
      "average": 0.0000039780000000000016,
      "fastest": 0.0000029,
      "slowest": 0.0000339
    }
  },
  "statusCodeDistribution": {
    "200": 200962
  },
  "errorDistribution": {}
}