{
  "summary": {
    "successRate": 1,
    "total": 10.001950642,
    "slowest": 0.016872898,
    "fastest": 0.0000635,
    "average": 0.0009405446241378453,
    "requestsPerSec": 53038.354115885064,
    "totalData": 6896331,
    "sizePerRequest": 13,
    "sizePerSec": 689498.6035065058
  },
  "responseTimeHistogram": {
    "0.0000635": 1,
    "0.0017444398": 518239,
    "0.0034253796000000003": 4921,
    "0.005106319400000001": 4294,
    "0.0067872592": 2003,
    "0.008468199": 533,
    "0.0101491388": 336,
    "0.0118300786": 69,
    "0.0135110184": 85,
    "0.0151919582": 2,
    "0.016872898": 4
  },
  "latencyPercentiles": {
    "p10": 0.000745808,
    "p25": 0.000794609,
    "p50": 0.00086261,
    "p75": 0.000933311,
    "p90": 0.000982411,
    "p95": 0.001089913,
    "p99": 0.004415151
  },
  "rps": {
    "mean": 53010.38205425807,
    "stddev": 10162.631939304052,
    "max": 61160.75235799084,
    "percentiles": {
      "p10": 34558.83519188165,
      "p25": 52391.84036617152,
      "p50": 57836.9115169315,
      "p75": 59117.68522227747,
      "p90": 59656.359114667466,
      "p95": 59907.738076159265,
      "p99": 60543.08456439508
    }
  },
  "details": {
    "DNSDialup": {
      "average": 0.0015188218399999997,
      "fastest": 0.000074601,
      "slowest": 0.001816022
    },
    "DNSLookup": {
      "average": 0.0000048300199999999975,
      "fastest": 0.0000036,
      "slowest": 0.000037101
    }
  },
  "statusCodeDistribution": {
    "200": 530487
  },
  "errorDistribution": {}
}