{
  "summary": {
    "successRate": 1,
    "total": 10.002020065,
    "slowest": 0.01687217,
    "fastest": 0.0000384,
    "average": 0.0008905604473181033,
    "requestsPerSec": 56033.58085244953,
    "totalData": 7285837,
    "sizePerRequest": 13,
    "sizePerSec": 728436.5510818439
  },
  "responseTimeHistogram": {
    "0.0000384": 2,
    "0.0017217769999999999": 542248,
    "0.0034051539999999996": 12817,
    "0.0050885309999999994": 3581,
    "0.006771907999999999": 459,
    "0.008455284999999998": 853,
    "0.010138661999999998": 418,
    "0.011822038999999998": 18,
    "0.013505415999999998": 50,
    "0.015188792999999997": 2,
    "0.01687217": 1
  },
  "latencyPercentiles": {
    "p10": 0.000680098,
    "p25": 0.000714699,
    "p50": 0.000778999,
    "p75": 0.000844998,
    "p90": 0.001133198,
    "p95": 0.001442198,
    "p99": 0.003345094
  },
  "rps": {
    "mean": 55940.02710161647,
    "stddev": 13407.54446180847,
    "max": 69910.49344435825,
    "percentiles": {
      "p10": 34305.2040994636,
      "p25": 48705.6474198164,
      "p50": 63513.519750697924,
      "p75": 65802.08592613421,
      "p90": 66510.75478904275,
      "p95": 66808.04153898967,
      "p99": 67300.4772132482
    }
  },
  "details": {
    "DNSDialup": {
      "average": 0.0011771158799999998,
      "fastest": 0.000071899,
      "slowest": 0.002440895
    },
    "DNSLookup": {
      "average": 0.000005965979999999998,
      "fastest": 0.0000031,
      "slowest": 0.0000502
    }
  },
  "statusCodeDistribution": {
    "200": 560449
  },
  "errorDistribution": {}
}