{
  "summary": {
    "successRate": 1,
    "total": 10.002040666,
    "slowest": 0.016230517,
    "fastest": 0.000045901,
    "average": 0.00102496563534202,
    "requestsPerSec": 48682.2655755837,
    "totalData": 6329986,
    "sizePerRequest": 13,
    "sizePerSec": 632869.4524825881
  },
  "responseTimeHistogram": {
    "0.000045901": 1,
    "0.0016643626": 465851,
    "0.0032828242": 14232,
    "0.004901285799999999": 2166,
    "0.0065197473999999995": 3063,
    "0.008138208999999999": 604,
    "0.009756670599999998": 478,
    "0.011375132199999999": 450,
    "0.012993593799999998": 67,
    "0.014612055399999997": 6,
    "0.016230517": 4
  },
  "latencyPercentiles": {
    "p10": 0.00080891,
    "p25": 0.00085591,
    "p50": 0.000902411,
    "p75": 0.000963911,
    "p90": 0.001075913,
    "p95": 0.001529018,
    "p99": 0.004716956
  },
  "rps": {
    "mean": 48582.937395770794,
    "stddev": 12033.318934107589,
    "max": 59484.45598804784,
    "percentiles": {
      "p10": 28107.251670932565,
      "p25": 46925.833655974806,
      "p50": 54455.63420255418,
      "p75": 56005.17772376391,
      "p90": 56796.8324750109,
      "p95": 57193.91597210719,
      "p99": 57812.60314748524
    }
  },
  "details": {
    "DNSDialup": {
      "average": 0.0017717572400000007,
      "fastest": 0.000119802,
      "slowest": 0.002807134
    },
    "DNSLookup": {
      "average": 0.0000081921,
      "fastest": 0.0000034,
      "slowest": 0.000039701
    }
  },
  "statusCodeDistribution": {
    "200": 486922
  },
  "errorDistribution": {}
}