{
  "summary": {
    "successRate": 1,
    "total": 10.00147283,
    "slowest": 0.016504974,
    "fastest": 0.000057606,
    "average": 0.0010536095797378958,
    "requestsPerSec": 47347.5265142524,
    "totalData": 6156085,
    "sizePerRequest": 13,
    "sizePerSec": 615517.8446852812
  },
  "responseTimeHistogram": {
    "0.000057606": 1,
    "0.0017023427999999998": 461055,
    "0.0033470795999999995": 8789,
    "0.0049918164": 2404,
    "0.006636553199999999": 350,
    "0.008281289999999998": 532,
    "0.0099260268": 340,
    "0.011570763599999999": 8,
    "0.013215500399999998": 60,
    "0.014860237199999998": 3,
    "0.016504974": 3
  },
  "latencyPercentiles": {
    "p10": 0.000860982,
    "p25": 0.000925988,
    "p50": 0.000985394,
    "p75": 0.0010471,
    "p90": 0.001166411,
    "p95": 0.001349229,
    "p99": 0.003193105
  },
  "rps": {
    "mean": 47293.527986686415,
    "stddev": 8387.779226660376,
    "max": 57419.21821233586,
    "percentiles": {
      "p10": 38728.06622959694,
      "p25": 47251.25816485224,
      "p50": 49931.17567441888,
      "p75": 51265.30306991817,
      "p90": 52705.51826776159,
      "p95": 53689.38208329166,
      "p99": 55874.62939091441
    }
  },
  "details": {
    "DNSDialup": {
      "average": 0.00145135848,
      "fastest": 0.000087308,
      "slowest": 0.002493938
    },
    "DNSLookup": {
      "average": 0.000008078739999999999,
      "fastest": 0.000003701,
      "slowest": 0.000034903
    }
  },
  "statusCodeDistribution": {
    "200": 473545
  },
  "errorDistribution": {}
}