{
  "summary": {
    "successRate": 1,
    "total": 10.00224788,
    "slowest": 0.016250109,
    "fastest": 0.000064301,
    "average": 0.0016326568644659024,
    "requestsPerSec": 30552.232224822645,
    "totalData": 3972683,
    "sizePerRequest": 13,
    "sizePerSec": 397179.0189226944
  },
  "responseTimeHistogram": {
    "0.000064301": 1,
    "0.0016828818": 225933,
    "0.0033014626": 70193,
    "0.0049200434": 6153,
    "0.0065386242": 2519,
    "0.008157204999999999": 554,
    "0.009775785799999999": 169,
    "0.011394366599999999": 42,
    "0.013012947399999999": 20,
    "0.014631528199999999": 6,
    "0.016250109": 1
  },
  "latencyPercentiles": {
    "p10": 0.001182008,
    "p25": 0.001296311,
    "p50": 0.001448709,
    "p75": 0.001700612,
    "p90": 0.002198418,
    "p95": 0.002727118,
    "p99": 0.005005443
  },
  "rps": {
    "mean": 30528.509436159242,
    "stddev": 6710.908130158501,
    "max": 40940.455577743494,
    "percentiles": {
      "p10": 21546.57507668575,
      "p25": 27454.447660601083,
      "p50": 32117.712918674657,
      "p75": 35287.49303675287,
      "p90": 37259.89712251153,
      "p95": 38077.11187819144,
      "p99": 39812.07500234922
    }
  },
  "details": {
    "DNSDialup": {
      "average": 0.004084134339999999,
      "fastest": 0.000236002,
      "slowest": 0.005594647
    },
    "DNSLookup": {
      "average": 0.000009666080000000002,
      "fastest": 0.0000069,
      "slowest": 0.000048201
    }
  },
  "statusCodeDistribution": {
    "200": 305591
  },
  "errorDistribution": {}
}