{
  "summary": {
    "successRate": 1,
    "total": 10.002153255,
    "slowest": 0.016066632,
    "fastest": 0.0000384,
    "average": 0.0009442782279943867,
    "requestsPerSec": 52847.82051662335,
    "totalData": 6871696,
    "sizePerRequest": 13,
    "sizePerSec": 687021.6667161036
  },
  "responseTimeHistogram": {
    "0.0000384": 1,
    "0.0016412232": 505640,
    "0.0032440464": 16949,
    "0.0048468696": 3859,
    "0.0064496928": 887,
    "0.008052516": 395,
    "0.0096553392": 750,
    "0.011258162399999999": 16,
    "0.0128609856": 87,
    "0.0144638088": 6,
    "0.016066632": 2
  },
  "latencyPercentiles": {
    "p10": 0.000704397,
    "p25": 0.000751797,
    "p50": 0.000792996,
    "p75": 0.000871796,
    "p90": 0.001333894,
    "p95": 0.001579093,
    "p99": 0.003613085
  },
  "rps": {
    "mean": 52785.655370608765,
    "stddev": 14175.420107358168,
    "max": 67805.41708193763,
    "percentiles": {
      "p10": 31639.68248977761,
      "p25": 44900.193070831185,
      "p50": 60491.27804639227,
      "p75": 64014.10798698378,
      "p90": 64917.12347417202,
      "p95": 65410.82556174698,
      "p99": 66076.51037295534
    }
  },
  "details": {
    "DNSDialup": {
      "average": 0.00149525908,
      "fastest": 0.0001314,
      "slowest": 0.002398489
    },
    "DNSLookup": {
      "average": 0.000005861980000000002,
      "fastest": 0.0000031,
      "slowest": 0.0000304
    }
  },
  "statusCodeDistribution": {
    "200": 528592
  },
  "errorDistribution": {}
}