{
  "summary": {
    "successRate": 1,
    "total": 10.001671696,
    "slowest": 0.016733808,
    "fastest": 0.000042701,
    "average": 0.0008931502254623298,
    "requestsPerSec": 55880.25851953539,
    "totalData": 7265648,
    "sizePerRequest": 13,
    "sizePerSec": 726443.3607539601
  },
  "responseTimeHistogram": {
    "0.000042701": 1,
    "0.0017118117": 546332,
    "0.0033809224": 9815,
    "0.005050033099999999": 1441,
    "0.0067191438": 240,
    "0.0083882545": 511,
    "0.010057365199999998": 481,
    "0.011726475899999998": 12,
    "0.013395586599999999": 56,
    "0.015064697299999999": 1,
    "0.016733808": 6
  },
  "latencyPercentiles": {
    "p10": 0.000631611,
    "p25": 0.000742113,
    "p50": 0.000878616,
    "p75": 0.000940317,
    "p90": 0.000973118,
    "p95": 0.00107762,
    "p99": 0.002926354
  },
  "rps": {
    "mean": 55862.09380644724,
    "stddev": 10437.50687999638,
    "max": 62348.49541152145,
    "percentiles": {
      "p10": 49382.56458073902,
      "p25": 57075.43660455771,
      "p50": 59425.64810972578,
      "p75": 60521.89076788639,
      "p90": 61022.06557891386,
      "p95": 61250.16703451951,
      "p99": 61884.52107649331
    }
  },
  "details": {
    "DNSDialup": {
      "average": 0.00142809428,
      "fastest": 0.000145803,
      "slowest": 0.001590329
    },
    "DNSLookup": {
      "average": 0.000008438199999999997,
      "fastest": 0.0000039,
      "slowest": 0.000066501
    }
  },
  "statusCodeDistribution": {
    "200": 558896
  },
  "errorDistribution": {}
}