{
  "summary": {
    "successRate": 1,
    "total": 10.00148997,
    "slowest": 0.02412489,
    "fastest": 0.0000386,
    "average": 0.000920373029597123,
    "requestsPerSec": 54216.82185619389,
    "totalData": 7049237,
    "sizePerRequest": 13,
    "sizePerSec": 704818.6841305207
  },
  "responseTimeHistogram": {
    "0.0000386": 1,
    "0.002447229": 532566,
    "0.004855857999999999": 7548,
    "0.007264486999999999": 1088,
    "0.009673115999999999": 974,
    "0.012081744999999998": 29,
    "0.014490373999999999": 34,
    "0.016899003": 7,
    "0.019307631999999998": 1,
    "0.021716260999999997": 0,
    "0.024124889999999996": 1
  },
  "latencyPercentiles": {
    "p10": 0.000686799,
    "p25": 0.0007346,
    "p50": 0.0007868,
    "p75": 0.0008602,
    "p90": 0.001209999,
    "p95": 0.001505799,
    "p99": 0.003626098
  },
  "rps": {
    "mean": 54164.645575884126,
    "stddev": 13447.04281554749,
    "max": 68924.72216414424,
    "percentiles": {
      "p10": 33442.963082201706,
      "p25": 47321.31351960848,
      "p50": 60440.97086563686,
      "p75": 65018.359421491325,
      "p90": 65863.15633189773,
      "p95": 66250.4149420862,
      "p99": 66750.88369750966
    }
  },
  "details": {
    "DNSDialup": {
      "average": 0.0011767811600000002,
      "fastest": 0.0000764,
      "slowest": 0.001958798
    },
    "DNSLookup": {
      "average": 0.0000055760000000000005,
      "fastest": 0.000003,
      "slowest": 0.0000353
    }
  },
  "statusCodeDistribution": {
    "200": 542249
  },
  "errorDistribution": {}
}