{
  "summary": {
    "successRate": 1,
    "total": 10.002175634,
    "slowest": 0.016576016,
    "fastest": 0.000072401,
    "average": 0.0021589287619450666,
    "requestsPerSec": 23123.66913592231,
    "totalData": 3006731,
    "sizePerRequest": 13,
    "sizePerSec": 300607.69876699004
  },
  "responseTimeHistogram": {
    "0.000072401": 1,
    "0.0017227624999999998": 98136,
    "0.003373124": 113170,
    "0.005023485499999999": 11949,
    "0.006673846999999999": 5209,
    "0.0083242085": 1809,
    "0.009974569999999999": 456,
    "0.0116249315": 310,
    "0.013275292999999999": 175,
    "0.014925654499999998": 49,
    "0.016576016": 23
  },
  "latencyPercentiles": {
    "p10": 0.00133911,
    "p25": 0.001530211,
    "p50": 0.001835512,
    "p75": 0.002392817,
    "p90": 0.003170022,
    "p95": 0.004320231,
    "p99": 0.00694485
  },
  "rps": {
    "mean": 23148.86379712915,
    "stddev": 7392.935599008786,
    "max": 41029.64183501676,
    "percentiles": {
      "p10": 11609.203776754512,
      "p25": 19023.20112107365,
      "p50": 24344.9662916241,
      "p75": 28880.360452382374,
      "p90": 31694.230115556285,
      "p95": 33071.53704177308,
      "p99": 35809.4214587837
    }
  },
  "details": {
    "DNSDialup": {
      "average": 0.003173508900000001,
      "fastest": 0.000096401,
      "slowest": 0.003606926
    },
    "DNSLookup": {
      "average": 0.000007544019999999999,
      "fastest": 0.0000055,
      "slowest": 0.000040001
    }
  },
  "statusCodeDistribution": {
    "200": 231287
  },
  "errorDistribution": {}
}