{
  "summary": {
    "successRate": 1,
    "total": 10.001889848,
    "slowest": 0.016958843,
    "fastest": 0.0000457,
    "average": 0.0009258314374474936,
    "requestsPerSec": 53908.51211062048,
    "totalData": 7009431,
    "sizePerRequest": 13,
    "sizePerSec": 700810.6574380662
  },
  "responseTimeHistogram": {
    "0.0000457": 1,
    "0.0017370143000000004": 527150,
    "0.0034283286000000007": 9802,
    "0.005119642900000001": 1135,
    "0.006810957200000001": 136,
    "0.0085022715": 480,
    "0.010193585800000002": 403,
    "0.011884900100000002": 10,
    "0.013576214400000002": 67,
    "0.015267528700000001": 0,
    "0.016958843": 3
  },
  "latencyPercentiles": {
    "p10": 0.000645405,
    "p25": 0.000776507,
    "p50": 0.000904408,
    "p75": 0.000960008,
    "p90": 0.001067809,
    "p95": 0.001363312,
    "p99": 0.002722724
  },
  "rps": {
    "mean": 53857.62082657728,
    "stddev": 9843.498356406913,
    "max": 61468.91800519322,
    "percentiles": {
      "p10": 41590.16566210945,
      "p25": 54309.727876137826,
      "p50": 58108.80929549161,
      "p75": 59148.004520470415,
      "p90": 59766.85111826641,
      "p95": 60125.34884706854,
      "p99": 60641.28977918298
    }
  },
  "details": {
    "DNSDialup": {
      "average": 0.0013431338400000002,
      "fastest": 0.000077101,
      "slowest": 0.002648323
    },
    "DNSLookup": {
      "average": 0.000007580020000000002,
      "fastest": 0.0000035,
      "slowest": 0.0000295
    }
  },
  "statusCodeDistribution": {
    "200": 539187
  },
  "errorDistribution": {}
}