{
  "summary": {
    "successRate": 1,
    "total": 10.000995679,
    "slowest": 0.013803926,
    "fastest": 0.0000383,
    "average": 0.000974521478358565,
    "requestsPerSec": 51220.70006245825,
    "totalData": 6659354,
    "sizePerRequest": 13,
    "sizePerSec": 665869.1008119573
  },
  "responseTimeHistogram": {
    "0.0000383": 1,
    "0.0014148626": 470326,
    "0.0027914252": 34518,
    "0.0041679878": 4897,
    "0.0055445504": 1156,
    "0.006921113": 472,
    "0.0082976756": 588,
    "0.0096742382": 234,
    "0.0110508008": 34,
    "0.0124273634": 19,
    "0.013803926": 13
  },
  "latencyPercentiles": {
    "p10": 0.000664397,
    "p25": 0.000723896,
    "p50": 0.000822195,
    "p75": 0.001079795,
    "p90": 0.001343492,
    "p95": 0.001615191,
    "p99": 0.003447981
  },
  "rps": {
    "mean": 51208.82118386565,
    "stddev": 13361.191882834433,
    "max": 71732.66705658061,
    "percentiles": {
      "p10": 32560.092907469454,
      "p25": 46674.92726073039,
      "p50": 50160.28724919443,
      "p75": 64306.14766771588,
      "p90": 67168.69797266703,
      "p95": 67586.92678026055,
      "p99": 68358.1649240594
    }
  },
  "details": {
    "DNSDialup": {
      "average": 0.00117685544,
      "fastest": 0.000094399,
      "slowest": 0.001356093
    },
    "DNSLookup": {
      "average": 0.000005840000000000001,
      "fastest": 0.0000031,
      "slowest": 0.000034
    }
  },
  "statusCodeDistribution": {
    "200": 512258
  },
  "errorDistribution": {}
}