{
  "summary": {
    "successRate": 1,
    "total": 10.001824921,
    "slowest": 0.016798355,
    "fastest": 0.000045701,
    "average": 0.0009709431870973796,
    "requestsPerSec": 51370.825230225,
    "totalData": 6679426,
    "sizePerRequest": 13,
    "sizePerSec": 667820.727992925
  },
  "responseTimeHistogram": {
    "0.000045701": 1,
    "0.0017209664000000001": 499653,
    "0.0033962318000000003": 12090,
    "0.0050714972": 1113,
    "0.006746762600000001": 190,
    "0.008422028000000002": 420,
    "0.0100972934": 278,
    "0.011772558800000001": 15,
    "0.013447824200000002": 39,
    "0.015123089600000002": 1,
    "0.016798355": 2
  },
  "latencyPercentiles": {
    "p10": 0.000782307,
    "p25": 0.000834407,
    "p50": 0.000877408,
    "p75": 0.000958109,
    "p90": 0.001248812,
    "p95": 0.001474513,
    "p99": 0.002673925
  },
  "rps": {
    "mean": 51322.88995145414,
    "stddev": 9563.510925075818,
    "max": 59107.713556619456,
    "percentiles": {
      "p10": 39771.12525770412,
      "p25": 48153.47850016281,
      "p50": 55633.98123574495,
      "p75": 57563.84958042556,
      "p90": 58136.07286898234,
      "p95": 58414.904836951915,
      "p99": 58927.86343079945
    }
  },
  "details": {
    "DNSDialup": {
      "average": 0.0018901118999999997,
      "fastest": 0.000160301,
      "slowest": 0.003013628
    },
    "DNSLookup": {
      "average": 0.000008244039999999997,
      "fastest": 0.0000039,
      "slowest": 0.000042201
    }
  },
  "statusCodeDistribution": {
    "200": 513802
  },
  "errorDistribution": {}
}