{
  "summary": {
    "successRate": 1,
    "total": 10.001926039,
    "slowest": 0.023294355,
    "fastest": 0.0000397,
    "average": 0.000902669392091651,
    "requestsPerSec": 55290.450843534774,
    "totalData": 7189143,
    "sizePerRequest": 13,
    "sizePerSec": 718775.860965952
  },
  "responseTimeHistogram": {
    "0.0000397": 1,
    "0.0023651655": 540925,
    "0.004690631": 9341,
    "0.007016096499999999": 1120,
    "0.009341562": 1303,
    "0.0116670275": 169,
    "0.013992492999999998": 117,
    "0.0163179585": 9,
    "0.018643424": 25,
    "0.020968889499999997": 0,
    "0.023294355": 1
  },
  "latencyPercentiles": {
    "p10": 0.000669798,
    "p25": 0.000715598,
    "p50": 0.000790999,
    "p75": 0.000852999,
    "p90": 0.001152597,
    "p95": 0.001503097,
    "p99": 0.003490493
  },
  "rps": {
    "mean": 55204.86087910205,
    "stddev": 14212.016303370678,
    "max": 71620.18973148435,
    "percentiles": {
      "p10": 32106.655097571,
      "p25": 48526.301255281025,
      "p50": 62203.23456820131,
      "p75": 65705.80518875777,
      "p90": 66742.18664568463,
      "p95": 67131.68615586523,
      "p99": 67658.99182455413
    }
  },
  "details": {
    "DNSDialup": {
      "average": 0.0014526351199999996,
      "fastest": 0.000147599,
      "slowest": 0.002356596
    },
    "DNSLookup": {
      "average": 0.00000692396,
      "fastest": 0.0000032,
      "slowest": 0.0000329
    }
  },
  "statusCodeDistribution": {
    "200": 553011
  },
  "errorDistribution": {}
}