{
  "summary": {
    "successRate": 1,
    "total": 10.002523077,
    "slowest": 0.018710526,
    "fastest": 0.000072601,
    "average": 0.0023583088966284286,
    "requestsPerSec": 21168.758959115174,
    "totalData": 2752633,
    "sizePerRequest": 13,
    "sizePerSec": 275193.86646849726
  },
  "responseTimeHistogram": {
    "0.000072601": 1,
    "0.0019363935000000004": 83401,
    "0.0038001860000000005": 111278,
    "0.0056639785000000015": 12124,
    "0.007527771000000002": 3362,
    "0.009391563500000002": 718,
    "0.011255356000000003": 401,
    "0.013119148500000002": 212,
    "0.014982941000000003": 124,
    "0.016846733500000002": 93,
    "0.018710526": 27
  },
  "latencyPercentiles": {
    "p10": 0.001564311,
    "p25": 0.001831513,
    "p50": 0.002024103,
    "p75": 0.002337116,
    "p90": 0.003446624,
    "p95": 0.005192208,
    "p99": 0.006891348
  },
  "rps": {
    "mean": 21191.00295702396,
    "stddev": 6780.13492394706,
    "max": 38164.214674612515,
    "percentiles": {
      "p10": 9551.416228699862,
      "p25": 16688.165245809898,
      "p50": 23240.638580622468,
      "p75": 26203.629202645177,
      "p90": 27813.219602675155,
      "p95": 29167.467268536424,
      "p99": 31145.527211954286
    }
  },
  "details": {
    "DNSDialup": {
      "average": 0.00277315102,
      "fastest": 0.000144901,
      "slowest": 0.004497931
    },
    "DNSLookup": {
      "average": 0.000011072100000000002,
      "fastest": 0.0000057,
      "slowest": 0.000039001
    }
  },
  "statusCodeDistribution": {
    "200": 211741
  },
  "errorDistribution": {}
}