{
  "summary": {
    "successRate": 1,
    "total": 10.00186985,
    "slowest": 0.016926579,
    "fastest": 0.000047801,
    "average": 0.0011123809515555779,
    "requestsPerSec": 44865.710785068855,
    "totalData": 5833633,
    "sizePerRequest": 13,
    "sizePerSec": 583254.240205895
  },
  "responseTimeHistogram": {
    "0.000047801": 1,
    "0.0017356788": 415631,
    "0.0034235566": 26555,
    "0.0051114344": 2873,
    "0.0067993122": 1844,
    "0.00848719": 891,
    "0.0101750678": 612,
    "0.0118629456": 205,
    "0.0135508234": 99,
    "0.0152387012": 0,
    "0.016926579": 30
  },
  "latencyPercentiles": {
    "p10": 0.000798413,
    "p25": 0.000854214,
    "p50": 0.000907415,
    "p75": 0.001008516,
    "p90": 0.001510125,
    "p95": 0.002518941,
    "p99": 0.004470673
  },
  "rps": {
    "mean": 44852.36981591516,
    "stddev": 14085.288872685676,
    "max": 62189.542858554276,
    "percentiles": {
      "p10": 19582.906191652808,
      "p25": 37398.117701602976,
      "p50": 50699.5183177474,
      "p75": 56230.004330307296,
      "p90": 57000.17871816137,
      "p95": 57421.45265471321,
      "p99": 58172.983182794254
    }
  },
  "details": {
    "DNSDialup": {
      "average": 0.0017045019999999997,
      "fastest": 0.000144102,
      "slowest": 0.002808546
    },
    "DNSLookup": {
      "average": 0.00000639208,
      "fastest": 0.0000036,
      "slowest": 0.000037401
    }
  },
  "statusCodeDistribution": {
    "200": 448741
  },
  "errorDistribution": {}
}