{
  "summary": {
    "successRate": 1,
    "total": 10.002006451,
    "slowest": 0.016899577,
    "fastest": 0.000051,
    "average": 0.0008161916760660833,
    "requestsPerSec": 61119.036764756434,
    "totalData": 7947069,
    "sizePerRequest": 13,
    "sizePerSec": 794547.4779418337
  },
  "responseTimeHistogram": {
    "0.000051": 1,
    "0.0017358577": 604777,
    "0.0034207153999999997": 5024,
    "0.005105573099999999": 448,
    "0.0067904307999999995": 179,
    "0.0084752885": 452,
    "0.0101601462": 332,
    "0.0118450039": 13,
    "0.0135298616": 62,
    "0.0152147193": 24,
    "0.016899577": 1
  },
  "latencyPercentiles": {
    "p10": 0.000696199,
    "p25": 0.000744699,
    "p50": 0.000778599,
    "p75": 0.0008274,
    "p90": 0.000871099,
    "p95": 0.000925699,
    "p99": 0.001831597
  },
  "rps": {
    "mean": 61097.02753552855,
    "stddev": 7669.171141073342,
    "max": 66818.12775806063,
    "percentiles": {
      "p10": 58030.85712883441,
      "p25": 61248.92062560784,
      "p50": 63482.616276823166,
      "p75": 64304.89523024298,
      "p90": 64761.66845891544,
      "p95": 64976.82793955716,
      "p99": 65480.70036948836
    }
  },
  "details": {
    "DNSDialup": {
      "average": 0.0013846080600000003,
      "fastest": 0.0000687,
      "slowest": 0.001667797
    },
    "DNSLookup": {
      "average": 0.000005029999999999999,
      "fastest": 0.0000029,
      "slowest": 0.0000487
    }
  },
  "statusCodeDistribution": {
    "200": 611313
  },
  "errorDistribution": {}
}