{
  "summary": {
    "successRate": 1,
    "total": 10.004988791,
    "slowest": 0.016917373,
    "fastest": 0.0000458,
    "average": 0.0009901756766022393,
    "requestsPerSec": 50389.8615512202,
    "totalData": 6553950,
    "sizePerRequest": 13,
    "sizePerSec": 655068.2001658626
  },
  "responseTimeHistogram": {
    "0.0000458": 1,
    "0.0017329573": 483819,
    "0.0034201146": 13140,
    "0.0051072719": 4321,
    "0.0067944292": 911,
    "0.0084815865": 725,
    "0.0101687438": 833,
    "0.0118559011": 281,
    "0.0135430584": 111,
    "0.0152302157": 3,
    "0.016917373": 5
  },
  "latencyPercentiles": {
    "p10": 0.000712107,
    "p25": 0.000788808,
    "p50": 0.000889709,
    "p75": 0.00095281,
    "p90": 0.001127012,
    "p95": 0.001568316,
    "p99": 0.004326245
  },
  "rps": {
    "mean": 50273.080825735364,
    "stddev": 13105.962062891396,
    "max": 65271.89856970213,
    "percentiles": {
      "p10": 29560.889520234028,
      "p25": 43894.44360628684,
      "p50": 57031.926472442996,
      "p75": 58822.93283029561,
      "p90": 59522.60044843272,
      "p95": 59807.513701637195,
      "p99": 60650.55413786491
    }
  },
  "details": {
    "DNSDialup": {
      "average": 0.0013604379399999999,
      "fastest": 0.000137302,
      "slowest": 0.001548516
    },
    "DNSLookup": {
      "average": 0.0000068741200000000005,
      "fastest": 0.0000033,
      "slowest": 0.000046001
    }
  },
  "statusCodeDistribution": {
    "200": 504150
  },
  "errorDistribution": {}
}