{
  "summary": {
    "successRate": 1,
    "total": 10.002025818,
    "slowest": 0.018062864,
    "fastest": 0.000046101,
    "average": 0.0009016517207663229,
    "requestsPerSec": 55334.190300127455,
    "totalData": 7194902,
    "sizePerRequest": 13,
    "sizePerSec": 719344.4739016569
  },
  "responseTimeHistogram": {
    "0.000046101": 1,
    "0.0018477773000000002": 543453,
    "0.0036494536000000006": 8124,
    "0.005451129900000001": 891,
    "0.007252806200000001": 101,
    "0.0090544825": 703,
    "0.010856158800000001": 86,
    "0.0126578351": 54,
    "0.014459511400000001": 27,
    "0.016261187700000002": 9,
    "0.018062864": 5
  },
  "latencyPercentiles": {
    "p10": 0.000749011,
    "p25": 0.000779912,
    "p50": 0.000842212,
    "p75": 0.000928614,
    "p90": 0.000971214,
    "p95": 0.001093216,
    "p99": 0.002658639
  },
  "rps": {
    "mean": 55248.669971179195,
    "stddev": 9498.090700754781,
    "max": 61621.900423409505,
    "percentiles": {
      "p10": 47725.293212270284,
      "p25": 55752.70861072528,
      "p50": 58620.736382850046,
      "p75": 59760.088769257156,
      "p90": 60202.13115544139,
      "p95": 60489.69432037487,
      "p99": 60886.53218227606
    }
  },
  "details": {
    "DNSDialup": {
      "average": 0.0013416437200000002,
      "fastest": 0.000088702,
      "slowest": 0.002186532
    },
    "DNSLookup": {
      "average": 0.00000717606,
      "fastest": 0.0000033,
      "slowest": 0.0000352
    }
  },
  "statusCodeDistribution": {
    "200": 553454
  },
  "errorDistribution": {}
}