{
  "summary": {
    "successRate": 1,
    "total": 10.002293952,
    "slowest": 0.017272567,
    "fastest": 0.0000468,
    "average": 0.0010354928694915602,
    "requestsPerSec": 48198.84341667466,
    "totalData": 6267287,
    "sizePerRequest": 13,
    "sizePerSec": 626584.9644167706
  },
  "responseTimeHistogram": {
    "0.0000468": 1,
    "0.0017693767": 461374,
    "0.0034919534": 14243,
    "0.0052145301": 3138,
    "0.0069371068": 2096,
    "0.0086596835": 516,
    "0.0103822602": 594,
    "0.012104836899999999": 91,
    "0.0138274136": 41,
    "0.0155499903": 1,
    "0.017272567": 4
  },
  "latencyPercentiles": {
    "p10": 0.000781508,
    "p25": 0.000831608,
    "p50": 0.000889409,
    "p75": 0.000971809,
    "p90": 0.001326813,
    "p95": 0.001692617,
    "p99": 0.004521244
  },
  "rps": {
    "mean": 48172.61061433143,
    "stddev": 12512.212330083454,
    "max": 59623.867434133346,
    "percentiles": {
      "p10": 28760.177215536907,
      "p25": 42079.54296005812,
      "p50": 54900.570965937695,
      "p75": 57141.1587766732,
      "p90": 57931.3002815399,
      "p95": 58268.59186094261,
      "p99": 58855.08654074765
    }
  },
  "details": {
    "DNSDialup": {
      "average": 0.0015575970000000004,
      "fastest": 0.0000735,
      "slowest": 0.001907918
    },
    "DNSLookup": {
      "average": 0.000005180039999999999,
      "fastest": 0.0000034,
      "slowest": 0.000039
    }
  },
  "statusCodeDistribution": {
    "200": 482099
  },
  "errorDistribution": {}
}