{
  "summary": {
    "successRate": 1,
    "total": 10.001887333,
    "slowest": 0.016745505,
    "fastest": 0.0000384,
    "average": 0.0009363460865561373,
    "requestsPerSec": 53310.23858274848,
    "totalData": 6931639,
    "sizePerRequest": 13,
    "sizePerSec": 693033.1015757304
  },
  "responseTimeHistogram": {
    "0.0000384": 1,
    "0.0017091105": 505474,
    "0.003379821": 21355,
    "0.005050531499999999": 4025,
    "0.006721242": 1097,
    "0.0083919525": 656,
    "0.010062662999999998": 512,
    "0.011733373499999998": 9,
    "0.013404083999999998": 70,
    "0.015074794499999999": 1,
    "0.016745505": 3
  },
  "latencyPercentiles": {
    "p10": 0.000674499,
    "p25": 0.0007098,
    "p50": 0.0007981,
    "p75": 0.000869499,
    "p90": 0.001259298,
    "p95": 0.001773401,
    "p99": 0.003755501
  },
  "rps": {
    "mean": 53252.036127616266,
    "stddev": 15353.160217178296,
    "max": 70635.2964576383,
    "percentiles": {
      "p10": 26605.611123385235,
      "p25": 46406.48298567055,
      "p50": 60532.06383421134,
      "p75": 65720.83349409302,
      "p90": 66661.27603175964,
      "p95": 66944.31755158179,
      "p99": 67544.4000788289
    }
  },
  "details": {
    "DNSDialup": {
      "average": 0.0013583128200000002,
      "fastest": 0.0000674,
      "slowest": 0.001578299
    },
    "DNSLookup": {
      "average": 0.000004303999999999999,
      "fastest": 0.0000031,
      "slowest": 0.0000306
    }
  },
  "statusCodeDistribution": {
    "200": 533203
  },
  "errorDistribution": {}
}