{
  "summary": {
    "successRate": 1,
    "total": 10.002099643,
    "slowest": 0.016903469,
    "fastest": 0.000065102,
    "average": 0.0008944099262298039,
    "requestsPerSec": 55773.689516322294,
    "totalData": 7252102,
    "sizePerRequest": 13,
    "sizePerSec": 725057.9637121898
  },
  "responseTimeHistogram": {
    "0.000065102": 1,
    "0.0017489387": 551993,
    "0.0034327754": 4198,
    "0.0051166121": 590,
    "0.0068004488": 124,
    "0.0084842855": 501,
    "0.010168122199999999": 352,
    "0.011851958899999999": 34,
    "0.013535795599999999": 58,
    "0.015219632299999999": 0,
    "0.016903469": 3
  },
  "latencyPercentiles": {
    "p10": 0.00075663,
    "p25": 0.000806531,
    "p50": 0.000854534,
    "p75": 0.000917736,
    "p90": 0.000981339,
    "p95": 0.001041541,
    "p99": 0.001789071
  },
  "rps": {
    "mean": 55708.7888551354,
    "stddev": 6784.245694785683,
    "max": 62393.4112557728,
    "percentiles": {
      "p10": 51512.37842453557,
      "p25": 55413.321362456474,
      "p50": 57713.29714366126,
      "p75": 58916.58147261643,
      "p90": 59620.30071238961,
      "p95": 60016.057808108686,
      "p99": 60433.8851790288
    }
  },
  "details": {
    "DNSDialup": {
      "average": 0.00234041298,
      "fastest": 0.000086904,
      "slowest": 0.008861952
    },
    "DNSLookup": {
      "average": 0.00000745222,
      "fastest": 0.0000038,
      "slowest": 0.000049202
    }
  },
  "statusCodeDistribution": {
    "200": 557854
  },
  "errorDistribution": {}
}