{
  "summary": {
    "successRate": 1,
    "total": 10.002001566,
    "slowest": 0.017929591,
    "fastest": 0.0000854,
    "average": 0.0020726750259864395,
    "requestsPerSec": 24092.377751583324,
    "totalData": 3132636,
    "sizePerRequest": 13,
    "sizePerSec": 313200.91077058326
  },
  "responseTimeHistogram": {
    "0.0000854": 1,
    "0.0018698191000000002": 155680,
    "0.0036542382000000003": 69455,
    "0.005438657300000001": 7421,
    "0.007223076400000001": 6627,
    "0.0090074955": 1068,
    "0.0107919146": 500,
    "0.012576333700000001": 109,
    "0.014360752800000001": 30,
    "0.0161451719": 31,
    "0.017929591": 50
  },
  "latencyPercentiles": {
    "p10": 0.0015289,
    "p25": 0.001621101,
    "p50": 0.001746799,
    "p75": 0.0020525,
    "p90": 0.0025631,
    "p95": 0.004931001,
    "p99": 0.006818201
  },
  "rps": {
    "mean": 24098.029590733415,
    "stddev": 7271.074801909982,
    "max": 41802.53768999731,
    "percentiles": {
      "p10": 9818.06425642539,
      "p25": 21496.5150532859,
      "p50": 27009.720798515416,
      "p75": 29331.991026420386,
      "p90": 30563.56610478399,
      "p95": 31343.564420187715,
      "p99": 32386.46863260204
    }
  },
  "details": {
    "DNSDialup": {
      "average": 0.002281079999999999,
      "fastest": 0.0001013,
      "slowest": 0.0042586
    },
    "DNSLookup": {
      "average": 0.00000776,
      "fastest": 0.0000063,
      "slowest": 0.000037
    }
  },
  "statusCodeDistribution": {
    "200": 240972
  },
  "errorDistribution": {}
}