{
  "summary": {
    "successRate": 1,
    "total": 10.001903186,
    "slowest": 0.016849206,
    "fastest": 0.0000389,
    "average": 0.0009272789844093905,
    "requestsPerSec": 53829.85517732445,
    "totalData": 6999213,
    "sizePerRequest": 13,
    "sizePerSec": 699788.1173052179
  },
  "responseTimeHistogram": {
    "0.0000389": 1,
    "0.0017199305999999997": 518803,
    "0.0034009611999999997": 13791,
    "0.0050819917999999995": 3438,
    "0.006763022399999999": 840,
    "0.008444052999999998": 525,
    "0.0101250836": 729,
    "0.011806114199999999": 143,
    "0.013487144799999998": 126,
    "0.015168175399999997": 1,
    "0.016849206": 4
  },
  "latencyPercentiles": {
    "p10": 0.000739791,
    "p25": 0.000773591,
    "p50": 0.000804091,
    "p75": 0.00084679,
    "p90": 0.001111787,
    "p95": 0.001473783,
    "p99": 0.003681057
  },
  "rps": {
    "mean": 53747.40420376779,
    "stddev": 13310.516620352939,
    "max": 64911.80096541465,
    "percentiles": {
      "p10": 31714.642650512018,
      "p25": 49029.52128638302,
      "p50": 60934.76942954788,
      "p75": 62482.12471952783,
      "p90": 63156.303844881855,
      "p95": 63514.06836614075,
      "p99": 64013.12661012681
    }
  },
  "details": {
    "DNSDialup": {
      "average": 0.0013205485199999998,
      "fastest": 0.000068199,
      "slowest": 0.001553682
    },
    "DNSLookup": {
      "average": 0.00000422394,
      "fastest": 0.0000029,
      "slowest": 0.0000308
    }
  },
  "statusCodeDistribution": {
    "200": 538401
  },
  "errorDistribution": {}
}