{
  "summary": {
    "successRate": 1,
    "total": 10.003031426,
    "slowest": 0.017630546,
    "fastest": 0.000098001,
    "average": 0.0017289307448366989,
    "requestsPerSec": 28839.057653081494,
    "totalData": 3750214,
    "sizePerRequest": 13,
    "sizePerSec": 374907.74949005945
  },
  "responseTimeHistogram": {
    "0.000098001": 1,
    "0.0018512555": 236699,
    "0.00360451": 42059,
    "0.005357764500000001": 4625,
    "0.0071110190000000005": 3323,
    "0.0088642735": 977,
    "0.010617528000000001": 451,
    "0.0123707825": 173,
    "0.014124037": 133,
    "0.0158772915": 11,
    "0.017630546": 26
  },
  "latencyPercentiles": {
    "p10": 0.001293613,
    "p25": 0.001389013,
    "p50": 0.001498214,
    "p75": 0.001731017,
    "p90": 0.00210152,
    "p95": 0.002882229,
    "p99": 0.006485664
  },
  "rps": {
    "mean": 28786.08875398311,
    "stddev": 7001.996339254839,
    "max": 38843.897488551855,
    "percentiles": {
      "p10": 17743.473283892374,
      "p25": 25720.06422209957,
      "p50": 30908.491897409527,
      "p75": 33844.86278167833,
      "p90": 35030.507747077885,
      "p95": 35617.099769597764,
      "p99": 37002.59927756301
    }
  },
  "details": {
    "DNSDialup": {
      "average": 0.0019430600799999998,
      "fastest": 0.000106401,
      "slowest": 0.003337328
    },
    "DNSLookup": {
      "average": 0.000010794180000000001,
      "fastest": 0.0000062,
      "slowest": 0.000035001
    }
  },
  "statusCodeDistribution": {
    "200": 288478
  },
  "errorDistribution": {}
}