{
  "summary": {
    "successRate": 1,
    "total": 10.002443361,
    "slowest": 0.017087534,
    "fastest": 0.000482004,
    "average": 0.002089002474976472,
    "requestsPerSec": 23885.663870044085,
    "totalData": 3105895,
    "sizePerRequest": 13,
    "sizePerSec": 310513.6303105731
  },
  "responseTimeHistogram": {
    "0.000482004": 1,
    "0.002142557": 188361,
    "0.0038031099999999997": 40357,
    "0.005463663": 3508,
    "0.007124216": 5029,
    "0.008784769": 920,
    "0.010445321999999998": 159,
    "0.012105874999999999": 169,
    "0.013766427999999999": 29,
    "0.015426981": 296,
    "0.017087534": 86
  },
  "latencyPercentiles": {
    "p10": 0.001469711,
    "p25": 0.001682114,
    "p50": 0.001885015,
    "p75": 0.002089016,
    "p90": 0.00256142,
    "p95": 0.003517828,
    "p99": 0.006663653
  },
  "rps": {
    "mean": 23941.981145842823,
    "stddev": 5877.731895718349,
    "max": 33069.03738339251,
    "percentiles": {
      "p10": 14783.402040955312,
      "p25": 22526.7289878867,
      "p50": 26204.168908579166,
      "p75": 27670.77089973934,
      "p90": 28876.838945954354,
      "p95": 29412.71217420134,
      "p99": 30603.10927589941
    }
  },
  "details": {
    "DNSDialup": {
      "average": 0.00244462124,
      "fastest": 0.000107501,
      "slowest": 0.004834438
    },
    "DNSLookup": {
      "average": 0.000008658019999999997,
      "fastest": 0.000005,
      "slowest": 0.0000768
    }
  },
  "statusCodeDistribution": {
    "200": 238915
  },
  "errorDistribution": {}
}