{
  "summary": {
    "successRate": 1,
    "total": 10.001925099,
    "slowest": 0.01766249,
    "fastest": 0.000382304,
    "average": 0.001469568717221194,
    "requestsPerSec": 33971.96006136578,
    "totalData": 4417205,
    "sizePerRequest": 13,
    "sizePerSec": 441635.4807977552
  },
  "responseTimeHistogram": {
    "0.000382304": 1,
    "0.0021103225999999998": 315012,
    "0.0038383412": 16982,
    "0.0055663598": 6267,
    "0.0072943784": 523,
    "0.009022397": 141,
    "0.0107504156": 397,
    "0.0124784342": 368,
    "0.0142064528": 45,
    "0.0159344714": 13,
    "0.01766249": 36
  },
  "latencyPercentiles": {
    "p10": 0.001114011,
    "p25": 0.001172312,
    "p50": 0.001360414,
    "p75": 0.001452516,
    "p90": 0.001670318,
    "p95": 0.002241223,
    "p99": 0.00491355
  },
  "rps": {
    "mean": 34042.68751544816,
    "stddev": 8272.726659148804,
    "max": 40805.08742769549,
    "percentiles": {
      "p10": 22111.972142760704,
      "p25": 31805.87650267468,
      "p50": 38367.55736278184,
      "p75": 38856.140494012325,
      "p90": 39246.63460107898,
      "p95": 39517.2595948734,
      "p99": 40109.662864575504
    }
  },
  "details": {
    "DNSDialup": {
      "average": 0.0015819753999999997,
      "fastest": 0.000073801,
      "slowest": 0.003183935
    },
    "DNSLookup": {
      "average": 0.000006156079999999999,
      "fastest": 0.000003801,
      "slowest": 0.0000398
    }
  },
  "statusCodeDistribution": {
    "200": 339785
  },
  "errorDistribution": {}
}