{
  "summary": {
    "successRate": 1,
    "total": 10.001836073,
    "slowest": 0.012922998,
    "fastest": 0.000197103,
    "average": 0.001421248870262412,
    "requestsPerSec": 35127.55032532915,
    "totalData": 4567420,
    "sizePerRequest": 13,
    "sizePerSec": 456658.15422927897
  },
  "responseTimeHistogram": {
    "0.000197103": 1,
    "0.0014696925": 302876,
    "0.002742282": 36613,
    "0.0040148714999999995": 4225,
    "0.005287460999999999": 6055,
    "0.006560050499999999": 555,
    "0.00783264": 139,
    "0.0091052295": 80,
    "0.010377819": 83,
    "0.0116504085": 400,
    "0.012922998": 313
  },
  "latencyPercentiles": {
    "p10": 0.001099517,
    "p25": 0.001157018,
    "p50": 0.00133732,
    "p75": 0.001423521,
    "p90": 0.001506423,
    "p95": 0.00198143,
    "p99": 0.004838474
  },
  "rps": {
    "mean": 35215.85910436473,
    "stddev": 7678.442184116621,
    "max": 42104.59834841152,
    "percentiles": {
      "p10": 24311.297459929938,
      "p25": 35954.114219424926,
      "p50": 38706.75819998135,
      "p75": 39405.30789497248,
      "p90": 39864.335158994036,
      "p95": 40075.53035205443,
      "p99": 40486.03691794833
    }
  },
  "details": {
    "DNSDialup": {
      "average": 0.0014132636600000003,
      "fastest": 0.000067401,
      "slowest": 0.002880744
    },
    "DNSLookup": {
      "average": 0.000004842040000000001,
      "fastest": 0.0000033,
      "slowest": 0.000036201
    }
  },
  "statusCodeDistribution": {
    "200": 351340
  },
  "errorDistribution": {}
}