{
  "summary": {
    "successRate": 1,
    "total": 10.001529736,
    "slowest": 0.021756273,
    "fastest": 0.000218221,
    "average": 0.0017695877028995391,
    "requestsPerSec": 28210.384555917095,
    "totalData": 3667911,
    "sizePerRequest": 13,
    "sizePerSec": 366734.9992269222
  },
  "responseTimeHistogram": {
    "0.000218221": 1,
    "0.0023720262000000002": 239360,
    "0.0045258314": 36381,
    "0.0066796366": 4831,
    "0.0088334418": 320,
    "0.010987247": 632,
    "0.0131410522": 496,
    "0.015294857399999999": 26,
    "0.0174486626": 0,
    "0.019602467800000002": 31,
    "0.021756273000000003": 69
  },
  "latencyPercentiles": {
    "p10": 0.001232919,
    "p25": 0.001328827,
    "p50": 0.001537447,
    "p75": 0.001674659,
    "p90": 0.002621649,
    "p95": 0.003312416,
    "p99": 0.005664445
  },
  "rps": {
    "mean": 28337.681422909107,
    "stddev": 8692.954140646067,
    "max": 38654.003185738,
    "percentiles": {
      "p10": 15817.894662555607,
      "p25": 20025.868591863036,
      "p50": 33528.32354438022,
      "p75": 34597.009209241085,
      "p90": 35615.097239720344,
      "p95": 36255.76995472298,
      "p99": 37406.23898866653
    }
  },
  "details": {
    "DNSDialup": {
      "average": 0.0027597970800000006,
      "fastest": 0.00021072,
      "slowest": 0.00458424
    },
    "DNSLookup": {
      "average": 0.000006966619999999999,
      "fastest": 0.000004,
      "slowest": 0.000040704
    }
  },
  "statusCodeDistribution": {
    "200": 282147
  },
  "errorDistribution": {}
}