{
  "summary": {
    "successRate": 1,
    "total": 10.002096463,
    "slowest": 0.017560132,
    "fastest": 0.000357203,
    "average": 0.0020745283449687926,
    "requestsPerSec": 24056.55663191138,
    "totalData": 3128008,
    "sizePerRequest": 13,
    "sizePerSec": 312735.2362148479
  },
  "responseTimeHistogram": {
    "0.000357203": 1,
    "0.0020774959": 180234,
    "0.0037977887999999997": 47269,
    "0.0055180817": 7547,
    "0.0072383746": 4143,
    "0.0089586675": 683,
    "0.0106789604": 190,
    "0.0123992533": 256,
    "0.0141195462": 144,
    "0.0158398391": 117,
    "0.017560132": 32
  },
  "latencyPercentiles": {
    "p10": 0.00141151,
    "p25": 0.001606712,
    "p50": 0.001818214,
    "p75": 0.002079015,
    "p90": 0.002874122,
    "p95": 0.004047331,
    "p99": 0.006347648
  },
  "rps": {
    "mean": 24086.803793478928,
    "stddev": 6999.202878128714,
    "max": 33217.183569851455,
    "percentiles": {
      "p10": 13096.480571862196,
      "p25": 20213.35962898439,
      "p50": 26835.489935439015,
      "p75": 29105.68242971836,
      "p90": 30649.643131198907,
      "p95": 31376.29476403113,
      "p99": 32501.466143181908
    }
  },
  "details": {
    "DNSDialup": {
      "average": 0.0022074323600000017,
      "fastest": 0.000078701,
      "slowest": 0.004438433
    },
    "DNSLookup": {
      "average": 0.000007300099999999998,
      "fastest": 0.0000053,
      "slowest": 0.000052501
    }
  },
  "statusCodeDistribution": {
    "200": 240616
  },
  "errorDistribution": {}
}