{
  "summary": {
    "successRate": 1,
    "total": 10.001525925,
    "slowest": 0.011172084,
    "fastest": 0.0002128,
    "average": 0.001287453004127733,
    "requestsPerSec": 38780.38240449794,
    "totalData": 5042219,
    "sizePerRequest": 13,
    "sizePerSec": 504144.9712584733
  },
  "responseTimeHistogram": {
    "0.0002128": 1,
    "0.0013087284": 281220,
    "0.0024046568": 96450,
    "0.0035005852": 1764,
    "0.0045965136": 6875,
    "0.005692442": 661,
    "0.0067883704": 42,
    "0.007884298800000002": 99,
    "0.008980227200000001": 206,
    "0.010076155600000001": 223,
    "0.011172084": 322
  },
  "latencyPercentiles": {
    "p10": 0.001017099,
    "p25": 0.001072998,
    "p50": 0.001229998,
    "p75": 0.001315798,
    "p90": 0.001375198,
    "p95": 0.001595197,
    "p99": 0.004185494
  },
  "rps": {
    "mean": 38796.41600477571,
    "stddev": 6993.057234860176,
    "max": 44723.71533303122,
    "percentiles": {
      "p10": 29150.656981643795,
      "p25": 39768.85579692739,
      "p50": 41999.820435550355,
      "p75": 42390.175644758856,
      "p90": 42733.37626202398,
      "p95": 42964.940810487264,
      "p99": 43346.267484083626
    }
  },
  "details": {
    "DNSDialup": {
      "average": 0.0012280802799999996,
      "fastest": 0.0000626,
      "slowest": 0.001393098
    },
    "DNSLookup": {
      "average": 0.0000042900000000000004,
      "fastest": 0.000003,
      "slowest": 0.0000394
    }
  },
  "statusCodeDistribution": {
    "200": 387863
  },
  "errorDistribution": {}
}