{
  "summary": {
    "successRate": 1,
    "total": 10.001457888,
    "slowest": 0.013215724,
    "fastest": 0.000216101,
    "average": 0.0013282134199463513,
    "requestsPerSec": 37607.417259766604,
    "totalData": 4889677,
    "sizePerRequest": 13,
    "sizePerSec": 488896.42437696585
  },
  "responseTimeHistogram": {
    "0.000216101": 1,
    "0.0015160633": 349001,
    "0.0028160256": 15508,
    "0.0041159879000000005": 7100,
    "0.0054159502": 3371,
    "0.006715912500000001": 181,
    "0.008015874800000001": 118,
    "0.0093158371": 219,
    "0.0106157994": 380,
    "0.011915761700000001": 217,
    "0.013215724000000002": 33
  },
  "latencyPercentiles": {
    "p10": 0.001016402,
    "p25": 0.001072603,
    "p50": 0.001255702,
    "p75": 0.001327802,
    "p90": 0.001398903,
    "p95": 0.002333505,
    "p99": 0.004214308
  },
  "rps": {
    "mean": 37618.47942408091,
    "stddev": 8316.009132365645,
    "max": 45309.593154408234,
    "percentiles": {
      "p10": 27909.438972263637,
      "p25": 36957.50661944601,
      "p50": 41654.70833658645,
      "p75": 42150.5047347749,
      "p90": 42605.01933901911,
      "p95": 42921.83146747887,
      "p99": 43219.67505703256
    }
  },
  "details": {
    "DNSDialup": {
      "average": 0.00127369868,
      "fastest": 0.0000605,
      "slowest": 0.002557306
    },
    "DNSLookup": {
      "average": 0.000004307999999999998,
      "fastest": 0.000003,
      "slowest": 0.0000289
    }
  },
  "statusCodeDistribution": {
    "200": 376129
  },
  "errorDistribution": {}
}