{
  "summary": {
    "successRate": 1,
    "total": 10.001869035,
    "slowest": 0.016451104,
    "fastest": 0.0002956,
    "average": 0.002022275091255514,
    "requestsPerSec": 24664.59010178391,
    "totalData": 3206996,
    "sizePerRequest": 13,
    "sizePerSec": 320639.67132319085
  },
  "responseTimeHistogram": {
    "0.0002956": 1,
    "0.0019111504": 160663,
    "0.0035267008": 73787,
    "0.0051422512": 3611,
    "0.0067578016": 6778,
    "0.008373352": 883,
    "0.0099889024": 333,
    "0.0116044528": 204,
    "0.0132200032": 329,
    "0.0148355536": 72,
    "0.016451104": 31
  },
  "latencyPercentiles": {
    "p10": 0.0014589,
    "p25": 0.001633101,
    "p50": 0.001837901,
    "p75": 0.001970001,
    "p90": 0.002356701,
    "p95": 0.003504201,
    "p99": 0.006201402
  },
  "rps": {
    "mean": 24663.308864548468,
    "stddev": 6458.092185891025,
    "max": 54602.18408735381,
    "percentiles": {
      "p10": 14814.068921254457,
      "p25": 23019.003645044744,
      "p50": 27612.795293255796,
      "p75": 28667.16941883328,
      "p90": 29190.249999429558,
      "p95": 29540.690619295357,
      "p99": 30105.14549292901
    }
  },
  "details": {
    "DNSDialup": {
      "average": 0.00220691884,
      "fastest": 0.0000967,
      "slowest": 0.004693702
    },
    "DNSLookup": {
      "average": 0.00000784,
      "fastest": 0.0000063,
      "slowest": 0.0000342
    }
  },
  "statusCodeDistribution": {
    "200": 246692
  },
  "errorDistribution": {}
}