{
  "summary": {
    "successRate": 1,
    "total": 10.001773282,
    "slowest": 0.013595632,
    "fastest": 0.000426904,
    "average": 0.001446791800378974,
    "requestsPerSec": 34510.78026545493,
    "totalData": 4487197,
    "sizePerRequest": 13,
    "sizePerSec": 448640.14345091407
  },
  "responseTimeHistogram": {
    "0.000426904": 1,
    "0.0017437768": 327783,
    "0.0030606496": 8389,
    "0.004377522399999999": 1283,
    "0.0056943952": 6298,
    "0.007011268": 538,
    "0.0083281408": 65,
    "0.0096450136": 59,
    "0.0109618864": 41,
    "0.012278759200000001": 431,
    "0.013595632000000002": 281
  },
  "latencyPercentiles": {
    "p10": 0.001130011,
    "p25": 0.001185812,
    "p50": 0.001367713,
    "p75": 0.001469515,
    "p90": 0.001534115,
    "p95": 0.001750917,
    "p99": 0.005048849
  },
  "rps": {
    "mean": 34564.356074460644,
    "stddev": 7384.747152382386,
    "max": 39600.00396001036,
    "percentiles": {
      "p10": 23661.38007667484,
      "p25": 36410.623773253166,
      "p50": 37814.759100476775,
      "p75": 38297.14233247718,
      "p90": 38613.64155600205,
      "p95": 38905.05532088218,
      "p99": 39355.53917397154
    }
  },
  "details": {
    "DNSDialup": {
      "average": 0.00161101964,
      "fastest": 0.000080601,
      "slowest": 0.003445233
    },
    "DNSLookup": {
      "average": 0.00000513404,
      "fastest": 0.000003701,
      "slowest": 0.0000375
    }
  },
  "statusCodeDistribution": {
    "200": 345169
  },
  "errorDistribution": {}
}