{
  "summary": {
    "successRate": 1,
    "total": 10.002102409,
    "slowest": 0.015714907,
    "fastest": 0.000363102,
    "average": 0.0020875418092345575,
    "requestsPerSec": 23896.575962362753,
    "totalData": 3107208,
    "sizePerRequest": 13,
    "sizePerSec": 310655.4875107158
  },
  "responseTimeHistogram": {
    "0.000363102": 1,
    "0.0018982825": 102946,
    "0.003433463": 125539,
    "0.004968643499999999": 3768,
    "0.006503823999999999": 4491,
    "0.0080390045": 1489,
    "0.009574184999999999": 209,
    "0.0111093655": 118,
    "0.012644546": 113,
    "0.0141797265": 325,
    "0.015714907": 17
  },
  "latencyPercentiles": {
    "p10": 0.00154661,
    "p25": 0.001736312,
    "p50": 0.001940413,
    "p75": 0.002098714,
    "p90": 0.002325516,
    "p95": 0.003218522,
    "p99": 0.006451844
  },
  "rps": {
    "mean": 23935.868987727652,
    "stddev": 5444.229302600395,
    "max": 29874.262548297516,
    "percentiles": {
      "p10": 15008.152428398134,
      "p25": 24035.616524211637,
      "p50": 26030.278419857623,
      "p75": 26997.435551578033,
      "p90": 27624.981053092677,
      "p95": 28026.264440709463,
      "p99": 29002.130931542342
    }
  },
  "details": {
    "DNSDialup": {
      "average": 0.0023314178599999993,
      "fastest": 0.000084201,
      "slowest": 0.004599931
    },
    "DNSLookup": {
      "average": 0.00000746206,
      "fastest": 0.0000057,
      "slowest": 0.0000342
    }
  },
  "statusCodeDistribution": {
    "200": 239016
  },
  "errorDistribution": {}
}