{
  "summary": {
    "successRate": 1,
    "total": 10.002289959,
    "slowest": 0.01600694,
    "fastest": 0.000257602,
    "average": 0.0021623382590811664,
    "requestsPerSec": 23080.91456519632,
    "totalData": 3001206,
    "sizePerRequest": 13,
    "sizePerSec": 300051.88934755215
  },
  "responseTimeHistogram": {
    "0.000257602": 1,
    "0.0018325358000000002": 85736,
    "0.0034074696000000004": 129350,
    "0.004982403400000001": 6491,
    "0.006557337200000001": 6088,
    "0.008132271": 1816,
    "0.0097072048": 470,
    "0.011282138600000002": 156,
    "0.012857072400000003": 172,
    "0.014432006200000003": 367,
    "0.01600694": 215
  },
  "latencyPercentiles": {
    "p10": 0.001497013,
    "p25": 0.001708815,
    "p50": 0.001905917,
    "p75": 0.002089918,
    "p90": 0.002756924,
    "p95": 0.004314338,
    "p99": 0.006965361
  },
  "rps": {
    "mean": 23196.212994773614,
    "stddev": 6542.945803947835,
    "max": 66868.48792118281,
    "percentiles": {
      "p10": 13053.263589105378,
      "p25": 20519.931008988715,
      "p50": 26011.75088618551,
      "p75": 27488.01980470158,
      "p90": 28311.361349309682,
      "p95": 28713.339699330252,
      "p99": 29508.205425301163
    }
  },
  "details": {
    "DNSDialup": {
      "average": 0.00219085114,
      "fastest": 0.000088401,
      "slowest": 0.002461021
    },
    "DNSLookup": {
      "average": 0.000007024000000000001,
      "fastest": 0.0000058,
      "slowest": 0.0000345
    }
  },
  "statusCodeDistribution": {
    "200": 230862
  },
  "errorDistribution": {}
}