{
  "summary": {
    "successRate": 1,
    "total": 10.001506694,
    "slowest": 0.015674924,
    "fastest": 0.0003262,
    "average": 0.0012884261216386122,
    "requestsPerSec": 38761.459834103676,
    "totalData": 5039749,
    "sizePerRequest": 13,
    "sizePerSec": 503898.97784334776
  },
  "responseTimeHistogram": {
    "0.0003262": 1,
    "0.0018610724": 366950,
    "0.0033959448": 12122,
    "0.0049308172": 7265,
    "0.0064656895999999995": 408,
    "0.008000562": 47,
    "0.0095354344": 134,
    "0.0110703068": 629,
    "0.0126051792": 67,
    "0.0141400516": 18,
    "0.015674924": 32
  },
  "latencyPercentiles": {
    "p10": 0.000990401,
    "p25": 0.001047902,
    "p50": 0.001218902,
    "p75": 0.001285902,
    "p90": 0.001369902,
    "p95": 0.001908203,
    "p99": 0.004110407
  },
  "rps": {
    "mean": 38812.99840937137,
    "stddev": 8230.345264973406,
    "max": 74765.6563957378,
    "percentiles": {
      "p10": 28917.01187808861,
      "p25": 36593.62478902246,
      "p50": 42880.98502832491,
      "p75": 43415.13017286483,
      "p90": 43804.30755909098,
      "p95": 44076.55395046942,
      "p99": 44653.702887923566
    }
  },
  "details": {
    "DNSDialup": {
      "average": 0.0013203180000000004,
      "fastest": 0.000065101,
      "slowest": 0.001424003
    },
    "DNSLookup": {
      "average": 0.000004088019999999999,
      "fastest": 0.000003,
      "slowest": 0.000036801
    }
  },
  "statusCodeDistribution": {
    "200": 387673
  },
  "errorDistribution": {}
}