{
  "summary": {
    "successRate": 1,
    "total": 10.001341445,
    "slowest": 0.010762533,
    "fastest": 0.000177599,
    "average": 0.0012864271321739351,
    "requestsPerSec": 38824.69188111996,
    "totalData": 5047887,
    "sizePerRequest": 13,
    "sizePerSec": 504720.9944545594
  },
  "responseTimeHistogram": {
    "0.000177599": 1,
    "0.0012360924": 223893,
    "0.0022945858": 148499,
    "0.0033530791999999998": 7098,
    "0.004411572599999999": 6821,
    "0.005470065999999999": 767,
    "0.006528559399999999": 270,
    "0.007587052799999999": 35,
    "0.0086455462": 53,
    "0.009704039599999999": 259,
    "0.010762533": 603
  },
  "latencyPercentiles": {
    "p10": 0.000982893,
    "p25": 0.001043693,
    "p50": 0.001213392,
    "p75": 0.001280592,
    "p90": 0.001367492,
    "p95": 0.001902489,
    "p99": 0.004084273
  },
  "rps": {
    "mean": 38832.92225306228,
    "stddev": 8277.637566144243,
    "max": 51050.81224781066,
    "percentiles": {
      "p10": 29201.646972888702,
      "p25": 36426.79919616853,
      "p50": 43040.155963880075,
      "p75": 43589.89501866142,
      "p90": 43913.75622246884,
      "p95": 44140.807762642056,
      "p99": 44718.620833715744
    }
  },
  "details": {
    "DNSDialup": {
      "average": 0.0007220979000000001,
      "fastest": 0.0000378,
      "slowest": 0.001046494
    },
    "DNSLookup": {
      "average": 0.0000043579800000000024,
      "fastest": 0.0000029,
      "slowest": 0.0000317
    }
  },
  "statusCodeDistribution": {
    "200": 388299
  },
  "errorDistribution": {}
}