{
  "summary": {
    "successRate": 1,
    "total": 10.001525307,
    "slowest": 0.01779338,
    "fastest": 0.000204202,
    "average": 0.001459650206031199,
    "requestsPerSec": 34203.682888306466,
    "totalData": 4447157,
    "sizePerRequest": 13,
    "sizePerSec": 444647.8775479841
  },
  "responseTimeHistogram": {
    "0.000204202": 1,
    "0.0019631198": 322786,
    "0.0037220376000000003": 10750,
    "0.0054809554": 6638,
    "0.0072398732": 743,
    "0.008998791": 240,
    "0.010757708800000002": 194,
    "0.0125166266": 607,
    "0.014275544400000001": 80,
    "0.016034462200000002": 0,
    "0.01779338": 50
  },
  "latencyPercentiles": {
    "p10": 0.001108711,
    "p25": 0.001174212,
    "p50": 0.001347113,
    "p75": 0.001442215,
    "p90": 0.001534516,
    "p95": 0.002112021,
    "p99": 0.005128053
  },
  "rps": {
    "mean": 34355.084455879216,
    "stddev": 8303.270402103593,
    "max": 40738.71665799719,
    "percentiles": {
      "p10": 22675.734686278658,
      "p25": 35187.41342177331,
      "p50": 38280.37994298485,
      "p75": 38914.02323639718,
      "p90": 39424.08323765103,
      "p95": 39700.79004572113,
      "p99": 40091.77470877289
    }
  },
  "details": {
    "DNSDialup": {
      "average": 0.0016691208799999996,
      "fastest": 0.000089401,
      "slowest": 0.001834119
    },
    "DNSLookup": {
      "average": 0.00000522002,
      "fastest": 0.000004,
      "slowest": 0.000041501
    }
  },
  "statusCodeDistribution": {
    "200": 342089
  },
  "errorDistribution": {}
}