{
  "summary": {
    "successRate": 1,
    "total": 10.00154275,
    "slowest": 0.013378242,
    "fastest": 0.000427518,
    "average": 0.0014129823316373336,
    "requestsPerSec": 35331.94916354279,
    "totalData": 4593862,
    "sizePerRequest": 13,
    "sizePerSec": 459315.3391260563
  },
  "responseTimeHistogram": {
    "0.000427518": 1,
    "0.0017225904": 337180,
    "0.0030176628000000002": 7559,
    "0.004312735200000001": 1686,
    "0.0056078076000000004": 5906,
    "0.00690288": 191,
    "0.0081979524": 0,
    "0.009493024800000001": 40,
    "0.010788097200000001": 154,
    "0.0120831696": 443,
    "0.013378242": 214
  },
  "latencyPercentiles": {
    "p10": 0.001113344,
    "p25": 0.001173847,
    "p50": 0.001323854,
    "p75": 0.001444358,
    "p90": 0.00150976,
    "p95": 0.001663866,
    "p99": 0.004960801
  },
  "rps": {
    "mean": 35405.3703806333,
    "stddev": 7133.52551406543,
    "max": 41208.22516174112,
    "percentiles": {
      "p10": 24311.094408116234,
      "p25": 36940.733110933565,
      "p50": 38364.95780909082,
      "p75": 38896.15383746779,
      "p90": 39307.865503882604,
      "p95": 39623.647023952515,
      "p99": 40143.56799681882
    }
  },
  "details": {
    "DNSDialup": {
      "average": 0.0014156918999999998,
      "fastest": 0.000068402,
      "slowest": 0.001573462
    },
    "DNSLookup": {
      "average": 0.0000044141000000000015,
      "fastest": 0.0000033,
      "slowest": 0.000039102
    }
  },
  "statusCodeDistribution": {
    "200": 353374
  },
  "errorDistribution": {}
}