{
  "summary": {
    "successRate": 1,
    "total": 10.001178304,
    "slowest": 0.01206469,
    "fastest": 0.0003448,
    "average": 0.0012627791188476944,
    "requestsPerSec": 39547.64008574964,
    "totalData": 5141799,
    "sizePerRequest": 13,
    "sizePerSec": 514119.32111474534
  },
  "responseTimeHistogram": {
    "0.0003448": 1,
    "0.001516789": 366891,
    "0.002688778": 17536,
    "0.003860767": 6007,
    "0.005032756": 3782,
    "0.006204745": 269,
    "0.007376734": 107,
    "0.008548723": 116,
    "0.009720712": 231,
    "0.010892701": 582,
    "0.01206469": 1
  },
  "latencyPercentiles": {
    "p10": 0.000973998,
    "p25": 0.001031399,
    "p50": 0.001199798,
    "p75": 0.001265999,
    "p90": 0.001344599,
    "p95": 0.001846598,
    "p99": 0.003994096
  },
  "rps": {
    "mean": 39527.660284970305,
    "stddev": 8053.937369020314,
    "max": 45776.28906682453,
    "percentiles": {
      "p10": 29957.839600917036,
      "p25": 37404.518465831585,
      "p50": 43520.92050648765,
      "p75": 44035.480421510365,
      "p90": 44443.59597579548,
      "p95": 44844.44292825991,
      "p99": 45316.95040903164
    }
  },
  "details": {
    "DNSDialup": {
      "average": 0.0013095549599999995,
      "fastest": 0.0000652,
      "slowest": 0.002792598
    },
    "DNSLookup": {
      "average": 0.000004174000000000001,
      "fastest": 0.000003,
      "slowest": 0.0000328
    }
  },
  "statusCodeDistribution": {
    "200": 395523
  },
  "errorDistribution": {}
}