{
  "summary": {
    "successRate": 1,
    "total": 10.001594477,
    "slowest": 0.012788326,
    "fastest": 0.0003591,
    "average": 0.0014027462073498205,
    "requestsPerSec": 35592.62483783265,
    "totalData": 4627779,
    "sizePerRequest": 13,
    "sizePerSec": 462704.1228918244
  },
  "responseTimeHistogram": {
    "0.0003591": 1,
    "0.0016020226": 332645,
    "0.0028449452": 13918,
    "0.0040878678000000005": 1633,
    "0.0053307904": 6465,
    "0.006573713": 559,
    "0.0078166356": 12,
    "0.0090595582": 94,
    "0.0103024808": 102,
    "0.0115454034": 110,
    "0.012788326": 444
  },
  "latencyPercentiles": {
    "p10": 0.001089919,
    "p25": 0.001145299,
    "p50": 0.001325798,
    "p75": 0.001412299,
    "p90": 0.001480837,
    "p95": 0.001931298,
    "p99": 0.004874286
  },
  "rps": {
    "mean": 35665.116751971356,
    "stddev": 7588.153365574281,
    "max": 40980.90668821011,
    "percentiles": {
      "p10": 24681.06128973211,
      "p25": 37367.30224807934,
      "p50": 39118.87094334179,
      "p75": 39643.51026178099,
      "p90": 40075.76534894258,
      "p95": 40328.85876954332,
      "p99": 40671.498521224494
    }
  },
  "details": {
    "DNSDialup": {
      "average": 0.0015825772600000002,
      "fastest": 0.000069201,
      "slowest": 0.003406563
    },
    "DNSLookup": {
      "average": 0.0000056161,
      "fastest": 0.0000038,
      "slowest": 0.0000371
    }
  },
  "statusCodeDistribution": {
    "200": 355983
  },
  "errorDistribution": {}
}