{
  "summary": {
    "successRate": 1,
    "total": 10.001621277,
    "slowest": 0.01319418,
    "fastest": 0.000175802,
    "average": 0.0014481492476110054,
    "requestsPerSec": 34475.11062960637,
    "totalData": 4482491,
    "sizePerRequest": 13,
    "sizePerSec": 448176.4381848829
  },
  "responseTimeHistogram": {
    "0.000175802": 1,
    "0.0014776398": 279190,
    "0.0027794776": 53974,
    "0.0040813153999999996": 3832,
    "0.0053831532": 6369,
    "0.006684991": 525,
    "0.0079868288": 93,
    "0.009288666599999999": 170,
    "0.010590504399999999": 152,
    "0.0118923422": 202,
    "0.01319418": 299
  },
  "latencyPercentiles": {
    "p10": 0.001121715,
    "p25": 0.001178516,
    "p50": 0.001350118,
    "p75": 0.00145702,
    "p90": 0.001538121,
    "p95": 0.002031727,
    "p99": 0.005080269
  },
  "rps": {
    "mean": 34597.95475023548,
    "stddev": 7558.269171800224,
    "max": 43188.38862662954,
    "percentiles": {
      "p10": 23202.234375172287,
      "p25": 35366.80044091934,
      "p50": 38250.5695419493,
      "p75": 38739.45277726889,
      "p90": 39044.51687386749,
      "p95": 39334.767939760444,
      "p99": 39916.69743302389
    }
  },
  "details": {
    "DNSDialup": {
      "average": 0.0016673709199999992,
      "fastest": 0.000079701,
      "slowest": 0.003554649
    },
    "DNSLookup": {
      "average": 0.00000502802,
      "fastest": 0.0000036,
      "slowest": 0.000038801
    }
  },
  "statusCodeDistribution": {
    "200": 344807
  },
  "errorDistribution": {}
}