{
  "summary": {
    "successRate": 1,
    "total": 10.001687271,
    "slowest": 0.011981805,
    "fastest": 0.000274602,
    "average": 0.0014267110952827392,
    "requestsPerSec": 34995.195362172606,
    "totalData": 4550143,
    "sizePerRequest": 13,
    "sizePerSec": 454937.5397082439
  },
  "responseTimeHistogram": {
    "0.000274602": 1,
    "0.0014453222999999999": 287052,
    "0.0026160426": 46913,
    "0.0037867629000000002": 7748,
    "0.0049574832": 6340,
    "0.006128203499999999": 1007,
    "0.0072989238": 83,
    "0.0084696441": 130,
    "0.0096403644": 148,
    "0.010811084700000001": 420,
    "0.011981805": 169
  },
  "latencyPercentiles": {
    "p10": 0.001095009,
    "p25": 0.00114911,
    "p50": 0.001333012,
    "p75": 0.001420713,
    "p90": 0.001513213,
    "p95": 0.00223902,
    "p99": 0.004694841
  },
  "rps": {
    "mean": 35031.33626220516,
    "stddev": 8042.714397185352,
    "max": 42066.66902830149,
    "percentiles": {
      "p10": 24425.43175954819,
      "p25": 35087.765555313934,
      "p50": 38913.670372400105,
      "p75": 39623.825806455294,
      "p90": 40110.90766751262,
      "p95": 40330.826557431916,
      "p99": 40848.64601620179
    }
  },
  "details": {
    "DNSDialup": {
      "average": 0.00155895576,
      "fastest": 0.000071601,
      "slowest": 0.001801916
    },
    "DNSLookup": {
      "average": 0.000005404019999999998,
      "fastest": 0.000004,
      "slowest": 0.000039401
    }
  },
  "statusCodeDistribution": {
    "200": 350011
  },
  "errorDistribution": {}
}