{
  "summary": {
    "successRate": 1,
    "total": 10.003033744,
    "slowest": 0.01260167,
    "fastest": 0.0002368,
    "average": 0.0012932682356160974,
    "requestsPerSec": 38590.492632451926,
    "totalData": 5018286,
    "sizePerRequest": 13,
    "sizePerSec": 501676.40422187507
  },
  "responseTimeHistogram": {
    "0.0002368": 1,
    "0.0014732870000000002": 349358,
    "0.0027097740000000003": 27005,
    "0.003946261": 4123,
    "0.005182748": 4402,
    "0.006419235": 256,
    "0.007655722": 2,
    "0.008892209000000002": 104,
    "0.010128696000000001": 189,
    "0.011365183000000001": 524,
    "0.01260167": 58
  },
  "latencyPercentiles": {
    "p10": 0.000978898,
    "p25": 0.001036098,
    "p50": 0.001212,
    "p75": 0.001274297,
    "p90": 0.0014172,
    "p95": 0.0021377,
    "p99": 0.004159091
  },
  "rps": {
    "mean": 38648.382430678896,
    "stddev": 8721.468926690237,
    "max": 46092.17642302413,
    "percentiles": {
      "p10": 25002.057669345984,
      "p25": 32011.520946388642,
      "p50": 43316.13092715788,
      "p75": 43850.315922066235,
      "p90": 44227.879727508334,
      "p95": 44471.65614555632,
      "p99": 44861.730387666095
    }
  },
  "details": {
    "DNSDialup": {
      "average": 0.0013237381599999997,
      "fastest": 0.0000675,
      "slowest": 0.0014948
    },
    "DNSLookup": {
      "average": 0.000004575999999999999,
      "fastest": 0.000003,
      "slowest": 0.0000333
    }
  },
  "statusCodeDistribution": {
    "200": 386022
  },
  "errorDistribution": {}
}