{
  "summary": {
    "successRate": 1,
    "total": 10.00168189,
    "slowest": 0.012492179,
    "fastest": 0.000253403,
    "average": 0.001407958214927962,
    "requestsPerSec": 35460.33596155496,
    "totalData": 4610619,
    "sizePerRequest": 13,
    "sizePerSec": 460984.3675002145
  },
  "responseTimeHistogram": {
    "0.000253403": 1,
    "0.0014772806000000003": 302179,
    "0.0027011582000000004": 42862,
    "0.003925035800000001": 1781,
    "0.005148913400000001": 6195,
    "0.006372791000000001": 699,
    "0.007596668600000001": 112,
    "0.008820546200000001": 108,
    "0.0100444238": 97,
    "0.0112683014": 395,
    "0.012492179": 234
  },
  "latencyPercentiles": {
    "p10": 0.001105614,
    "p25": 0.001161217,
    "p50": 0.001321319,
    "p75": 0.001439119,
    "p90": 0.001513119,
    "p95": 0.001815626,
    "p99": 0.004796161
  },
  "rps": {
    "mean": 35524.13342564866,
    "stddev": 7045.645506390319,
    "max": 41610.21946990147,
    "percentiles": {
      "p10": 24911.181470229916,
      "p25": 36383.214955551644,
      "p50": 38747.341065152,
      "p75": 39181.17466998098,
      "p90": 39598.465514118834,
      "p95": 39951.92485254434,
      "p99": 40618.926835770995
    }
  },
  "details": {
    "DNSDialup": {
      "average": 0.0014906193800000003,
      "fastest": 0.000062701,
      "slowest": 0.003030143
    },
    "DNSLookup": {
      "average": 0.00000521806,
      "fastest": 0.0000034,
      "slowest": 0.0000321
    }
  },
  "statusCodeDistribution": {
    "200": 354663
  },
  "errorDistribution": {}
}