{
  "summary": {
    "successRate": 1,
    "total": 10.001523541,
    "slowest": 0.013406319,
    "fastest": 0.000292905,
    "average": 0.0014311992978943615,
    "requestsPerSec": 34886.58488575766,
    "totalData": 4535947,
    "sizePerRequest": 13,
    "sizePerSec": 453525.60351484956
  },
  "responseTimeHistogram": {
    "0.000292905": 1,
    "0.0016042464": 323506,
    "0.0029155878": 15354,
    "0.0042269292": 2630,
    "0.005538270600000001": 6112,
    "0.006849612": 404,
    "0.0081609534": 73,
    "0.0094722948": 78,
    "0.0107836362": 144,
    "0.012094977600000001": 413,
    "0.013406319": 204
  },
  "latencyPercentiles": {
    "p10": 0.001112418,
    "p25": 0.001168419,
    "p50": 0.001349722,
    "p75": 0.001450023,
    "p90": 0.001525725,
    "p95": 0.00181643,
    "p99": 0.004987882
  },
  "rps": {
    "mean": 35019.00040662207,
    "stddev": 7407.5165425795585,
    "max": 46383.96097201908,
    "percentiles": {
      "p10": 23698.933608755007,
      "p25": 36116.37452987336,
      "p50": 38384.203427057364,
      "p75": 38880.1657312869,
      "p90": 39334.436809024905,
      "p95": 39650.09261574816,
      "p99": 40353.54266317658
    }
  },
  "details": {
    "DNSDialup": {
      "average": 0.0016418189399999997,
      "fastest": 0.000083201,
      "slowest": 0.003305554
    },
    "DNSLookup": {
      "average": 0.000005754119999999998,
      "fastest": 0.0000037,
      "slowest": 0.000040901
    }
  },
  "statusCodeDistribution": {
    "200": 348919
  },
  "errorDistribution": {}
}