{
  "summary": {
    "successRate": 1,
    "total": 10.001505729,
    "slowest": 0.012349731,
    "fastest": 0.000371397,
    "average": 0.0013042894463271052,
    "requestsPerSec": 38296.63356482391,
    "totalData": 4979312,
    "sizePerRequest": 13,
    "sizePerSec": 497856.2363427108
  },
  "responseTimeHistogram": {
    "0.000371397": 1,
    "0.0015692303999999997": 355145,
    "0.0027670637999999996": 18230,
    "0.003964897199999999": 3472,
    "0.005162730599999999": 5002,
    "0.006360563999999999": 283,
    "0.007558397399999999": 37,
    "0.008756230799999999": 61,
    "0.0099540642": 145,
    "0.0111518976": 533,
    "0.012349731": 115
  },
  "latencyPercentiles": {
    "p10": 0.000994694,
    "p25": 0.001058094,
    "p50": 0.001237093,
    "p75": 0.001299893,
    "p90": 0.001402192,
    "p95": 0.00190399,
    "p99": 0.004267576
  },
  "rps": {
    "mean": 38356.30580707272,
    "stddev": 8048.909039480954,
    "max": 72626.10405645323,
    "percentiles": {
      "p10": 28712.857534678486,
      "p25": 36065.74162875689,
      "p50": 42224.726800013224,
      "p75": 42943.58972792979,
      "p90": 43323.637376554594,
      "p95": 43561.85406879261,
      "p99": 44036.90721954928
    }
  },
  "details": {
    "DNSDialup": {
      "average": 0.0012785228399999997,
      "fastest": 0.000066299,
      "slowest": 0.001448192
    },
    "DNSLookup": {
      "average": 0.000004043979999999999,
      "fastest": 0.000002999,
      "slowest": 0.0000317
    }
  },
  "statusCodeDistribution": {
    "200": 383024
  },
  "errorDistribution": {}
}