{
  "summary": {
    "successRate": 1,
    "total": 10.002001015,
    "slowest": 0.013002426,
    "fastest": 0.000277599,
    "average": 0.0012920659200472693,
    "requestsPerSec": 38656.36480341829,
    "totalData": 5026333,
    "sizePerRequest": 13,
    "sizePerSec": 502532.7424444378
  },
  "responseTimeHistogram": {
    "0.000277599": 1,
    "0.0015500816999999998": 360863,
    "0.0028225643999999998": 15143,
    "0.0040950471": 6115,
    "0.0053675298": 3014,
    "0.0066400124999999996": 485,
    "0.0079124952": 78,
    "0.009184977899999999": 276,
    "0.0104574606": 388,
    "0.0117299433": 228,
    "0.013002426": 50
  },
  "latencyPercentiles": {
    "p10": 0.000991698,
    "p25": 0.001048098,
    "p50": 0.001226398,
    "p75": 0.001290797,
    "p90": 0.001363997,
    "p95": 0.001858697,
    "p99": 0.004179992
  },
  "rps": {
    "mean": 38685.411684408005,
    "stddev": 8252.272888138903,
    "max": 46187.19769496364,
    "percentiles": {
      "p10": 29116.072071784838,
      "p25": 37809.30094725338,
      "p50": 42649.1331791628,
      "p75": 43211.749274633665,
      "p90": 43675.22500271171,
      "p95": 43946.671364987946,
      "p99": 44526.605414433616
    }
  },
  "details": {
    "DNSDialup": {
      "average": 0.00133319838,
      "fastest": 0.0000692,
      "slowest": 0.00173769
    },
    "DNSLookup": {
      "average": 0.000004586,
      "fastest": 0.000003,
      "slowest": 0.0000351
    }
  },
  "statusCodeDistribution": {
    "200": 386641
  },
  "errorDistribution": {}
}