{
  "summary": {
    "successRate": 1,
    "total": 10.001725918,
    "slowest": 0.013358018,
    "fastest": 0.000344201,
    "average": 0.0015738238746716168,
    "requestsPerSec": 31741.521673639607,
    "totalData": 4127110,
    "sizePerRequest": 13,
    "sizePerSec": 412639.7817573149
  },
  "responseTimeHistogram": {
    "0.000344201": 1,
    "0.0016455826999999998": 248388,
    "0.0029469644": 65146,
    "0.0042483461": 2276,
    "0.005549727799999999": 668,
    "0.006851109499999999": 152,
    "0.0081524912": 662,
    "0.0094538729": 125,
    "0.0107552546": 1,
    "0.0120566363": 2,
    "0.013358018": 49
  },
  "latencyPercentiles": {
    "p10": 0.001218101,
    "p25": 0.001293502,
    "p50": 0.001576801,
    "p75": 0.001636101,
    "p90": 0.001735501,
    "p95": 0.002383303,
    "p99": 0.003169303
  },
  "rps": {
    "mean": 31763.32496610596,
    "stddev": 4413.682678968597,
    "max": 37567.18817944475,
    "percentiles": {
      "p10": 28901.083068089487,
      "p25": 30110.712610126415,
      "p50": 33509.33905279363,
      "p75": 34130.35092496779,
      "p90": 34787.98174625137,
      "p95": 35176.45259463885,
      "p99": 35605.96727526732
    }
  },
  "details": {
    "DNSDialup": {
      "average": 0.0012075075400000003,
      "fastest": 0.0000611,
      "slowest": 0.001399202
    },
    "DNSLookup": {
      "average": 0.00000413202,
      "fastest": 0.0000029,
      "slowest": 0.0000337
    }
  },
  "statusCodeDistribution": {
    "200": 317470
  },
  "errorDistribution": {}
}