{
  "summary": {
    "successRate": 1,
    "total": 10.001603028,
    "slowest": 0.014587415,
    "fastest": 0.000329905,
    "average": 0.0017036519699208984,
    "requestsPerSec": 29311.30131632735,
    "totalData": 3811080,
    "sizePerRequest": 13,
    "sizePerSec": 381046.9171122555
  },
  "responseTimeHistogram": {
    "0.000329905": 1,
    "0.001755656": 230744,
    "0.003181407": 54775,
    "0.004607158": 5858,
    "0.0060329089999999995": 792,
    "0.007458659999999999": 291,
    "0.008884411": 577,
    "0.010310162": 72,
    "0.011735912999999999": 0,
    "0.013161663999999998": 0,
    "0.014587414999999998": 50
  },
  "latencyPercentiles": {
    "p10": 0.001305419,
    "p25": 0.001402521,
    "p50": 0.001666824,
    "p75": 0.001740926,
    "p90": 0.001867127,
    "p95": 0.00276334,
    "p99": 0.003871757
  },
  "rps": {
    "mean": 29305.87912734224,
    "stddev": 4584.484581681705,
    "max": 33672.64475155514,
    "percentiles": {
      "p10": 25161.12620379299,
      "p25": 27577.24911546727,
      "p50": 31249.865410234423,
      "p75": 31846.341929199065,
      "p90": 32490.291992701957,
      "p95": 32772.026451620106,
      "p99": 33129.98657267181
    }
  },
  "details": {
    "DNSDialup": {
      "average": 0.00141788688,
      "fastest": 0.000067601,
      "slowest": 0.001578123
    },
    "DNSLookup": {
      "average": 0.000004356079999999999,
      "fastest": 0.0000033,
      "slowest": 0.000036801
    }
  },
  "statusCodeDistribution": {
    "200": 293160
  },
  "errorDistribution": {}
}