{
  "summary": {
    "successRate": 1,
    "total": 10.001756186,
    "slowest": 0.014876968,
    "fastest": 0.000365507,
    "average": 0.0017204873707661855,
    "requestsPerSec": 29022.90303840046,
    "totalData": 3773640,
    "sizePerRequest": 13,
    "sizePerSec": 377297.739499206
  },
  "responseTimeHistogram": {
    "0.000365507": 1,
    "0.0018166531000000001": 250419,
    "0.0032677992000000006": 32250,
    "0.004718945300000001": 5876,
    "0.006170091400000001": 866,
    "0.007621237500000001": 222,
    "0.009072383600000001": 518,
    "0.010523529700000001": 29,
    "0.011974675800000001": 65,
    "0.0134258219": 22,
    "0.014876968": 12
  },
  "latencyPercentiles": {
    "p10": 0.001317223,
    "p25": 0.001402825,
    "p50": 0.00168413,
    "p75": 0.001758932,
    "p90": 0.001872834,
    "p95": 0.002956454,
    "p99": 0.00387757
  },
  "rps": {
    "mean": 29018.924420681313,
    "stddev": 4797.2496011466,
    "max": 33635.4869816768,
    "percentiles": {
      "p10": 25221.117901301393,
      "p25": 26949.60454231135,
      "p50": 31286.213404809274,
      "p75": 31711.027837270285,
      "p90": 32158.27078666616,
      "p95": 32515.6470226188,
      "p99": 32890.09911702855
    }
  },
  "details": {
    "DNSDialup": {
      "average": 0.0019068363000000002,
      "fastest": 0.000097002,
      "slowest": 0.003667366
    },
    "DNSLookup": {
      "average": 0.000006104120000000001,
      "fastest": 0.0000042,
      "slowest": 0.000041401
    }
  },
  "statusCodeDistribution": {
    "200": 290280
  },
  "errorDistribution": {}
}