{
  "summary": {
    "successRate": 1,
    "total": 10.00228034,
    "slowest": 0.024636069,
    "fastest": 0.000348602,
    "average": 0.002728747006387199,
    "requestsPerSec": 18298.12740481537,
    "totalData": 2379299,
    "sizePerRequest": 13,
    "sizePerSec": 237875.6562625998
  },
  "responseTimeHistogram": {
    "0.000348602": 1,
    "0.0027773487": 136607,
    "0.0052060954": 41378,
    "0.007634842100000001": 3880,
    "0.0100635888": 601,
    "0.0124923355": 418,
    "0.014921082200000001": 38,
    "0.0173498289": 57,
    "0.0197785756": 13,
    "0.022207322300000002": 29,
    "0.024636069": 1
  },
  "latencyPercentiles": {
    "p10": 0.001935513,
    "p25": 0.002305415,
    "p50": 0.002535617,
    "p75": 0.002784019,
    "p90": 0.003662225,
    "p95": 0.004558731,
    "p99": 0.006865747
  },
  "rps": {
    "mean": 18315.576659113485,
    "stddev": 3839.8573091228704,
    "max": 24458.745167006447,
    "percentiles": {
      "p10": 13275.18448523883,
      "p25": 16772.577653710327,
      "p50": 19706.373041040617,
      "p75": 20824.900864794097,
      "p90": 21635.509687827707,
      "p95": 22136.486296756557,
      "p99": 22820.837706909897
    }
  },
  "details": {
    "DNSDialup": {
      "average": 0.005632934700000001,
      "fastest": 0.0000991,
      "slowest": 0.010573673
    },
    "DNSLookup": {
      "average": 0.000009126060000000001,
      "fastest": 0.0000057,
      "slowest": 0.000041001
    }
  },
  "statusCodeDistribution": {
    "200": 183023
  },
  "errorDistribution": {}
}