{
  "summary": {
    "successRate": 1,
    "total": 10.001587653,
    "slowest": 0.013911428,
    "fastest": 0.000153199,
    "average": 0.001661604242896576,
    "requestsPerSec": 30058.22779644643,
    "totalData": 3908190,
    "sizePerRequest": 13,
    "sizePerSec": 390756.9613538036
  },
  "responseTimeHistogram": {
    "0.000153199": 1,
    "0.0015290218999999999": 118322,
    "0.0029048448": 175578,
    "0.004280667699999999": 4447,
    "0.0056564905999999995": 1448,
    "0.0070323135": 204,
    "0.008408136399999998": 530,
    "0.009783959299999999": 26,
    "0.0111597822": 24,
    "0.0125356051": 32,
    "0.013911428": 18
  },
  "latencyPercentiles": {
    "p10": 0.001231494,
    "p25": 0.001305593,
    "p50": 0.001584392,
    "p75": 0.001670091,
    "p90": 0.002420187,
    "p95": 0.002601187,
    "p99": 0.003771381
  },
  "rps": {
    "mean": 30066.194825794802,
    "stddev": 6089.347538803886,
    "max": 36008.893887258295,
    "percentiles": {
      "p10": 20100.506532765903,
      "p25": 29458.77615017461,
      "p50": 33309.163350837865,
      "p75": 34169.44586788455,
      "p90": 34519.506973391195,
      "p95": 35020.49048898916,
      "p99": 35421.126391819475
    }
  },
  "details": {
    "DNSDialup": {
      "average": 0.0013028093000000001,
      "fastest": 0.0000887,
      "slowest": 0.002796585
    },
    "DNSLookup": {
      "average": 0.000004215939999999999,
      "fastest": 0.000003,
      "slowest": 0.000033699
    }
  },
  "statusCodeDistribution": {
    "200": 300630
  },
  "errorDistribution": {}
}