{
  "summary": {
    "successRate": 1,
    "total": 10.001644545,
    "slowest": 0.013356398,
    "fastest": 0.0003473,
    "average": 0.0016584252254491394,
    "requestsPerSec": 30120.246589907183,
    "totalData": 3916276,
    "sizePerRequest": 13,
    "sizePerSec": 391563.20566879335
  },
  "responseTimeHistogram": {
    "0.0003473": 1,
    "0.0016482098000000001": 222497,
    "0.0029491196000000003": 68953,
    "0.0042500294": 7235,
    "0.0055509392000000005": 1232,
    "0.006851849": 626,
    "0.0081527588": 566,
    "0.009453668600000001": 42,
    "0.010754578400000001": 26,
    "0.0120554882": 25,
    "0.013356398": 49
  },
  "latencyPercentiles": {
    "p10": 0.001224099,
    "p25": 0.0013006,
    "p50": 0.0015807,
    "p75": 0.0016525,
    "p90": 0.0023866,
    "p95": 0.002864299,
    "p99": 0.004114999
  },
  "rps": {
    "mean": 30116.277409970186,
    "stddev": 6344.248137294749,
    "max": 35924.54362502586,
    "percentiles": {
      "p10": 17965.140733377146,
      "p25": 29430.107429087726,
      "p50": 33183.63270951805,
      "p75": 34133.79928805408,
      "p90": 34853.47669526924,
      "p95": 35142.84761990689,
      "p99": 35529.861194541656
    }
  },
  "details": {
    "DNSDialup": {
      "average": 0.0012150259999999995,
      "fastest": 0.0000646,
      "slowest": 0.0013862
    },
    "DNSLookup": {
      "average": 0.000004137999999999998,
      "fastest": 0.000003,
      "slowest": 0.0000303
    }
  },
  "statusCodeDistribution": {
    "200": 301252
  },
  "errorDistribution": {}
}