{
  "summary": {
    "successRate": 1,
    "total": 10.001243232,
    "slowest": 0.013355691,
    "fastest": 0.000404097,
    "average": 0.0015921727736089005,
    "requestsPerSec": 31374.099471556576,
    "totalData": 4079140,
    "sizePerRequest": 13,
    "sizePerSec": 407863.2931302355
  },
  "responseTimeHistogram": {
    "0.000404097": 1,
    "0.0016992563999999998": 267921,
    "0.0029944157999999997": 41875,
    "0.0042895751999999995": 2517,
    "0.005584734599999999": 460,
    "0.006879893999999999": 207,
    "0.0081750534": 671,
    "0.0094702128": 78,
    "0.0107653722": 0,
    "0.012060531599999999": 14,
    "0.013355691": 36
  },
  "latencyPercentiles": {
    "p10": 0.001224491,
    "p25": 0.001295389,
    "p50": 0.001577187,
    "p75": 0.001643412,
    "p90": 0.001837614,
    "p95": 0.00247668,
    "p99": 0.003194374
  },
  "rps": {
    "mean": 31368.41886698588,
    "stddev": 4984.81801559339,
    "max": 36096.921158874815,
    "percentiles": {
      "p10": 24442.50153970541,
      "p25": 30010.749850596298,
      "p50": 33616.55615390592,
      "p75": 34214.61350669076,
      "p90": 34794.49692699974,
      "p95": 35129.996011350195,
      "p99": 35578.55120459438
    }
  },
  "details": {
    "DNSDialup": {
      "average": 0.0007228281200000001,
      "fastest": 0.0000385,
      "slowest": 0.001041091
    },
    "DNSLookup": {
      "average": 0.0000044819,
      "fastest": 0.0000029,
      "slowest": 0.000034599
    }
  },
  "statusCodeDistribution": {
    "200": 313780
  },
  "errorDistribution": {}
}