{
  "summary": {
    "successRate": 1,
    "total": 10.004539671,
    "slowest": 0.020419437,
    "fastest": 0.000652304,
    "average": 0.0026590036247263536,
    "requestsPerSec": 18766.580589832716,
    "totalData": 2440763,
    "sizePerRequest": 13,
    "sizePerSec": 243965.54766782533
  },
  "responseTimeHistogram": {
    "0.000652304": 1,
    "0.0026290172999999997": 123801,
    "0.0046057306": 56678,
    "0.006582443899999999": 5761,
    "0.008559157199999999": 979,
    "0.010535870499999999": 322,
    "0.012512583799999998": 159,
    "0.014489297099999998": 0,
    "0.016466010399999998": 0,
    "0.018442723699999997": 41,
    "0.020419437": 9
  },
  "latencyPercentiles": {
    "p10": 0.001912013,
    "p25": 0.002300115,
    "p50": 0.002523417,
    "p75": 0.002709318,
    "p90": 0.003402223,
    "p95": 0.00443293,
    "p99": 0.006180541
  },
  "rps": {
    "mean": 18760.75955256103,
    "stddev": 3702.140935499024,
    "max": 25192.420805438578,
    "percentiles": {
      "p10": 13304.035113850074,
      "p25": 17402.516648153567,
      "p50": 20124.819940431014,
      "p75": 21070.011011187577,
      "p90": 21792.67589672937,
      "p95": 22285.712202937942,
      "p99": 23119.13824637544
    }
  },
  "details": {
    "DNSDialup": {
      "average": 0.0022391610200000007,
      "fastest": 0.000098601,
      "slowest": 0.004353629
    },
    "DNSLookup": {
      "average": 0.000007085999999999999,
      "fastest": 0.0000052,
      "slowest": 0.0000458
    }
  },
  "statusCodeDistribution": {
    "200": 187751
  },
  "errorDistribution": {}
}