{
  "summary": {
    "successRate": 1,
    "total": 10.001656348,
    "slowest": 0.014298296,
    "fastest": 0.000417835,
    "average": 0.0018090291813518775,
    "requestsPerSec": 27601.428242953265,
    "totalData": 3588780,
    "sizePerRequest": 13,
    "sizePerSec": 358818.56715839246
  },
  "responseTimeHistogram": {
    "0.000417835": 1,
    "0.0018058811": 187725,
    "0.0031939272": 75683,
    "0.0045819733": 10581,
    "0.0059700194": 1034,
    "0.0073580655": 330,
    "0.0087461116": 379,
    "0.0101341577": 227,
    "0.0115222038": 50,
    "0.0129102499": 0,
    "0.014298296": 50
  },
  "latencyPercentiles": {
    "p10": 0.001363725,
    "p25": 0.001434326,
    "p50": 0.001737428,
    "p75": 0.001834134,
    "p90": 0.002480313,
    "p95": 0.003118508,
    "p99": 0.004259635
  },
  "rps": {
    "mean": 27583.87298735461,
    "stddev": 5273.545452184771,
    "max": 32736.3740837571,
    "percentiles": {
      "p10": 19506.946423621404,
      "p25": 25841.24351293949,
      "p50": 30235.841566593113,
      "p75": 31091.010597530832,
      "p90": 31607.094745976385,
      "p95": 31946.37418349162,
      "p99": 32420.482334437867
    }
  },
  "details": {
    "DNSDialup": {
      "average": 0.00155047778,
      "fastest": 0.000078103,
      "slowest": 0.001794462
    },
    "DNSLookup": {
      "average": 0.000004930160000000001,
      "fastest": 0.0000039,
      "slowest": 0.000037301
    }
  },
  "statusCodeDistribution": {
    "200": 276060
  },
  "errorDistribution": {}
}