{
  "summary": {
    "successRate": 1,
    "total": 10.002765005,
    "slowest": 0.022382685,
    "fastest": 0.000206602,
    "average": 0.0027559578858894155,
    "requestsPerSec": 18116.890670671113,
    "totalData": 2355847,
    "sizePerRequest": 13,
    "sizePerSec": 235519.57871872446
  },
  "responseTimeHistogram": {
    "0.000206602": 1,
    "0.0024242103": 52643,
    "0.0046418186": 120646,
    "0.0068594269": 5947,
    "0.0090770352": 1348,
    "0.0112946435": 483,
    "0.0135122518": 36,
    "0.0157298601": 15,
    "0.0179474684": 33,
    "0.0201650767": 38,
    "0.022382685": 29
  },
  "latencyPercentiles": {
    "p10": 0.001986316,
    "p25": 0.002381418,
    "p50": 0.00256002,
    "p75": 0.002774722,
    "p90": 0.003598929,
    "p95": 0.004527535,
    "p99": 0.007018654
  },
  "rps": {
    "mean": 18123.260390353258,
    "stddev": 3561.422507889426,
    "max": 23594.68655901398,
    "percentiles": {
      "p10": 13209.937950737014,
      "p25": 16765.762024967094,
      "p50": 19320.856300351108,
      "p75": 20485.855878878905,
      "p90": 21219.544516111695,
      "p95": 21608.965024713296,
      "p99": 22246.20433026891
    }
  },
  "details": {
    "DNSDialup": {
      "average": 0.0022437325200000005,
      "fastest": 0.000087201,
      "slowest": 0.002648822
    },
    "DNSLookup": {
      "average": 0.00000816608,
      "fastest": 0.0000058,
      "slowest": 0.000047701
    }
  },
  "statusCodeDistribution": {
    "200": 181219
  },
  "errorDistribution": {}
}