{
  "summary": {
    "successRate": 1,
    "total": 10.001636942,
    "slowest": 0.01499353,
    "fastest": 0.000295102,
    "average": 0.001736915766342462,
    "requestsPerSec": 28745.49452926943,
    "totalData": 3737526,
    "sizePerRequest": 13,
    "sizePerSec": 373691.4288805026
  },
  "responseTimeHistogram": {
    "0.000295102": 1,
    "0.0017649448": 192090,
    "0.0032347875999999996": 89529,
    "0.0047046304": 4231,
    "0.0061744732": 748,
    "0.007644316": 247,
    "0.0091141588": 505,
    "0.0105840016": 20,
    "0.0120538444": 63,
    "0.013523687199999999": 22,
    "0.01499353": 46
  },
  "latencyPercentiles": {
    "p10": 0.001341212,
    "p25": 0.001410413,
    "p50": 0.001705515,
    "p75": 0.001792315,
    "p90": 0.001917916,
    "p95": 0.002983526,
    "p99": 0.003814133
  },
  "rps": {
    "mean": 28738.637668739,
    "stddev": 4886.008995945727,
    "max": 34477.35773410718,
    "percentiles": {
      "p10": 24679.904670832886,
      "p25": 27184.34793710093,
      "p50": 30939.392973745147,
      "p75": 31516.188764631424,
      "p90": 31822.17117982202,
      "p95": 32162.066937767173,
      "p99": 32620.92306005072
    }
  },
  "details": {
    "DNSDialup": {
      "average": 0.0016190280200000006,
      "fastest": 0.000080601,
      "slowest": 0.00345613
    },
    "DNSLookup": {
      "average": 0.0000050060200000000006,
      "fastest": 0.0000038,
      "slowest": 0.0000364
    }
  },
  "statusCodeDistribution": {
    "200": 287502
  },
  "errorDistribution": {}
}