{
  "summary": {
    "successRate": 1,
    "total": 10.001627,
    "slowest": 0.014799345,
    "fastest": 0.000338006,
    "average": 0.001750076974592968,
    "requestsPerSec": 28530.758045665974,
    "totalData": 3709602,
    "sizePerRequest": 13,
    "sizePerSec": 370899.85459365766
  },
  "responseTimeHistogram": {
    "0.000338006": 1,
    "0.0017841399": 192683,
    "0.0032302738": 83878,
    "0.004676407699999999": 7080,
    "0.0061225416": 1004,
    "0.0075686755": 87,
    "0.009014809399999999": 571,
    "0.010460943299999999": 0,
    "0.0119070772": 0,
    "0.0133532111": 6,
    "0.014799345": 44
  },
  "latencyPercentiles": {
    "p10": 0.001355422,
    "p25": 0.001432723,
    "p50": 0.001722129,
    "p75": 0.001810429,
    "p90": 0.001919232,
    "p95": 0.002880048,
    "p99": 0.003751061
  },
  "rps": {
    "mean": 28535.76915403766,
    "stddev": 4453.268578205505,
    "max": 33185.75555018856,
    "percentiles": {
      "p10": 25136.53595501012,
      "p25": 26484.389126912334,
      "p50": 30486.94905481249,
      "p75": 31082.51564816665,
      "p90": 31513.812699140362,
      "p95": 31830.742619364435,
      "p99": 32331.368817781076
    }
  },
  "details": {
    "DNSDialup": {
      "average": 0.0016212866400000003,
      "fastest": 0.000092101,
      "slowest": 0.003261954
    },
    "DNSLookup": {
      "average": 0.000005536040000000001,
      "fastest": 0.0000038,
      "slowest": 0.000039401
    }
  },
  "statusCodeDistribution": {
    "200": 285354
  },
  "errorDistribution": {}
}