{
  "summary": {
    "successRate": 1,
    "total": 10.001614621,
    "slowest": 0.013804522,
    "fastest": 0.000215802,
    "average": 0.0017862702898001977,
    "requestsPerSec": 27955.78620005299,
    "totalData": 3634839,
    "sizePerRequest": 13,
    "sizePerSec": 363425.22060068883
  },
  "responseTimeHistogram": {
    "0.000215802": 1,
    "0.001574674": 106636,
    "0.0029335460000000004": 157352,
    "0.004292418": 13103,
    "0.005651290000000001": 1557,
    "0.007010162000000001": 301,
    "0.008369034": 349,
    "0.009727906": 220,
    "0.011086778": 34,
    "0.01244565": 0,
    "0.013804522000000001": 50
  },
  "latencyPercentiles": {
    "p10": 0.00137091,
    "p25": 0.001448312,
    "p50": 0.001746715,
    "p75": 0.001842313,
    "p90": 0.002025218,
    "p95": 0.003041022,
    "p99": 0.004019035
  },
  "rps": {
    "mean": 27947.893979770924,
    "stddev": 4555.933723287516,
    "max": 33213.371703445715,
    "percentiles": {
      "p10": 23956.466872081364,
      "p25": 26090.314769850957,
      "p50": 29873.30099372476,
      "p75": 30619.93664074621,
      "p90": 31266.320611979692,
      "p95": 31564.337868385173,
      "p99": 31948.927886735906
    }
  },
  "details": {
    "DNSDialup": {
      "average": 0.0014593289,
      "fastest": 0.0000725,
      "slowest": 0.001594414
    },
    "DNSLookup": {
      "average": 0.000004394040000000001,
      "fastest": 0.0000034,
      "slowest": 0.0000371
    }
  },
  "statusCodeDistribution": {
    "200": 279603
  },
  "errorDistribution": {}
}