{
  "summary": {
    "successRate": 1,
    "total": 10.001631342,
    "slowest": 0.010766985,
    "fastest": 0.000359999,
    "average": 0.0015768638531309198,
    "requestsPerSec": 31664.534431507145,
    "totalData": 4117061,
    "sizePerRequest": 13,
    "sizePerSec": 411638.94760959287
  },
  "responseTimeHistogram": {
    "0.000359999": 1,
    "0.0014006976": 118427,
    "0.0024413962000000003": 180150,
    "0.0034820948000000005": 15164,
    "0.0045227934": 1114,
    "0.005563492": 882,
    "0.0066041906000000004": 129,
    "0.0076448892": 541,
    "0.0086855878": 197,
    "0.0097262864": 33,
    "0.010766985": 59
  },
  "latencyPercentiles": {
    "p10": 0.001218998,
    "p25": 0.001291099,
    "p50": 0.001564998,
    "p75": 0.001628497,
    "p90": 0.001714098,
    "p95": 0.002558296,
    "p99": 0.003403195
  },
  "rps": {
    "mean": 31655.208311636743,
    "stddev": 4973.584995875533,
    "max": 37316.15658718108,
    "percentiles": {
      "p10": 28820.214498448306,
      "p25": 29962.739623993733,
      "p50": 33730.41409248327,
      "p75": 34303.05620540162,
      "p90": 34912.06079380702,
      "p95": 35175.113077165886,
      "p99": 35591.64192703939
    }
  },
  "details": {
    "DNSDialup": {
      "average": 0.0012748643000000002,
      "fastest": 0.0000477,
      "slowest": 0.004685494
    },
    "DNSLookup": {
      "average": 0.000004483979999999999,
      "fastest": 0.0000027,
      "slowest": 0.000033999
    }
  },
  "statusCodeDistribution": {
    "200": 316697
  },
  "errorDistribution": {}
}