{
  "summary": {
    "successRate": 1,
    "total": 10.001523216,
    "slowest": 0.014208332,
    "fastest": 0.000427404,
    "average": 0.001739681665518391,
    "requestsPerSec": 28705.12758903743,
    "totalData": 3732235,
    "sizePerRequest": 13,
    "sizePerSec": 373166.6586574866
  },
  "responseTimeHistogram": {
    "0.000427404": 1,
    "0.0018054968": 220322,
    "0.0031835896000000003": 55833,
    "0.0045616824": 9060,
    "0.0059397752000000005": 949,
    "0.007317868000000001": 162,
    "0.0086959608": 456,
    "0.0100740536": 204,
    "0.0114521464": 11,
    "0.0128302392": 47,
    "0.014208332": 50
  },
  "latencyPercentiles": {
    "p10": 0.001343712,
    "p25": 0.001414913,
    "p50": 0.001708116,
    "p75": 0.001798617,
    "p90": 0.001930818,
    "p95": 0.002947227,
    "p99": 0.003859335
  },
  "rps": {
    "mean": 28699.193776635853,
    "stddev": 4649.323771082667,
    "max": 33296.02620689156,
    "percentiles": {
      "p10": 24931.18142861273,
      "p25": 26505.603007090445,
      "p50": 30809.26434578704,
      "p75": 31435.663699233275,
      "p90": 31750.838709459476,
      "p95": 32045.206172348502,
      "p99": 32508.471707727058
    }
  },
  "details": {
    "DNSDialup": {
      "average": 0.0014136791800000003,
      "fastest": 0.000068901,
      "slowest": 0.001559714
    },
    "DNSLookup": {
      "average": 0.00000437402,
      "fastest": 0.0000032,
      "slowest": 0.0000355
    }
  },
  "statusCodeDistribution": {
    "200": 287095
  },
  "errorDistribution": {}
}