{
  "summary": {
    "successRate": 1,
    "total": 10.001749132,
    "slowest": 0.015064078,
    "fastest": 0.000404304,
    "average": 0.0017200013194303915,
    "requestsPerSec": 29027.222755580708,
    "totalData": 3774199,
    "sizePerRequest": 13,
    "sizePerSec": 377353.8958225492
  },
  "responseTimeHistogram": {
    "0.000404304": 1,
    "0.0018702814": 258317,
    "0.0033362587999999998": 27309,
    "0.0048022362": 3248,
    "0.0062682136": 651,
    "0.0077341910000000005": 260,
    "0.009200168399999998": 487,
    "0.010666145799999999": 0,
    "0.012132123199999999": 0,
    "0.0135981006": 6,
    "0.015064078": 44
  },
  "latencyPercentiles": {
    "p10": 0.001345915,
    "p25": 0.001414016,
    "p50": 0.00169822,
    "p75": 0.001792821,
    "p90": 0.001889121,
    "p95": 0.002760933,
    "p99": 0.003806945
  },
  "rps": {
    "mean": 29007.673192371258,
    "stddev": 4562.259268074242,
    "max": 33504.04686878077,
    "percentiles": {
      "p10": 25838.46054852852,
      "p25": 27420.96264296224,
      "p50": 30917.88599704697,
      "p75": 31518.860886353537,
      "p90": 31949.159585445606,
      "p95": 32257.027291299877,
      "p99": 32541.27861191905
    }
  },
  "details": {
    "DNSDialup": {
      "average": 0.00160836296,
      "fastest": 0.000069601,
      "slowest": 0.003224838
    },
    "DNSLookup": {
      "average": 0.000005414040000000001,
      "fastest": 0.0000038,
      "slowest": 0.0000363
    }
  },
  "statusCodeDistribution": {
    "200": 290323
  },
  "errorDistribution": {}
}