{
  "summary": {
    "successRate": 1,
    "total": 10.001534246,
    "slowest": 0.013045379,
    "fastest": 0.000165099,
    "average": 0.001611825813567434,
    "requestsPerSec": 30985.54605499073,
    "totalData": 4028739,
    "sizePerRequest": 13,
    "sizePerSec": 402812.0987148795
  },
  "responseTimeHistogram": {
    "0.000165099": 1,
    "0.0014531269999999998": 112594,
    "0.002741155": 183983,
    "0.0040291829999999995": 10562,
    "0.005317211": 1593,
    "0.006605239": 316,
    "0.007893266999999999": 677,
    "0.009181294999999999": 59,
    "0.010469322999999999": 68,
    "0.011757351": 12,
    "0.013045379": 38
  },
  "latencyPercentiles": {
    "p10": 0.001210199,
    "p25": 0.001290398,
    "p50": 0.001561398,
    "p75": 0.001632397,
    "p90": 0.002104396,
    "p95": 0.002675196,
    "p99": 0.003821794
  },
  "rps": {
    "mean": 30944.986102305942,
    "stddev": 5816.8414907675115,
    "max": 36066.5417390368,
    "percentiles": {
      "p10": 20793.621889586953,
      "p25": 30280.594831201965,
      "p50": 33488.79889916072,
      "p75": 34515.93600765504,
      "p90": 35027.97271164372,
      "p95": 35374.59989615595,
      "p99": 35840.10298543666
    }
  },
  "details": {
    "DNSDialup": {
      "average": 0.00081044256,
      "fastest": 0.0000462,
      "slowest": 0.001140598
    },
    "DNSLookup": {
      "average": 0.0000042999800000000015,
      "fastest": 0.0000029,
      "slowest": 0.0000335
    }
  },
  "statusCodeDistribution": {
    "200": 309903
  },
  "errorDistribution": {}
}