{
  "summary": {
    "successRate": 1,
    "total": 10.001638491,
    "slowest": 0.01448298,
    "fastest": 0.000261925,
    "average": 0.0019986303142731695,
    "requestsPerSec": 24983.40649133146,
    "totalData": 3248375,
    "sizePerRequest": 13,
    "sizePerSec": 324784.284387309
  },
  "responseTimeHistogram": {
    "0.000261925": 1,
    "0.0016840305000000002": 77232,
    "0.0031061360000000002": 156626,
    "0.0045282415": 12864,
    "0.005950347": 1858,
    "0.0073724524999999996": 629,
    "0.008794558000000001": 201,
    "0.0102166635": 347,
    "0.011638769": 17,
    "0.0130608745": 48,
    "0.01448298": 52
  },
  "latencyPercentiles": {
    "p10": 0.001494943,
    "p25": 0.001624255,
    "p50": 0.001928484,
    "p75": 0.002058096,
    "p90": 0.002300319,
    "p95": 0.003425426,
    "p99": 0.004763054
  },
  "rps": {
    "mean": 24993.621572065877,
    "stddev": 4597.189238147994,
    "max": 30735.185640523196,
    "percentiles": {
      "p10": 20005.369117751205,
      "p25": 23402.08873729055,
      "p50": 26825.583289450227,
      "p75": 27674.712451057254,
      "p90": 28443.347055733608,
      "p95": 28929.77715316843,
      "p99": 29648.46189338908
    }
  },
  "details": {
    "DNSDialup": {
      "average": 0.0008888787799999999,
      "fastest": 0.000069106,
      "slowest": 0.00114661
    },
    "DNSLookup": {
      "average": 0.000005752600000000001,
      "fastest": 0.0000037,
      "slowest": 0.000039504
    }
  },
  "statusCodeDistribution": {
    "200": 249875
  },
  "errorDistribution": {}
}