{
  "summary": {
    "successRate": 1,
    "total": 10.001698166,
    "slowest": 0.014520077,
    "fastest": 0.000331214,
    "average": 0.001720260313834437,
    "requestsPerSec": 29024.071230905407,
    "totalData": 3773770,
    "sizePerRequest": 13,
    "sizePerSec": 377312.9260017703
  },
  "responseTimeHistogram": {
    "0.000331214": 1,
    "0.0017501003": 202865,
    "0.0031689865999999997": 78092,
    "0.0045878729": 7553,
    "0.0060067592": 872,
    "0.0074256454999999996": 250,
    "0.0088445318": 542,
    "0.0102634181": 27,
    "0.0116823044": 38,
    "0.0131011907": 8,
    "0.014520077": 42
  },
  "latencyPercentiles": {
    "p10": 0.001327553,
    "p25": 0.001413356,
    "p50": 0.001682967,
    "p75": 0.00176987,
    "p90": 0.001907176,
    "p95": 0.00277761,
    "p99": 0.003863354
  },
  "rps": {
    "mean": 29041.11828081937,
    "stddev": 4445.977085769255,
    "max": 34642.67214452658,
    "percentiles": {
      "p10": 25032.062236166577,
      "p25": 26907.743927767642,
      "p50": 31196.313769434175,
      "p75": 31627.68495551863,
      "p90": 32048.684225764107,
      "p95": 32389.018017606402,
      "p99": 32829.64788048223
    }
  },
  "details": {
    "DNSDialup": {
      "average": 0.0014621239400000004,
      "fastest": 0.000070503,
      "slowest": 0.002923216
    },
    "DNSLookup": {
      "average": 0.000004716139999999999,
      "fastest": 0.0000031,
      "slowest": 0.000043102
    }
  },
  "statusCodeDistribution": {
    "200": 290290
  },
  "errorDistribution": {}
}