{
  "summary": {
    "successRate": 1,
    "total": 10.003619989,
    "slowest": 0.019008802,
    "fastest": 0.0004582,
    "average": 0.0025861808808740642,
    "requestsPerSec": 19300.313307812914,
    "totalData": 2509949,
    "sizePerRequest": 13,
    "sizePerSec": 250904.0730015679
  },
  "responseTimeHistogram": {
    "0.0004582": 1,
    "0.0023132602": 63962,
    "0.004168320400000001": 118366,
    "0.0060233806": 8265,
    "0.0078784408": 1566,
    "0.009733501000000002": 587,
    "0.011588561200000002": 250,
    "0.013443621400000003": 26,
    "0.015298681600000003": 1,
    "0.0171537418": 48,
    "0.019008802": 1
  },
  "latencyPercentiles": {
    "p10": 0.0019056,
    "p25": 0.002242101,
    "p50": 0.002412,
    "p75": 0.002601,
    "p90": 0.0032641,
    "p95": 0.0042763,
    "p99": 0.0065379
  },
  "rps": {
    "mean": 19304.923162981737,
    "stddev": 3739.272551884991,
    "max": 25893.752088205612,
    "percentiles": {
      "p10": 14902.979588960265,
      "p25": 17721.034666772306,
      "p50": 20778.696792415278,
      "p75": 21703.687456498887,
      "p90": 22275.735272352467,
      "p95": 22606.329772336416,
      "p99": 23313.163129976765
    }
  },
  "details": {
    "DNSDialup": {
      "average": 0.0020340549799999995,
      "fastest": 0.0000835,
      "slowest": 0.004267201
    },
    "DNSLookup": {
      "average": 0.000007541999999999998,
      "fastest": 0.0000055,
      "slowest": 0.0000348
    }
  },
  "statusCodeDistribution": {
    "200": 193073
  },
  "errorDistribution": {}
}