{
  "summary": {
    "successRate": 1,
    "total": 10.002773959,
    "slowest": 0.02001704,
    "fastest": 0.000381503,
    "average": 0.002697752147558326,
    "requestsPerSec": 18500.76796282026,
    "totalData": 2405767,
    "sizePerRequest": 13,
    "sizePerSec": 240509.9835166634
  },
  "responseTimeHistogram": {
    "0.000381503": 1,
    "0.0023450567": 58359,
    "0.0043086104": 117759,
    "0.0062721641": 7221,
    "0.0082357178": 1049,
    "0.0101992715": 432,
    "0.0121628252": 123,
    "0.0141263789": 83,
    "0.0160899326": 2,
    "0.018053486299999998": 29,
    "0.02001704": 1
  },
  "latencyPercentiles": {
    "p10": 0.001962213,
    "p25": 0.002270615,
    "p50": 0.002524718,
    "p75": 0.002832619,
    "p90": 0.003540125,
    "p95": 0.004273328,
    "p99": 0.006147841
  },
  "rps": {
    "mean": 18485.61409207239,
    "stddev": 3596.423248583015,
    "max": 24443.213761018138,
    "percentiles": {
      "p10": 14013.64769780974,
      "p25": 16612.56785685443,
      "p50": 19385.394959609213,
      "p75": 21025.44046439425,
      "p90": 22153.599768636283,
      "p95": 22754.041076134297,
      "p99": 23848.015594602133
    }
  },
  "details": {
    "DNSDialup": {
      "average": 0.0026781227200000004,
      "fastest": 0.000107001,
      "slowest": 0.005601039
    },
    "DNSLookup": {
      "average": 0.000009506099999999999,
      "fastest": 0.0000075,
      "slowest": 0.000041001
    }
  },
  "statusCodeDistribution": {
    "200": 185059
  },
  "errorDistribution": {}
}