{
  "summary": {
    "successRate": 1,
    "total": 10.001745444,
    "slowest": 0.013913979,
    "fastest": 0.0002673,
    "average": 0.0015764274325579042,
    "requestsPerSec": 31676.47104936657,
    "totalData": 4118660,
    "sizePerRequest": 13,
    "sizePerSec": 411794.1236417654
  },
  "responseTimeHistogram": {
    "0.0002673": 1,
    "0.0016319679": 245457,
    "0.0029966358": 66397,
    "0.0043613037": 3003,
    "0.0057259716": 909,
    "0.0070906395": 371,
    "0.0084553074": 572,
    "0.0098199753": 60,
    "0.0111846432": 0,
    "0.0125493111": 49,
    "0.013913979": 1
  },
  "latencyPercentiles": {
    "p10": 0.001220998,
    "p25": 0.001294598,
    "p50": 0.001554798,
    "p75": 0.001623798,
    "p90": 0.001719897,
    "p95": 0.002488096,
    "p99": 0.003546095
  },
  "rps": {
    "mean": 31680.806689634876,
    "stddev": 5012.161362898523,
    "max": 35758.13322346834,
    "percentiles": {
      "p10": 28875.694746208395,
      "p25": 30152.830328809418,
      "p50": 33756.761995297136,
      "p75": 34384.77175439526,
      "p90": 34990.37239902897,
      "p95": 35216.05984907318,
      "p99": 35571.72956816507
    }
  },
  "details": {
    "DNSDialup": {
      "average": 0.0012918301,
      "fastest": 0.0000637,
      "slowest": 0.002787496
    },
    "DNSLookup": {
      "average": 0.000004843999999999999,
      "fastest": 0.000003,
      "slowest": 0.0000374
    }
  },
  "statusCodeDistribution": {
    "200": 316820
  },
  "errorDistribution": {}
}