{
  "summary": {
    "successRate": 1,
    "total": 10.001557318,
    "slowest": 0.014440345,
    "fastest": 0.000423904,
    "average": 0.0017861891978789527,
    "requestsPerSec": 27953.646728278443,
    "totalData": 3634540,
    "sizePerRequest": 13,
    "sizePerSec": 363397.40746761975
  },
  "responseTimeHistogram": {
    "0.000423904": 1,
    "0.0018255481000000002": 217321,
    "0.0032271922000000003": 52665,
    "0.0046288363": 7412,
    "0.0060304804000000005": 1218,
    "0.007432124500000001": 296,
    "0.0088337686": 578,
    "0.0102354127": 38,
    "0.0116370568": 1,
    "0.0130387009": 0,
    "0.014440345": 50
  },
  "latencyPercentiles": {
    "p10": 0.001349214,
    "p25": 0.001427214,
    "p50": 0.001714017,
    "p75": 0.001812618,
    "p90": 0.002461725,
    "p95": 0.00302563,
    "p99": 0.004237443
  },
  "rps": {
    "mean": 27955.845332460973,
    "stddev": 5370.171069328939,
    "max": 33906.31930567271,
    "percentiles": {
      "p10": 19614.711033275034,
      "p25": 26354.965626923327,
      "p50": 30709.516879280713,
      "p75": 31317.979400221924,
      "p90": 31643.62538139354,
      "p95": 31968.735979226713,
      "p99": 32359.12717612849
    }
  },
  "details": {
    "DNSDialup": {
      "average": 0.0014635067000000003,
      "fastest": 0.000068,
      "slowest": 0.00292963
    },
    "DNSLookup": {
      "average": 0.000004798059999999997,
      "fastest": 0.0000035,
      "slowest": 0.0000306
    }
  },
  "statusCodeDistribution": {
    "200": 279580
  },
  "errorDistribution": {}
}