{
  "summary": {
    "successRate": 1,
    "total": 10.001687753,
    "slowest": 0.013848634,
    "fastest": 0.000330699,
    "average": 0.00158692978572655,
    "requestsPerSec": 31476.887478872686,
    "totalData": 4092686,
    "sizePerRequest": 13,
    "sizePerSec": 409199.5372253449
  },
  "responseTimeHistogram": {
    "0.000330699": 1,
    "0.0016824925": 271365,
    "0.0030342859999999998": 38724,
    "0.0043860795": 2653,
    "0.005737873": 1069,
    "0.0070896665": 291,
    "0.00844146": 518,
    "0.0097932535": 34,
    "0.011145047": 101,
    "0.0124968405": 38,
    "0.013848634": 28
  },
  "latencyPercentiles": {
    "p10": 0.001219895,
    "p25": 0.001297294,
    "p50": 0.001578293,
    "p75": 0.001638192,
    "p90": 0.001727492,
    "p95": 0.002546088,
    "p99": 0.003581183
  },
  "rps": {
    "mean": 31455.490946707792,
    "stddev": 4936.266809972003,
    "max": 36661.83529350731,
    "percentiles": {
      "p10": 28703.86928157869,
      "p25": 29946.949233221592,
      "p50": 33405.26869507923,
      "p75": 34035.219645289646,
      "p90": 34701.54079929286,
      "p95": 35011.68527681479,
      "p99": 35391.15511616034
    }
  },
  "details": {
    "DNSDialup": {
      "average": 0.0012748219199999998,
      "fastest": 0.0000679,
      "slowest": 0.002772187
    },
    "DNSLookup": {
      "average": 0.00000412,
      "fastest": 0.0000029,
      "slowest": 0.0000295
    }
  },
  "statusCodeDistribution": {
    "200": 314822
  },
  "errorDistribution": {}
}