{
  "summary": {
    "successRate": 1,
    "total": 10.00186109,
    "slowest": 0.037196854,
    "fastest": 0.000324202,
    "average": 0.00322029666188201,
    "requestsPerSec": 15497.915698407285,
    "totalData": 2015104,
    "sizePerRequest": 13,
    "sizePerSec": 201472.9040792947
  },
  "responseTimeHistogram": {
    "0.000324202": 1,
    "0.0040114672": 145053,
    "0.0076987324": 7738,
    "0.0113859976": 1424,
    "0.0150732628": 544,
    "0.018760528": 185,
    "0.0224477932": 22,
    "0.026135058399999998": 10,
    "0.0298223236": 11,
    "0.033509588800000004": 14,
    "0.037196854": 6
  },
  "latencyPercentiles": {
    "p10": 0.002735518,
    "p25": 0.002844019,
    "p50": 0.00297092,
    "p75": 0.003149821,
    "p90": 0.003498323,
    "p95": 0.004683831,
    "p99": 0.008559259
  },
  "rps": {
    "mean": 15481.889909384403,
    "stddev": 3025.6420960138075,
    "max": 34597.39840377865,
    "percentiles": {
      "p10": 13319.653107797974,
      "p25": 15419.32658394151,
      "p50": 16299.97426213934,
      "p75": 16892.28593652786,
      "p90": 17455.5680553471,
      "p95": 17814.66681518927,
      "p99": 18326.45240139597
    }
  },
  "details": {
    "DNSDialup": {
      "average": 0.0025145852199999993,
      "fastest": 0.0000933,
      "slowest": 0.004616331
    },
    "DNSLookup": {
      "average": 0.000008724079999999997,
      "fastest": 0.000006,
      "slowest": 0.0000315
    }
  },
  "statusCodeDistribution": {
    "200": 155008
  },
  "errorDistribution": {}
}