{
  "summary": {
    "successRate": 1,
    "total": 10.001542539,
    "slowest": 0.024606133,
    "fastest": 0.000167201,
    "average": 0.0015529481537114383,
    "requestsPerSec": 32146.841224368458,
    "totalData": 4179734,
    "sizePerRequest": 13,
    "sizePerSec": 417908.9359167899
  },
  "responseTimeHistogram": {
    "0.000167201": 1,
    "0.0026110942": 312757,
    "0.0050549874": 6654,
    "0.0074988806": 1292,
    "0.0099427738": 453,
    "0.012386667": 220,
    "0.0148305602": 62,
    "0.0172744534": 45,
    "0.0197183466": 7,
    "0.022162239799999997": 12,
    "0.024606133": 15
  },
  "latencyPercentiles": {
    "p10": 0.001413211,
    "p25": 0.001429811,
    "p50": 0.001451411,
    "p75": 0.001479012,
    "p90": 0.001607813,
    "p95": 0.001814917,
    "p99": 0.004182532
  },
  "rps": {
    "mean": 32075.94358513758,
    "stddev": 5648.704350278547,
    "max": 35414.82548868252,
    "percentiles": {
      "p10": 31680.223830807496,
      "p25": 32820.42086586235,
      "p50": 33703.72426153069,
      "p75": 34120.52392666719,
      "p90": 34369.50200695868,
      "p95": 34511.11948269547,
      "p99": 34778.67980732731
    }
  },
  "details": {
    "DNSDialup": {
      "average": 0.0015052682399999998,
      "fastest": 0.000078801,
      "slowest": 0.001721816
    },
    "DNSLookup": {
      "average": 0.000004955999999999999,
      "fastest": 0.0000033,
      "slowest": 0.0000377
    }
  },
  "statusCodeDistribution": {
    "200": 321518
  },
  "errorDistribution": {}
}