{
  "summary": {
    "successRate": 1,
    "total": 10.001299687,
    "slowest": 0.032312733,
    "fastest": 0.000183401,
    "average": 0.004018692604024642,
    "requestsPerSec": 12417.086167453028,
    "totalData": 1614431,
    "sizePerRequest": 13,
    "sizePerSec": 161422.12017688938
  },
  "responseTimeHistogram": {
    "0.000183401": 1,
    "0.0033963342000000005": 72974,
    "0.0066092674": 34778,
    "0.0098222006": 14949,
    "0.013035133800000001": 1031,
    "0.016248067": 292,
    "0.019461000200000002": 73,
    "0.022673933400000002": 56,
    "0.025886866600000003": 7,
    "0.029099799800000003": 13,
    "0.032312733": 13
  },
  "latencyPercentiles": {
    "p10": 0.002717618,
    "p25": 0.002916421,
    "p50": 0.003220921,
    "p75": 0.004175227,
    "p90": 0.006850545,
    "p95": 0.007463948,
    "p99": 0.010332468
  },
  "rps": {
    "mean": 12398.083517748939,
    "stddev": 4314.087895747331,
    "max": 19208.777385455927,
    "percentiles": {
      "p10": 6677.415281810927,
      "p25": 7546.133285842608,
      "p50": 13963.44290282881,
      "p75": 16073.512208083373,
      "p90": 17065.934236924168,
      "p95": 17575.636752765946,
      "p99": 18530.62742100134
    }
  },
  "details": {
    "DNSDialup": {
      "average": 0.00200462842,
      "fastest": 0.000085301,
      "slowest": 0.004416832
    },
    "DNSLookup": {
      "average": 0.000006452040000000002,
      "fastest": 0.0000048,
      "slowest": 0.000036501
    }
  },
  "statusCodeDistribution": {
    "200": 124187
  },
  "errorDistribution": {}
}