{
  "summary": {
    "successRate": 1,
    "total": 10.002102944,
    "slowest": 0.033894913,
    "fastest": 0.0002822,
    "average": 0.0035161916500602557,
    "requestsPerSec": 14192.315435540871,
    "totalData": 1845389,
    "sizePerRequest": 13,
    "sizePerSec": 184500.10066203133
  },
  "responseTimeHistogram": {
    "0.0002822": 1,
    "0.0036434712999999994": 124365,
    "0.007004742599999999": 14659,
    "0.010366013899999998": 1997,
    "0.013727285199999998": 584,
    "0.017088556499999998": 219,
    "0.020449827799999997": 85,
    "0.023811099099999997": 9,
    "0.027172370399999996": 7,
    "0.030533641699999996": 13,
    "0.033894913": 14
  },
  "latencyPercentiles": {
    "p10": 0.0030722,
    "p25": 0.003145299,
    "p50": 0.0032409,
    "p75": 0.003397102,
    "p90": 0.0037539,
    "p95": 0.005303902,
    "p99": 0.008930704
  },
  "rps": {
    "mean": 14205.974484351116,
    "stddev": 2602.67748623444,
    "max": 35622.37903398607,
    "percentiles": {
      "p10": 12213.55827103709,
      "p25": 14370.848282031562,
      "p50": 14954.13396495318,
      "p75": 15315.163543422426,
      "p90": 15607.649308926033,
      "p95": 15759.73095629746,
      "p99": 16173.104047607092
    }
  },
  "details": {
    "DNSDialup": {
      "average": 0.0023775108599999994,
      "fastest": 0.0000949,
      "slowest": 0.007697703
    },
    "DNSLookup": {
      "average": 0.000008773999999999998,
      "fastest": 0.0000062,
      "slowest": 0.0000354
    }
  },
  "statusCodeDistribution": {
    "200": 141953
  },
  "errorDistribution": {}
}