{
  "summary": {
    "successRate": 1,
    "total": 10.002013649,
    "slowest": 0.025257405,
    "fastest": 0.000153306,
    "average": 0.0015889346193906188,
    "requestsPerSec": 31411.97473084952,
    "totalData": 4084379,
    "sizePerRequest": 13,
    "sizePerSec": 408355.6715010438
  },
  "responseTimeHistogram": {
    "0.000153306": 1,
    "0.0026637159000000004": 305963,
    "0.0051741258": 6561,
    "0.007684535700000001": 934,
    "0.010194945600000001": 447,
    "0.012705355500000001": 152,
    "0.015215765400000003": 82,
    "0.0177261753": 9,
    "0.0202365852": 7,
    "0.0227469951": 12,
    "0.025257405": 15
  },
  "latencyPercentiles": {
    "p10": 0.001447957,
    "p25": 0.001465357,
    "p50": 0.001488959,
    "p75": 0.00152166,
    "p90": 0.001744369,
    "p95": 0.001890975,
    "p99": 0.003416936
  },
  "rps": {
    "mean": 31366.098728346828,
    "stddev": 5067.635949652969,
    "max": 49548.421194612114,
    "percentiles": {
      "p10": 29890.586411177963,
      "p25": 31879.718423890023,
      "p50": 32762.59621633123,
      "p75": 33318.341747132006,
      "p90": 33567.490796994236,
      "p95": 33711.80924678085,
      "p99": 34020.10457720258
    }
  },
  "details": {
    "DNSDialup": {
      "average": 0.0015963434799999999,
      "fastest": 0.000074903,
      "slowest": 0.001798971
    },
    "DNSLookup": {
      "average": 0.0000048001800000000005,
      "fastest": 0.0000036,
      "slowest": 0.000040901
    }
  },
  "statusCodeDistribution": {
    "200": 314183
  },
  "errorDistribution": {}
}