{
  "summary": {
    "successRate": 1,
    "total": 10.001494553,
    "slowest": 0.025014514,
    "fastest": 0.000124202,
    "average": 0.0015842162377390525,
    "requestsPerSec": 31507.99096375811,
    "totalData": 4096651,
    "sizePerRequest": 13,
    "sizePerSec": 409603.88252885547
  },
  "responseTimeHistogram": {
    "0.000124202": 1,
    "0.0026132332": 300069,
    "0.005102264400000001": 12908,
    "0.007591295600000001": 1498,
    "0.0100803268": 435,
    "0.012569358000000001": 149,
    "0.015058389200000001": 19,
    "0.017547420400000003": 16,
    "0.0200364516": 7,
    "0.0225254828": 14,
    "0.025014514": 11
  },
  "latencyPercentiles": {
    "p10": 0.001390722,
    "p25": 0.001406523,
    "p50": 0.001428123,
    "p75": 0.001459025,
    "p90": 0.001703228,
    "p95": 0.002348339,
    "p99": 0.00429777
  },
  "rps": {
    "mean": 31443.188408169073,
    "stddev": 7188.159876292215,
    "max": 35609.02688831585,
    "percentiles": {
      "p10": 17216.951029481883,
      "p25": 33245.662918017915,
      "p50": 34092.16817666561,
      "p75": 34620.543830709255,
      "p90": 34889.089289500786,
      "p95": 35043.92756320037,
      "p99": 35302.24522280083
    }
  },
  "details": {
    "DNSDialup": {
      "average": 0.0014338337599999998,
      "fastest": 0.000069201,
      "slowest": 0.003116951
    },
    "DNSLookup": {
      "average": 0.000004560040000000003,
      "fastest": 0.0000034,
      "slowest": 0.0000354
    }
  },
  "statusCodeDistribution": {
    "200": 315127
  },
  "errorDistribution": {}
}