{
  "summary": {
    "successRate": 1,
    "total": 10.0015444,
    "slowest": 0.023374774,
    "fastest": 0.000239299,
    "average": 0.0013234082414111477,
    "requestsPerSec": 37717.374928616024,
    "totalData": 4904016,
    "sizePerRequest": 13,
    "sizePerSec": 490325.8740720083
  },
  "responseTimeHistogram": {
    "0.000239299": 1,
    "0.0025528465000000003": 367872,
    "0.0048663940000000004": 7268,
    "0.0071799415": 1135,
    "0.009493489": 592,
    "0.011807036500000001": 254,
    "0.014120584": 47,
    "0.0164341315": 29,
    "0.018747679": 7,
    "0.0210612265": 12,
    "0.023374774": 15
  },
  "latencyPercentiles": {
    "p10": 0.001185799,
    "p25": 0.001200299,
    "p50": 0.001218699,
    "p75": 0.0012418,
    "p90": 0.001400598,
    "p95": 0.001526698,
    "p99": 0.003346896
  },
  "rps": {
    "mean": 37599.02742798903,
    "stddev": 7684.739418299836,
    "max": 41472.19479670182,
    "percentiles": {
      "p10": 33513.64813218194,
      "p25": 39311.050336249886,
      "p50": 39998.424122239594,
      "p75": 40633.770726850984,
      "p90": 40900.453995039636,
      "p95": 41025.0704205359,
      "p99": 41259.44661067098
    }
  },
  "details": {
    "DNSDialup": {
      "average": 0.00128690862,
      "fastest": 0.0000658,
      "slowest": 0.001453598
    },
    "DNSLookup": {
      "average": 0.000004111999999999999,
      "fastest": 0.000003,
      "slowest": 0.0000395
    }
  },
  "statusCodeDistribution": {
    "200": 377232
  },
  "errorDistribution": {}
}