{
  "summary": {
    "successRate": 1,
    "total": 10.001392201,
    "slowest": 0.024059248,
    "fastest": 0.000123401,
    "average": 0.001821468309651335,
    "requestsPerSec": 27403.784842333873,
    "totalData": 3562988,
    "sizePerRequest": 13,
    "sizePerSec": 356249.20295034035
  },
  "responseTimeHistogram": {
    "0.000123401": 1,
    "0.0025169857": 235590,
    "0.0049105704000000005": 35542,
    "0.007304155100000001": 1726,
    "0.0096977398": 660,
    "0.0120913245": 358,
    "0.014484909200000002": 152,
    "0.0168784939": 8,
    "0.0192720786": 7,
    "0.0216656633": 10,
    "0.024059248": 22
  },
  "latencyPercentiles": {
    "p10": 0.001359814,
    "p25": 0.001377914,
    "p50": 0.001403714,
    "p75": 0.001459615,
    "p90": 0.004103342,
    "p95": 0.004215544,
    "p99": 0.005097352
  },
  "rps": {
    "mean": 27334.63685152647,
    "stddev": 10862.578527926667,
    "max": 36291.44718862628,
    "percentiles": {
      "p10": 11733.202616763258,
      "p25": 12169.485327321225,
      "p50": 34335.70570035775,
      "p75": 35201.4607470691,
      "p90": 35632.775026469666,
      "p95": 35788.393753729586,
      "p99": 36032.78262563211
    }
  },
  "details": {
    "DNSDialup": {
      "average": 0.0008591828400000001,
      "fastest": 0.0000433,
      "slowest": 0.001215912
    },
    "DNSLookup": {
      "average": 0.00000491802,
      "fastest": 0.0000033,
      "slowest": 0.0000365
    }
  },
  "statusCodeDistribution": {
    "200": 274076
  },
  "errorDistribution": {}
}