{
  "summary": {
    "successRate": 1,
    "total": 10.001572195,
    "slowest": 0.02564908,
    "fastest": 0.000164602,
    "average": 0.0015378368506573177,
    "requestsPerSec": 32460.49657695842,
    "totalData": 4220528,
    "sizePerRequest": 13,
    "sizePerSec": 421986.4555004595
  },
  "responseTimeHistogram": {
    "0.000164602": 1,
    "0.0027130497999999998": 316173,
    "0.0052614976": 6587,
    "0.0078099454": 1127,
    "0.0103583932": 526,
    "0.012906840999999999": 134,
    "0.0154552888": 45,
    "0.0180037366": 11,
    "0.0205521844": 13,
    "0.0231006322": 7,
    "0.025649079999999998": 32
  },
  "latencyPercentiles": {
    "p10": 0.00139832,
    "p25": 0.001415521,
    "p50": 0.00143852,
    "p75": 0.001468221,
    "p90": 0.001617123,
    "p95": 0.001771026,
    "p99": 0.003837755
  },
  "rps": {
    "mean": 32305.266428852705,
    "stddev": 5809.790321736434,
    "max": 37654.06370466647,
    "percentiles": {
      "p10": 31219.537186369063,
      "p25": 33210.80347437399,
      "p50": 33959.963106858144,
      "p75": 34427.39732278974,
      "p90": 34741.19263210406,
      "p95": 34942.81543174758,
      "p99": 35135.6873176083
    }
  },
  "details": {
    "DNSDialup": {
      "average": 0.00163689626,
      "fastest": 0.000083301,
      "slowest": 0.003510352
    },
    "DNSLookup": {
      "average": 0.000005326059999999998,
      "fastest": 0.0000037,
      "slowest": 0.000041701
    }
  },
  "statusCodeDistribution": {
    "200": 324656
  },
  "errorDistribution": {}
}