{
  "summary": {
    "successRate": 1,
    "total": 10.002063455,
    "slowest": 0.036252806,
    "fastest": 0.000146901,
    "average": 0.003541570950415396,
    "requestsPerSec": 14092.192139566865,
    "totalData": 1832363,
    "sizePerRequest": 13,
    "sizePerSec": 183198.49781436924
  },
  "responseTimeHistogram": {
    "0.000146901": 1,
    "0.0037574915": 122294,
    "0.007368082": 15203,
    "0.0109786725": 2499,
    "0.014589263": 642,
    "0.0181998535": 196,
    "0.021810444000000002": 72,
    "0.025421034500000002": 10,
    "0.029031625000000002": 7,
    "0.032642215499999995": 13,
    "0.036252806": 14
  },
  "latencyPercentiles": {
    "p10": 0.002930825,
    "p25": 0.003050825,
    "p50": 0.003198427,
    "p75": 0.003416929,
    "p90": 0.004170035,
    "p95": 0.006144452,
    "p99": 0.009562781
  },
  "rps": {
    "mean": 14071.005247866296,
    "stddev": 2985.812545476245,
    "max": 17732.83411564876,
    "percentiles": {
      "p10": 10421.27712149918,
      "p25": 14019.369160431183,
      "p50": 15117.340181624148,
      "p75": 15628.312250472789,
      "p90": 16078.811904431392,
      "p95": 16306.96308336587,
      "p99": 16737.183326477843
    }
  },
  "details": {
    "DNSDialup": {
      "average": 0.002115183879999999,
      "fastest": 0.0000889,
      "slowest": 0.002649022
    },
    "DNSLookup": {
      "average": 0.000008170059999999999,
      "fastest": 0.0000056,
      "slowest": 0.0000465
    }
  },
  "statusCodeDistribution": {
    "200": 140951
  },
  "errorDistribution": {}
}