{
  "summary": {
    "successRate": 1,
    "total": 10.001571443,
    "slowest": 0.024642738,
    "fastest": 0.000171801,
    "average": 0.0015327979094369958,
    "requestsPerSec": 32567.782158670125,
    "totalData": 4234477,
    "sizePerRequest": 13,
    "sizePerSec": 423381.1680627116
  },
  "responseTimeHistogram": {
    "0.000171801": 1,
    "0.0026188947000000003": 316712,
    "0.005065988400000001": 6489,
    "0.007513082100000001": 1621,
    "0.0099601758": 601,
    "0.0124072695": 211,
    "0.014854363200000002": 50,
    "0.0173014569": 10,
    "0.0197485506": 7,
    "0.0221956443": 12,
    "0.024642738": 15
  },
  "latencyPercentiles": {
    "p10": 0.001388114,
    "p25": 0.001403714,
    "p50": 0.001424714,
    "p75": 0.001452014,
    "p90": 0.001593516,
    "p95": 0.001830217,
    "p99": 0.004058439
  },
  "rps": {
    "mean": 32460.925754600798,
    "stddev": 5967.793561300993,
    "max": 35449.643681007154,
    "percentiles": {
      "p10": 32133.10673987421,
      "p25": 33255.546739720085,
      "p50": 34252.076857653934,
      "p75": 34726.41805227764,
      "p90": 34934.59922707409,
      "p95": 35027.331827028196,
      "p99": 35204.21856865085
    }
  },
  "details": {
    "DNSDialup": {
      "average": 0.00158563932,
      "fastest": 0.0000815,
      "slowest": 0.003436333
    },
    "DNSLookup": {
      "average": 0.00000512404,
      "fastest": 0.0000038,
      "slowest": 0.0000375
    }
  },
  "statusCodeDistribution": {
    "200": 325729
  },
  "errorDistribution": {}
}