{
  "summary": {
    "successRate": 1,
    "total": 10.001520736,
    "slowest": 0.023656754,
    "fastest": 0.000174499,
    "average": 0.0015447496426891697,
    "requestsPerSec": 32315.68563734866,
    "totalData": 4201678,
    "sizePerRequest": 13,
    "sizePerSec": 420103.9132855326
  },
  "responseTimeHistogram": {
    "0.000174499": 1,
    "0.0025227244999999994": 281425,
    "0.004870949999999999": 39505,
    "0.007219175499999998": 1427,
    "0.009567400999999998": 571,
    "0.011915626499999997": 130,
    "0.014263851999999997": 68,
    "0.0166120775": 45,
    "0.018960302999999998": 7,
    "0.021308528499999996": 12,
    "0.023656753999999995": 15
  },
  "latencyPercentiles": {
    "p10": 0.001186897,
    "p25": 0.001201098,
    "p50": 0.001221098,
    "p75": 0.001261097,
    "p90": 0.003256694,
    "p95": 0.003289194,
    "p99": 0.003838792
  },
  "rps": {
    "mean": 32227.7075356172,
    "stddev": 11865.637683578721,
    "max": 41476.39537263725,
    "percentiles": {
      "p10": 15071.011592423361,
      "p25": 15328.38510353381,
      "p50": 39746.1810878064,
      "p75": 40631.7699809486,
      "p90": 40943.47787915798,
      "p95": 41041.52581581974,
      "p99": 41243.79265904678
    }
  },
  "details": {
    "DNSDialup": {
      "average": 0.0012643716200000004,
      "fastest": 0.0000658,
      "slowest": 0.001423097
    },
    "DNSLookup": {
      "average": 0.000004093999999999999,
      "fastest": 0.000003,
      "slowest": 0.0000373
    }
  },
  "statusCodeDistribution": {
    "200": 323206
  },
  "errorDistribution": {}
}