{
  "summary": {
    "successRate": 1,
    "total": 10.001705182,
    "slowest": 0.030194282,
    "fastest": 0.000217421,
    "average": 0.0017374959056918819,
    "requestsPerSec": 28725.401796191436,
    "totalData": 3734939,
    "sizePerRequest": 13,
    "sizePerSec": 373430.22335048864
  },
  "responseTimeHistogram": {
    "0.000217421": 1,
    "0.0032151071": 280378,
    "0.0062127931999999995": 5112,
    "0.0092104793": 1003,
    "0.0122081654": 545,
    "0.0152058515": 175,
    "0.018203537599999996": 46,
    "0.021201223699999997": 8,
    "0.024198909799999998": 7,
    "0.0271965959": 12,
    "0.030194282": 16
  },
  "latencyPercentiles": {
    "p10": 0.001507644,
    "p25": 0.001577651,
    "p50": 0.001629956,
    "p75": 0.00167276,
    "p90": 0.001835075,
    "p95": 0.002091,
    "p99": 0.004685047
  },
  "rps": {
    "mean": 28649.32821267768,
    "stddev": 5469.728790414916,
    "max": 39772.14618617581,
    "percentiles": {
      "p10": 27740.353892807623,
      "p25": 29200.42632622395,
      "p50": 30028.066701676806,
      "p75": 30694.997949156572,
      "p90": 31464.33512603508,
      "p95": 31923.13469571498,
      "p99": 33135.93923969974
    }
  },
  "details": {
    "DNSDialup": {
      "average": 0.002459160740000001,
      "fastest": 0.00011051,
      "slowest": 0.004774655
    },
    "DNSLookup": {
      "average": 0.000008732860000000001,
      "fastest": 0.0000062,
      "slowest": 0.000063906
    }
  },
  "statusCodeDistribution": {
    "200": 287303
  },
  "errorDistribution": {}
}