{
  "summary": {
    "successRate": 1,
    "total": 10.001510378,
    "slowest": 0.024480116,
    "fastest": 0.000210402,
    "average": 0.0014670223237959507,
    "requestsPerSec": 34025.86080884033,
    "totalData": 4424030,
    "sizePerRequest": 13,
    "sizePerSec": 442336.19051492424
  },
  "responseTimeHistogram": {
    "0.000210402": 1,
    "0.0026373734000000003": 331021,
    "0.0050643448": 7355,
    "0.0074913162000000005": 1159,
    "0.0099182876": 533,
    "0.012345259": 124,
    "0.014772230400000001": 30,
    "0.0171992018": 32,
    "0.0196261732": 28,
    "0.022053144599999998": 12,
    "0.024480116": 15
  },
  "latencyPercentiles": {
    "p10": 0.001335612,
    "p25": 0.001351312,
    "p50": 0.001370713,
    "p75": 0.001398012,
    "p90": 0.001541314,
    "p95": 0.001698815,
    "p99": 0.003659832
  },
  "rps": {
    "mean": 33962.47746049423,
    "stddev": 5771.9060697845525,
    "max": 36905.580123715015,
    "percentiles": {
      "p10": 33372.792735515264,
      "p25": 34751.12585635917,
      "p50": 35478.80552282557,
      "p75": 35977.39457120234,
      "p90": 36264.594495717574,
      "p95": 36452.170346199506,
      "p99": 36774.32827230443
    }
  },
  "details": {
    "DNSDialup": {
      "average": 0.0016002920999999997,
      "fastest": 0.0000808,
      "slowest": 0.003218528
    },
    "DNSLookup": {
      "average": 0.000005550039999999998,
      "fastest": 0.0000037,
      "slowest": 0.0000392
    }
  },
  "statusCodeDistribution": {
    "200": 340310
  },
  "errorDistribution": {}
}