{
  "summary": {
    "successRate": 1,
    "total": 10.001643825,
    "slowest": 0.023317691,
    "fastest": 0.000241099,
    "average": 0.0013244256695412466,
    "requestsPerSec": 37692.004094136995,
    "totalData": 4900766,
    "sizePerRequest": 13,
    "sizePerSec": 489996.05322378094
  },
  "responseTimeHistogram": {
    "0.000241099": 1,
    "0.0025487582": 372283,
    "0.0048564174": 2361,
    "0.0071640766": 1503,
    "0.0094717358": 466,
    "0.011779395": 230,
    "0.0140870542": 94,
    "0.016394713400000004": 9,
    "0.018702372600000003": 8,
    "0.021010031800000002": 12,
    "0.023317691": 15
  },
  "latencyPercentiles": {
    "p10": 0.001212792,
    "p25": 0.001227392,
    "p50": 0.001245092,
    "p75": 0.001266792,
    "p90": 0.001345491,
    "p95": 0.00153619,
    "p99": 0.002977087
  },
  "rps": {
    "mean": 37647.01902721066,
    "stddev": 6472.757501658438,
    "max": 41279.860017189116,
    "percentiles": {
      "p10": 37469.56224230186,
      "p25": 38501.71717658706,
      "p50": 39334.08691972303,
      "p75": 39824.15334900348,
      "p90": 40176.92273627115,
      "p95": 40322.84692506799,
      "p99": 40558.261943283134
    }
  },
  "details": {
    "DNSDialup": {
      "average": 0.00127588202,
      "fastest": 0.000066399,
      "slowest": 0.002758487
    },
    "DNSLookup": {
      "average": 0.00000418996,
      "fastest": 0.000003,
      "slowest": 0.0000307
    }
  },
  "statusCodeDistribution": {
    "200": 376982
  },
  "errorDistribution": {}
}