{
  "summary": {
    "successRate": 1,
    "total": 10.001516438,
    "slowest": 0.023412819,
    "fastest": 0.0001693,
    "average": 0.0012895428047719935,
    "requestsPerSec": 38707.83019753909,
    "totalData": 5032781,
    "sizePerRequest": 13,
    "sizePerSec": 503201.7925680082
  },
  "responseTimeHistogram": {
    "0.0001693": 1,
    "0.0024936519": 379851,
    "0.0048180038": 5201,
    "0.007142355699999999": 1310,
    "0.0094667076": 487,
    "0.011791059500000001": 129,
    "0.0141154114": 66,
    "0.0164397633": 58,
    "0.0187641152": 7,
    "0.0210884671": 13,
    "0.023412819": 14
  },
  "latencyPercentiles": {
    "p10": 0.001169401,
    "p25": 0.001183901,
    "p50": 0.001201901,
    "p75": 0.001223501,
    "p90": 0.001309701,
    "p95": 0.001478801,
    "p99": 0.002944802
  },
  "rps": {
    "mean": 38611.44365018824,
    "stddev": 7299.59067087526,
    "max": 44122.47598926809,
    "percentiles": {
      "p10": 37876.10066144884,
      "p25": 40037.21058351648,
      "p50": 40669.92379998894,
      "p75": 41334.27851717721,
      "p90": 41577.30468259752,
      "p95": 41673.73333639198,
      "p99": 41875.765823106485
    }
  },
  "details": {
    "DNSDialup": {
      "average": 0.0012524450599999998,
      "fastest": 0.0000679,
      "slowest": 0.002707203
    },
    "DNSLookup": {
      "average": 0.0000041539999999999995,
      "fastest": 0.000003,
      "slowest": 0.0000314
    }
  },
  "statusCodeDistribution": {
    "200": 387137
  },
  "errorDistribution": {}
}