{
  "summary": {
    "successRate": 1,
    "total": 10.001605914,
    "slowest": 0.025131491,
    "fastest": 0.000110002,
    "average": 0.001527920929460551,
    "requestsPerSec": 32667.253919958835,
    "totalData": 4247425,
    "sizePerRequest": 13,
    "sizePerSec": 424674.30095946486
  },
  "responseTimeHistogram": {
    "0.000110002": 1,
    "0.0026121509": 318371,
    "0.0051142997999999995": 6695,
    "0.007616448699999999": 943,
    "0.0101185976": 467,
    "0.0126207465": 139,
    "0.0151228954": 66,
    "0.0176250443": 8,
    "0.0201271932": 8,
    "0.0226293421": 11,
    "0.025131491000000002": 16
  },
  "latencyPercentiles": {
    "p10": 0.001398916,
    "p25": 0.001416317,
    "p50": 0.001438818,
    "p75": 0.001467817,
    "p90": 0.001598619,
    "p95": 0.00175782,
    "p99": 0.003287738
  },
  "rps": {
    "mean": 32620.587148737206,
    "stddev": 5122.705466359944,
    "max": 35210.859028924635,
    "percentiles": {
      "p10": 32102.999425903217,
      "p25": 33269.4799819951,
      "p50": 33873.78048126414,
      "p75": 34400.72877392286,
      "p90": 34728.063748312066,
      "p95": 34907.9729810289,
      "p99": 35081.67364441167
    }
  },
  "details": {
    "DNSDialup": {
      "average": 0.0016425629799999997,
      "fastest": 0.000075501,
      "slowest": 0.003223637
    },
    "DNSLookup": {
      "average": 0.000005540019999999997,
      "fastest": 0.0000039,
      "slowest": 0.0000441
    }
  },
  "statusCodeDistribution": {
    "200": 326725
  },
  "errorDistribution": {}
}