{
  "summary": {
    "successRate": 1,
    "total": 10.001384239,
    "slowest": 0.023392857,
    "fastest": 0.0001471,
    "average": 0.001453465940148257,
    "requestsPerSec": 34341.7462815469,
    "totalData": 4465045,
    "sizePerRequest": 13,
    "sizePerSec": 446442.7016601097
  },
  "responseTimeHistogram": {
    "0.0001471": 1,
    "0.0024716757": 311291,
    "0.0047962514": 28954,
    "0.0071208271": 2174,
    "0.0094454028": 726,
    "0.0117699785": 230,
    "0.014094554200000001": 47,
    "0.0164191299": 8,
    "0.0187437056": 7,
    "0.021068281300000002": 12,
    "0.023392857": 15
  },
  "latencyPercentiles": {
    "p10": 0.001175898,
    "p25": 0.001190298,
    "p50": 0.001208998,
    "p75": 0.001234098,
    "p90": 0.002372196,
    "p95": 0.003201595,
    "p99": 0.004594791
  },
  "rps": {
    "mean": 34273.83448224993,
    "stddev": 11450.647573001483,
    "max": 41926.912885381935,
    "percentiles": {
      "p10": 15448.999592004468,
      "p25": 38033.17697248089,
      "p50": 40397.43052293525,
      "p75": 41006.224744916835,
      "p90": 41317.84104376084,
      "p95": 41511.689691815634,
      "p99": 41727.61533582835
    }
  },
  "details": {
    "DNSDialup": {
      "average": 0.0012564457199999999,
      "fastest": 0.0000744,
      "slowest": 0.001438597
    },
    "DNSLookup": {
      "average": 0.000004002,
      "fastest": 0.0000031,
      "slowest": 0.0000328
    }
  },
  "statusCodeDistribution": {
    "200": 343465
  },
  "errorDistribution": {}
}