{
  "summary": {
    "successRate": 1,
    "total": 10.001411406,
    "slowest": 0.02236218,
    "fastest": 0.0001292,
    "average": 0.0012831782547111275,
    "requestsPerSec": 38897.01005266296,
    "totalData": 5057325,
    "sizePerRequest": 13,
    "sizePerSec": 505661.13068461843
  },
  "responseTimeHistogram": {
    "0.0001292": 1,
    "0.0023524979999999997": 380636,
    "0.004575796": 6389,
    "0.0067990939999999995": 1173,
    "0.009022391999999999": 488,
    "0.01124569": 179,
    "0.013468987999999998": 76,
    "0.015692286": 32,
    "0.017915584": 20,
    "0.020138881999999997": 11,
    "0.02236218": 20
  },
  "latencyPercentiles": {
    "p10": 0.001179398,
    "p25": 0.001193098,
    "p50": 0.001210399,
    "p75": 0.001232898,
    "p90": 0.001298798,
    "p95": 0.001450099,
    "p99": 0.002621398
  },
  "rps": {
    "mean": 38769.59019094448,
    "stddev": 6455.052151871806,
    "max": 41666.28689582175,
    "percentiles": {
      "p10": 38605.46653406174,
      "p25": 39735.42810770023,
      "p50": 40368.66305899706,
      "p75": 40901.50116529191,
      "p90": 41118.48290849561,
      "p95": 41248.73951060935,
      "p99": 41453.5081883685
    }
  },
  "details": {
    "DNSDialup": {
      "average": 0.0007332872800000001,
      "fastest": 0.0000367,
      "slowest": 0.001087399
    },
    "DNSLookup": {
      "average": 0.0000047980000000000005,
      "fastest": 0.0000028,
      "slowest": 0.0000532
    }
  },
  "statusCodeDistribution": {
    "200": 389025
  },
  "errorDistribution": {}
}