{
  "summary": {
    "successRate": 1,
    "total": 10.001507399,
    "slowest": 0.023309265,
    "fastest": 0.0001468,
    "average": 0.001510730693223386,
    "requestsPerSec": 33042.51917396397,
    "totalData": 4296175,
    "sizePerRequest": 13,
    "sizePerSec": 429552.74926153163
  },
  "responseTimeHistogram": {
    "0.0001468": 1,
    "0.0024630464999999997": 290262,
    "0.0047792929999999996": 37688,
    "0.007095539499999999": 1659,
    "0.009411786": 476,
    "0.0117280325": 234,
    "0.014044279": 92,
    "0.016360525499999997": 29,
    "0.018676771999999998": 7,
    "0.0209930185": 12,
    "0.023309265": 15
  },
  "latencyPercentiles": {
    "p10": 0.001167493,
    "p25": 0.001181693,
    "p50": 0.001200393,
    "p75": 0.001235194,
    "p90": 0.003233983,
    "p95": 0.003281683,
    "p99": 0.003840481
  },
  "rps": {
    "mean": 32940.141246136416,
    "stddev": 12065.965480921339,
    "max": 42317.14267449601,
    "percentiles": {
      "p10": 15170.620756684184,
      "p25": 15402.234864280737,
      "p50": 40404.47384802889,
      "p75": 41336.17328524177,
      "p90": 41635.11009577286,
      "p95": 41757.420629108005,
      "p99": 41939.63715107398
    }
  },
  "details": {
    "DNSDialup": {
      "average": 0.0012695846800000001,
      "fastest": 0.000061499,
      "slowest": 0.002766084
    },
    "DNSLookup": {
      "average": 0.00000425596,
      "fastest": 0.000003,
      "slowest": 0.0000343
    }
  },
  "statusCodeDistribution": {
    "200": 330475
  },
  "errorDistribution": {}
}