{
  "summary": {
    "successRate": 1,
    "total": 10.001679689,
    "slowest": 0.024555353,
    "fastest": 0.000146203,
    "average": 0.0015348052959464095,
    "requestsPerSec": 32523.737023668247,
    "totalData": 4228796,
    "sizePerRequest": 13,
    "sizePerSec": 422808.5813076872
  },
  "responseTimeHistogram": {
    "0.000146203": 1,
    "0.002587118": 312818,
    "0.0050280329999999995": 10422,
    "0.007468947999999999": 1174,
    "0.009909862999999998": 591,
    "0.012350777999999998": 183,
    "0.014791692999999996": 52,
    "0.017232608": 17,
    "0.019673523": 6,
    "0.022114437999999997": 12,
    "0.024555353": 16
  },
  "latencyPercentiles": {
    "p10": 0.001373325,
    "p25": 0.001387725,
    "p50": 0.001408326,
    "p75": 0.001438427,
    "p90": 0.001663531,
    "p95": 0.001822234,
    "p99": 0.003947773
  },
  "rps": {
    "mean": 32429.366112452884,
    "stddev": 6468.086457732525,
    "max": 35949.30807095007,
    "percentiles": {
      "p10": 28805.807250741866,
      "p25": 33661.3174558812,
      "p50": 34513.515492667066,
      "p75": 35126.40100299513,
      "p90": 35356.627174081215,
      "p95": 35435.492188977434,
      "p99": 35643.53858237729
    }
  },
  "details": {
    "DNSDialup": {
      "average": 0.0015204700800000004,
      "fastest": 0.000073801,
      "slowest": 0.001682731
    },
    "DNSLookup": {
      "average": 0.0000049820799999999996,
      "fastest": 0.0000038,
      "slowest": 0.0000344
    }
  },
  "statusCodeDistribution": {
    "200": 325292
  },
  "errorDistribution": {}
}