{
  "summary": {
    "successRate": 1,
    "total": 10.001433012,
    "slowest": 0.022383901,
    "fastest": 0.000233296,
    "average": 0.0012781798383638956,
    "requestsPerSec": 39048.80425949105,
    "totalData": 5077072,
    "sizePerRequest": 13,
    "sizePerSec": 507634.45537338365
  },
  "responseTimeHistogram": {
    "0.000233296": 1,
    "0.0024483565000000002": 385348,
    "0.004663417": 2869,
    "0.006878477500000001": 1448,
    "0.009093538": 561,
    "0.011308598500000001": 187,
    "0.013523659": 68,
    "0.0157387195": 25,
    "0.017953780000000003": 7,
    "0.020168840500000004": 10,
    "0.022383901000000005": 20
  },
  "latencyPercentiles": {
    "p10": 0.001170294,
    "p25": 0.001183594,
    "p50": 0.001200793,
    "p75": 0.001220993,
    "p90": 0.001291576,
    "p95": 0.001453584,
    "p99": 0.003026946
  },
  "rps": {
    "mean": 38945.90161719938,
    "stddev": 6969.721512771207,
    "max": 43124.56098194023,
    "percentiles": {
      "p10": 38850.447305829686,
      "p25": 40113.57844630257,
      "p50": 40681.179293278634,
      "p75": 41363.22368740675,
      "p90": 41587.270887958926,
      "p95": 41679.42431096678,
      "p99": 41891.260110148745
    }
  },
  "details": {
    "DNSDialup": {
      "average": 0.00094784104,
      "fastest": 0.000047899,
      "slowest": 0.001247778
    },
    "DNSLookup": {
      "average": 0.0000042459,
      "fastest": 0.0000028,
      "slowest": 0.0000377
    }
  },
  "statusCodeDistribution": {
    "200": 390544
  },
  "errorDistribution": {}
}