{
  "summary": {
    "successRate": 1,
    "total": 10.001454146,
    "slowest": 0.023172664,
    "fastest": 0.000203402,
    "average": 0.0015745326115471985,
    "requestsPerSec": 31705.289587996675,
    "totalData": 4122287,
    "sizePerRequest": 13,
    "sizePerSec": 412168.7646439568
  },
  "responseTimeHistogram": {
    "0.000203402": 1,
    "0.0025003282": 308514,
    "0.0047972544": 5599,
    "0.0070941806": 1455,
    "0.0093911068": 1174,
    "0.011688033": 269,
    "0.013984959199999999": 38,
    "0.016281885399999998": 11,
    "0.018578811599999998": 7,
    "0.0208757378": 10,
    "0.023172664": 21
  },
  "latencyPercentiles": {
    "p10": 0.001420118,
    "p25": 0.001437618,
    "p50": 0.001460118,
    "p75": 0.001490398,
    "p90": 0.001684797,
    "p95": 0.001902618,
    "p99": 0.004415793
  },
  "rps": {
    "mean": 31662.997543480153,
    "stddev": 5916.45246190137,
    "max": 34712.76041072756,
    "percentiles": {
      "p10": 30251.351669459138,
      "p25": 32332.57830590072,
      "p50": 33414.61889576706,
      "p75": 34008.760656744314,
      "p90": 34268.890751073784,
      "p95": 34398.64154449336,
      "p99": 34561.06493090256
    }
  },
  "details": {
    "DNSDialup": {
      "average": 0.0009645824200000002,
      "fastest": 0.0000412,
      "slowest": 0.001426298
    },
    "DNSLookup": {
      "average": 0.00000541998,
      "fastest": 0.0000034,
      "slowest": 0.0000401
    }
  },
  "statusCodeDistribution": {
    "200": 317099
  },
  "errorDistribution": {}
}