{
  "summary": {
    "successRate": 1,
    "total": 10.002210309,
    "slowest": 0.040419234,
    "fastest": 0.0002238,
    "average": 0.004186504370486841,
    "requestsPerSec": 11918.1657171052,
    "totalData": 1549704,
    "sizePerRequest": 13,
    "sizePerSec": 154936.15432236757
  },
  "responseTimeHistogram": {
    "0.0002238": 1,
    "0.004243343399999999": 94277,
    "0.008262886799999999": 21074,
    "0.0122824302": 2886,
    "0.0163019736": 661,
    "0.020321516999999997": 202,
    "0.0243410604": 58,
    "0.0283606038": 17,
    "0.0323801472": 16,
    "0.0363996906": 10,
    "0.040419234": 6
  },
  "latencyPercentiles": {
    "p10": 0.003348105,
    "p25": 0.003501529,
    "p50": 0.003687431,
    "p75": 0.004082034,
    "p90": 0.005687747,
    "p95": 0.007328361,
    "p99": 0.011553996
  },
  "rps": {
    "mean": 11905.042776079961,
    "stddev": 2732.1107882883057,
    "max": 17457.291338716142,
    "percentiles": {
      "p10": 8147.186057489168,
      "p25": 11197.776746999505,
      "p50": 12912.288625084286,
      "p75": 13589.076837022925,
      "p90": 14085.524487584427,
      "p95": 14410.353839232946,
      "p99": 14867.626887660681
    }
  },
  "details": {
    "DNSDialup": {
      "average": 0.00224341862,
      "fastest": 0.0000975,
      "slowest": 0.002533121
    },
    "DNSLookup": {
      "average": 0.000007414059999999999,
      "fastest": 0.0000061,
      "slowest": 0.0000353
    }
  },
  "statusCodeDistribution": {
    "200": 119208
  },
  "errorDistribution": {}
}