{
  "summary": {
    "successRate": 1,
    "total": 10.002249753,
    "slowest": 0.111504052,
    "fastest": 0.000282802,
    "average": 0.0015226350449511269,
    "requestsPerSec": 32741.533963574086,
    "totalData": 4257357,
    "sizePerRequest": 13,
    "sizePerSec": 425639.94152646314
  },
  "responseTimeHistogram": {
    "0.000282802": 1,
    "0.011404927": 327406,
    "0.022527052": 32,
    "0.033649177": 0,
    "0.044771302": 0,
    "0.055893426999999996": 0,
    "0.067015552": 0,
    "0.078137677": 0,
    "0.089259802": 0,
    "0.100381927": 0,
    "0.11150405199999999": 50
  },
  "latencyPercentiles": {
    "p10": 0.001054408,
    "p25": 0.001170607,
    "p50": 0.001326409,
    "p75": 0.001546411,
    "p90": 0.001899413,
    "p95": 0.002611217,
    "p99": 0.005262839
  },
  "rps": {
    "mean": 33080.403646597726,
    "stddev": 8768.996132951963,
    "max": 46837.72514025244,
    "percentiles": {
      "p10": 20610.166995378426,
      "p25": 29111.158306977286,
      "p50": 34742.497022363124,
      "p75": 39822.033531151654,
      "p90": 42285.132657578666,
      "p95": 43270.66965768372,
      "p99": 45118.196168514536
    }
  },
  "details": {
    "DNSDialup": {
      "average": 0.002070485000000001,
      "fastest": 0.000118201,
      "slowest": 0.004393632
    },
    "DNSLookup": {
      "average": 0.00000720202,
      "fastest": 0.0000054,
      "slowest": 0.0000396
    }
  },
  "statusCodeDistribution": {
    "200": 327489
  },
  "errorDistribution": {}
}