{
  "summary": {
    "successRate": 1,
    "total": 10.001443455,
    "slowest": 0.016324751,
    "fastest": 0.000134412,
    "average": 0.0015776739917729146,
    "requestsPerSec": 31647.031893357835,
    "totalData": 4114708,
    "sizePerRequest": 13,
    "sizePerSec": 411411.41461365187
  },
  "responseTimeHistogram": {
    "0.000134412": 1,
    "0.0017534458999999998": 241493,
    "0.0033724797999999997": 64544,
    "0.0049915137": 6831,
    "0.0066105476": 1931,
    "0.0082295815": 541,
    "0.0098486154": 424,
    "0.011467649299999999": 509,
    "0.0130866832": 110,
    "0.0147057171": 64,
    "0.016324751": 68
  },
  "latencyPercentiles": {
    "p10": 0.000963291,
    "p25": 0.0010527,
    "p50": 0.001167511,
    "p75": 0.001626855,
    "p90": 0.003082694,
    "p95": 0.003221408,
    "p99": 0.005153991
  },
  "rps": {
    "mean": 31639.441461145274,
    "stddev": 13171.850286140629,
    "max": 49657.15994550968,
    "percentiles": {
      "p10": 15468.023727948163,
      "p25": 16979.776978152397,
      "p50": 34113.11990591437,
      "p75": 44728.83668100755,
      "p90": 45893.49809904234,
      "p95": 46418.2060863606,
      "p99": 48193.253946381265
    }
  },
  "details": {
    "DNSDialup": {
      "average": 0.0017918483800000002,
      "fastest": 0.000083808,
      "slowest": 0.003625944
    },
    "DNSLookup": {
      "average": 0.000006902800000000002,
      "fastest": 0.000004401,
      "slowest": 0.000052905
    }
  },
  "statusCodeDistribution": {
    "200": 316516
  },
  "errorDistribution": {}
}