{
  "summary": {
    "successRate": 1,
    "total": 10.001553494,
    "slowest": 0.018960263,
    "fastest": 0.0001222,
    "average": 0.0009841056761149916,
    "requestsPerSec": 50745.31674549078,
    "totalData": 6597916,
    "sizePerRequest": 13,
    "sizePerSec": 659689.1176913802
  },
  "responseTimeHistogram": {
    "0.0001222": 1,
    "0.0020060063": 493275,
    "0.0038898126": 12558,
    "0.0057736189": 615,
    "0.007657425200000001": 302,
    "0.0095412315": 661,
    "0.0114250378": 70,
    "0.0133088441": 0,
    "0.0151926504": 0,
    "0.0170764567": 0,
    "0.018960263": 50
  },
  "latencyPercentiles": {
    "p10": 0.000774398,
    "p25": 0.000821799,
    "p50": 0.000902698,
    "p75": 0.000947099,
    "p90": 0.001012498,
    "p95": 0.001653197,
    "p99": 0.003423194
  },
  "rps": {
    "mean": 50807.851619178226,
    "stddev": 10718.282992460956,
    "max": 58550.72564445153,
    "percentiles": {
      "p10": 34004.80280223651,
      "p25": 45733.01466328438,
      "p50": 56521.58559353821,
      "p75": 57258.5182056077,
      "p90": 57676.95898936882,
      "p95": 57909.96051320812,
      "p99": 58286.39420193799
    }
  },
  "details": {
    "DNSDialup": {
      "average": 0.0013182034199999998,
      "fastest": 0.0000816,
      "slowest": 0.002826694
    },
    "DNSLookup": {
      "average": 0.000004243979999999998,
      "fastest": 0.000003,
      "slowest": 0.0000347
    }
  },
  "statusCodeDistribution": {
    "200": 507532
  },
  "errorDistribution": {}
}