{
  "summary": {
    "successRate": 1,
    "total": 10.001671324,
    "slowest": 0.009434384,
    "fastest": 0.000280902,
    "average": 0.0010810101351343341,
    "requestsPerSec": 46185.58089301996,
    "totalData": 6005129,
    "sizePerRequest": 13,
    "sizePerSec": 600412.5516092594
  },
  "responseTimeHistogram": {
    "0.000280902": 1,
    "0.0011962502000000001": 427918,
    "0.0021115984000000003": 20477,
    "0.0030269466000000006": 5479,
    "0.003942294800000001": 1799,
    "0.004857643": 4677,
    "0.005772991200000001": 339,
    "0.006688339400000002": 168,
    "0.007603687600000001": 96,
    "0.008519035800000001": 288,
    "0.009434384": 691
  },
  "latencyPercentiles": {
    "p10": 0.000847507,
    "p25": 0.000902608,
    "p50": 0.000993508,
    "p75": 0.001043509,
    "p90": 0.00110041,
    "p95": 0.001711715,
    "p99": 0.004124437
  },
  "rps": {
    "mean": 46219.63992587534,
    "stddev": 10301.946384556548,
    "max": 55099.24953414531,
    "percentiles": {
      "p10": 32451.633794531826,
      "p25": 45335.40695282986,
      "p50": 51418.05802197462,
      "p75": 52013.580745932646,
      "p90": 52373.97875767945,
      "p95": 52598.94914312672,
      "p99": 53235.07102235316
    }
  },
  "details": {
    "DNSDialup": {
      "average": 0.00160756438,
      "fastest": 0.000084401,
      "slowest": 0.003172228
    },
    "DNSLookup": {
      "average": 0.000005422039999999999,
      "fastest": 0.0000038,
      "slowest": 0.0000358
    }
  },
  "statusCodeDistribution": {
    "200": 461933
  },
  "errorDistribution": {}
}