{
  "summary": {
    "successRate": 1,
    "total": 10.001267947,
    "slowest": 0.010213607,
    "fastest": 0.000145601,
    "average": 0.0010750979903944968,
    "requestsPerSec": 46415.51475873082,
    "totalData": 6034782,
    "sizePerRequest": 13,
    "sizePerSec": 603401.6918635006
  },
  "responseTimeHistogram": {
    "0.000145601": 1,
    "0.0011524016": 430935,
    "0.0021592022": 22539,
    "0.0031660028": 3335,
    "0.0041728034": 3179,
    "0.005179604": 2872,
    "0.006186404600000001": 266,
    "0.0071932052": 132,
    "0.0082000058": 236,
    "0.0092068064": 713,
    "0.010213607": 6
  },
  "latencyPercentiles": {
    "p10": 0.000860209,
    "p25": 0.000922012,
    "p50": 0.001003011,
    "p75": 0.001055911,
    "p90": 0.001110612,
    "p95": 0.001398314,
    "p99": 0.004132943
  },
  "rps": {
    "mean": 46399.99612489893,
    "stddev": 9015.189057053825,
    "max": 52626.71987879323,
    "percentiles": {
      "p10": 33990.05373685019,
      "p25": 47308.491874291256,
      "p50": 50602.578115846336,
      "p75": 51263.47374968459,
      "p90": 51632.152494309084,
      "p95": 51857.912214934375,
      "p99": 52187.002419805074
    }
  },
  "details": {
    "DNSDialup": {
      "average": 0.0008799785799999994,
      "fastest": 0.000051801,
      "slowest": 0.001292316
    },
    "DNSLookup": {
      "average": 0.000005564059999999999,
      "fastest": 0.0000038,
      "slowest": 0.000041601
    }
  },
  "statusCodeDistribution": {
    "200": 464214
  },
  "errorDistribution": {}
}