{
  "summary": {
    "successRate": 1,
    "total": 10.001493281,
    "slowest": 0.010569932,
    "fastest": 0.000295104,
    "average": 0.0011051737550848272,
    "requestsPerSec": 45147.65818598364,
    "totalData": 5870072,
    "sizePerRequest": 13,
    "sizePerSec": 586919.5564177873
  },
  "responseTimeHistogram": {
    "0.000295104": 1,
    "0.0013225868": 417677,
    "0.0023500696": 21762,
    "0.0033775524": 5144,
    "0.0044050352": 2380,
    "0.005432518": 3335,
    "0.0064600008": 170,
    "0.0074874836": 75,
    "0.0085149664": 73,
    "0.0095424492": 854,
    "0.010569932": 73
  },
  "latencyPercentiles": {
    "p10": 0.000863711,
    "p25": 0.000925812,
    "p50": 0.001007513,
    "p75": 0.001059514,
    "p90": 0.001140814,
    "p95": 0.001827124,
    "p99": 0.004412959
  },
  "rps": {
    "mean": 45138.94461443669,
    "stddev": 10212.731424344016,
    "max": 53128.1566853989,
    "percentiles": {
      "p10": 30307.82311150148,
      "p25": 41932.22479350399,
      "p50": 50509.93025228709,
      "p75": 51157.12204247233,
      "p90": 51565.46599187008,
      "p95": 51779.61115214601,
      "p99": 52088.417464036545
    }
  },
  "details": {
    "DNSDialup": {
      "average": 0.0014958386599999997,
      "fastest": 0.000072201,
      "slowest": 0.003058538
    },
    "DNSLookup": {
      "average": 0.0000530407,
      "fastest": 0.0000035,
      "slowest": 0.00237453
    }
  },
  "statusCodeDistribution": {
    "200": 451544
  },
  "errorDistribution": {}
}