{
  "summary": {
    "successRate": 1,
    "total": 10.001230511,
    "slowest": 0.010568883,
    "fastest": 0.000235099,
    "average": 0.0009696862668693734,
    "requestsPerSec": 51496.76326663361,
    "totalData": 6695403,
    "sizePerRequest": 13,
    "sizePerSec": 669457.9224662369
  },
  "responseTimeHistogram": {
    "0.000235099": 1,
    "0.0012684773999999998": 480486,
    "0.0023018557999999996": 23534,
    "0.0033352341999999995": 8037,
    "0.004368612599999999": 1562,
    "0.005401990999999999": 159,
    "0.006435369399999999": 2,
    "0.007468747799999999": 690,
    "0.0085021262": 409,
    "0.0095355046": 144,
    "0.010568883": 7
  },
  "latencyPercentiles": {
    "p10": 0.000769899,
    "p25": 0.000815199,
    "p50": 0.000896498,
    "p75": 0.000940199,
    "p90": 0.000992799,
    "p95": 0.001606898,
    "p99": 0.003159296
  },
  "rps": {
    "mean": 51514.18983910417,
    "stddev": 10499.63959788743,
    "max": 59172.87571636572,
    "percentiles": {
      "p10": 36262.510440538754,
      "p25": 48923.852505220246,
      "p50": 56927.41054818296,
      "p75": 57581.46743999746,
      "p90": 58002.40709989928,
      "p95": 58264.76128216349,
      "p99": 58602.68837315378
    }
  },
  "details": {
    "DNSDialup": {
      "average": 0.0012512621000000004,
      "fastest": 0.0000622,
      "slowest": 0.001443398
    },
    "DNSLookup": {
      "average": 0.000004038,
      "fastest": 0.000003,
      "slowest": 0.0000338
    }
  },
  "statusCodeDistribution": {
    "200": 515031
  },
  "errorDistribution": {}
}