{
  "summary": {
    "successRate": 1,
    "total": 10.001231517,
    "slowest": 0.011528682,
    "fastest": 0.000131099,
    "average": 0.0009746625956176158,
    "requestsPerSec": 51226.391382816335,
    "totalData": 6660251,
    "sizePerRequest": 13,
    "sizePerSec": 665943.0879766124
  },
  "responseTimeHistogram": {
    "0.000131099": 1,
    "0.0012708573": 487220,
    "0.0024106156": 16337,
    "0.0035503738999999998": 5304,
    "0.0046901322": 1873,
    "0.0058298905": 333,
    "0.0069696488": 177,
    "0.0081094071": 917,
    "0.0092491654": 115,
    "0.0103889237": 0,
    "0.011528682": 50
  },
  "latencyPercentiles": {
    "p10": 0.000786998,
    "p25": 0.000839099,
    "p50": 0.000915998,
    "p75": 0.000959499,
    "p90": 0.001004499,
    "p95": 0.001249598,
    "p99": 0.003410595
  },
  "rps": {
    "mean": 51236.39181976693,
    "stddev": 9281.960626314927,
    "max": 57542.923204600396,
    "percentiles": {
      "p10": 40711.87158175374,
      "p25": 51021.49025169229,
      "p50": 55618.97163122341,
      "p75": 56202.636444059885,
      "p90": 56555.49224899623,
      "p95": 56743.733402077705,
      "p99": 57084.922264003646
    }
  },
  "details": {
    "DNSDialup": {
      "average": 0.0012396600200000002,
      "fastest": 0.0000646,
      "slowest": 0.001408698
    },
    "DNSLookup": {
      "average": 0.000004198,
      "fastest": 0.0000029,
      "slowest": 0.0000336
    }
  },
  "statusCodeDistribution": {
    "200": 512327
  },
  "errorDistribution": {}
}