{
  "summary": {
    "successRate": 1,
    "total": 10.00147386,
    "slowest": 0.009763011,
    "fastest": 0.000128801,
    "average": 0.0009868159104689644,
    "requestsPerSec": 50609.64084747405,
    "totalData": 6580223,
    "sizePerRequest": 13,
    "sizePerSec": 657925.3310171627
  },
  "responseTimeHistogram": {
    "0.000128801": 1,
    "0.0010922220000000001": 468574,
    "0.0020556430000000002": 24552,
    "0.0030190640000000006": 5453,
    "0.003982485000000001": 5569,
    "0.004945906": 357,
    "0.005909327000000001": 421,
    "0.0068727480000000014": 115,
    "0.007836169": 532,
    "0.008799590000000001": 517,
    "0.009763011": 80
  },
  "latencyPercentiles": {
    "p10": 0.000781101,
    "p25": 0.000827501,
    "p50": 0.000912201,
    "p75": 0.000955801,
    "p90": 0.001006001,
    "p95": 0.001624201,
    "p99": 0.003451604
  },
  "rps": {
    "mean": 50614.972071556316,
    "stddev": 10652.404937998144,
    "max": 58120.69751698552,
    "percentiles": {
      "p10": 32263.846926682443,
      "p25": 48513.96901601217,
      "p50": 56030.75528157197,
      "p75": 56605.598293673116,
      "p90": 57124.50069834846,
      "p95": 57436.696305271595,
      "p99": 57751.64398505805
    }
  },
  "details": {
    "DNSDialup": {
      "average": 0.00071519682,
      "fastest": 0.000048,
      "slowest": 0.0010428
    },
    "DNSLookup": {
      "average": 0.000004382000000000001,
      "fastest": 0.0000029,
      "slowest": 0.000031
    }
  },
  "statusCodeDistribution": {
    "200": 506171
  },
  "errorDistribution": {}
}