{
  "summary": {
    "successRate": 1,
    "total": 10.00170783,
    "slowest": 0.01013944,
    "fastest": 0.000152199,
    "average": 0.001002926747820572,
    "requestsPerSec": 49798.09533188493,
    "totalData": 6474858,
    "sizePerRequest": 13,
    "sizePerSec": 647375.2393145041
  },
  "responseTimeHistogram": {
    "0.000152199": 1,
    "0.0011509231": 458777,
    "0.0021496472": 23502,
    "0.0031483712999999997": 8597,
    "0.0041470954": 5432,
    "0.005145819499999999": 244,
    "0.0061445436": 281,
    "0.007143267699999999": 133,
    "0.0081419918": 900,
    "0.0091407159": 154,
    "0.01013944": 45
  },
  "latencyPercentiles": {
    "p10": 0.000785895,
    "p25": 0.000834395,
    "p50": 0.000921595,
    "p75": 0.000966295,
    "p90": 0.001028994,
    "p95": 0.001751491,
    "p99": 0.003365881
  },
  "rps": {
    "mean": 49809.810259838276,
    "stddev": 10964.90230816871,
    "max": 57506.0438852131,
    "percentiles": {
      "p10": 31269.33556505663,
      "p25": 46066.85467918833,
      "p50": 55720.97825555934,
      "p75": 56207.59364590204,
      "p90": 56546.74445653799,
      "p95": 56718.8745605169,
      "p99": 57051.863178303756
    }
  },
  "details": {
    "DNSDialup": {
      "average": 0.00129319936,
      "fastest": 0.000063599,
      "slowest": 0.001414493
    },
    "DNSLookup": {
      "average": 0.0000039959999999999995,
      "fastest": 0.000003,
      "slowest": 0.0000345
    }
  },
  "statusCodeDistribution": {
    "200": 498066
  },
  "errorDistribution": {}
}