{
  "summary": {
    "successRate": 1,
    "total": 10.001415393,
    "slowest": 0.01077486,
    "fastest": 0.000152802,
    "average": 0.0010857253607912834,
    "requestsPerSec": 45987.3909768723,
    "totalData": 5979207,
    "sizePerRequest": 13,
    "sizePerSec": 597836.08269934
  },
  "responseTimeHistogram": {
    "0.000152802": 1,
    "0.0012150078": 422743,
    "0.0022772136": 25934,
    "0.0033394194": 4079,
    "0.004401625199999999": 4512,
    "0.005463831": 1298,
    "0.006526036799999999": 191,
    "0.007588242599999999": 230,
    "0.0086504484": 262,
    "0.0097126542": 656,
    "0.01077486": 33
  },
  "latencyPercentiles": {
    "p10": 0.000849613,
    "p25": 0.000908113,
    "p50": 0.000991115,
    "p75": 0.001040115,
    "p90": 0.001108917,
    "p95": 0.001846128,
    "p99": 0.004190862
  },
  "rps": {
    "mean": 46099.65406669707,
    "stddev": 10745.361777521124,
    "max": 146478.79272934364,
    "percentiles": {
      "p10": 31028.013570131756,
      "p25": 43616.38231319738,
      "p50": 51419.0711430436,
      "p75": 52013.29980075648,
      "p90": 52415.70109313896,
      "p95": 52640.446846255894,
      "p99": 52979.23960562489
    }
  },
  "details": {
    "DNSDialup": {
      "average": 0.0014531316400000001,
      "fastest": 0.000069201,
      "slowest": 0.003120747
    },
    "DNSLookup": {
      "average": 0.0000049980599999999985,
      "fastest": 0.0000032,
      "slowest": 0.000036901
    }
  },
  "statusCodeDistribution": {
    "200": 459939
  },
  "errorDistribution": {}
}