{
  "summary": {
    "successRate": 1,
    "total": 10.001564847,
    "slowest": 0.010901955,
    "fastest": 0.000312599,
    "average": 0.0009904426030007763,
    "requestsPerSec": 50418.910211961156,
    "totalData": 6555484,
    "sizePerRequest": 13,
    "sizePerSec": 655445.8327554951
  },
  "responseTimeHistogram": {
    "0.000312599": 1,
    "0.0013715346": 472143,
    "0.0024304701999999997": 22760,
    "0.0034894058000000004": 4238,
    "0.0045483414": 3662,
    "0.005607277": 250,
    "0.0066662126000000006": 109,
    "0.0077251482": 305,
    "0.0087840838": 619,
    "0.0098430194": 89,
    "0.010901955": 92
  },
  "latencyPercentiles": {
    "p10": 0.000781398,
    "p25": 0.000829097,
    "p50": 0.000908596,
    "p75": 0.000952996,
    "p90": 0.001012996,
    "p95": 0.001669495,
    "p99": 0.003497089
  },
  "rps": {
    "mean": 50426.38463151145,
    "stddev": 10746.67021494278,
    "max": 58110.59608647286,
    "percentiles": {
      "p10": 34760.59466862375,
      "p25": 45785.384882510494,
      "p50": 56140.0390758721,
      "p75": 56765.33646561674,
      "p90": 57205.33153689956,
      "p95": 57410.9833590161,
      "p99": 57838.01693859533
    }
  },
  "details": {
    "DNSDialup": {
      "average": 0.0012849319600000005,
      "fastest": 0.000066799,
      "slowest": 0.002783492
    },
    "DNSLookup": {
      "average": 0.000004216,
      "fastest": 0.000003,
      "slowest": 0.0000294
    }
  },
  "statusCodeDistribution": {
    "200": 504268
  },
  "errorDistribution": {}
}