{
  "summary": {
    "successRate": 1,
    "total": 10.002514562,
    "slowest": 0.015051125,
    "fastest": 0.000167701,
    "average": 0.001543378262090251,
    "requestsPerSec": 32158.31359266558,
    "totalData": 4181632,
    "sizePerRequest": 13,
    "sizePerSec": 418058.0767046525
  },
  "responseTimeHistogram": {
    "0.000167701": 1,
    "0.0016560434": 271873,
    "0.0031443858000000002": 38620,
    "0.0046327282": 4828,
    "0.0061210706": 4394,
    "0.007609413000000001": 888,
    "0.0090977554": 362,
    "0.0105860978": 448,
    "0.0120744402": 219,
    "0.0135627826": 30,
    "0.015051125": 1
  },
  "latencyPercentiles": {
    "p10": 0.00114951,
    "p25": 0.00126171,
    "p50": 0.001356611,
    "p75": 0.001502612,
    "p90": 0.001925915,
    "p95": 0.00247452,
    "p99": 0.005555746
  },
  "rps": {
    "mean": 32112.582468015888,
    "stddev": 7498.400104848987,
    "max": 41571.22267160747,
    "percentiles": {
      "p10": 20909.86318246318,
      "p25": 29891.8186994986,
      "p50": 35219.07817464681,
      "p75": 37108.22689390162,
      "p90": 38041.68278644947,
      "p95": 38600.45162528449,
      "p99": 39729.547926270054
    }
  },
  "details": {
    "DNSDialup": {
      "average": 0.00216694992,
      "fastest": 0.000094401,
      "slowest": 0.004253935
    },
    "DNSLookup": {
      "average": 0.000007312080000000002,
      "fastest": 0.0000059,
      "slowest": 0.0000348
    }
  },
  "statusCodeDistribution": {
    "200": 321664
  },
  "errorDistribution": {}
}