{
  "summary": {
    "successRate": 1,
    "total": 10.002203544,
    "slowest": 0.015230433,
    "fastest": 0.000214202,
    "average": 0.001637886046576287,
    "requestsPerSec": 30437.992854347376,
    "totalData": 3957811,
    "sizePerRequest": 13,
    "sizePerSec": 395693.9071065159
  },
  "responseTimeHistogram": {
    "0.000214202": 1,
    "0.0017158250999999998": 255428,
    "0.0032174482": 35456,
    "0.0047190713": 6652,
    "0.0062206944": 4616,
    "0.0077223175": 1195,
    "0.0092239406": 339,
    "0.0107255637": 363,
    "0.0122271868": 203,
    "0.0137288099": 144,
    "0.015230433": 50
  },
  "latencyPercentiles": {
    "p10": 0.00115801,
    "p25": 0.001277112,
    "p50": 0.001410212,
    "p75": 0.001570014,
    "p90": 0.002213919,
    "p95": 0.003069627,
    "p99": 0.005816551
  },
  "rps": {
    "mean": 30428.257469751978,
    "stddev": 8540.2040182117,
    "max": 40391.14910886053,
    "percentiles": {
      "p10": 16996.420089430765,
      "p25": 25948.71989835197,
      "p50": 34519.375725595186,
      "p75": 36293.32101632798,
      "p90": 37659.322661240825,
      "p95": 38307.66031226586,
      "p99": 39298.3272050811
    }
  },
  "details": {
    "DNSDialup": {
      "average": 0.00251005788,
      "fastest": 0.000116501,
      "slowest": 0.004236337
    },
    "DNSLookup": {
      "average": 0.000010376080000000004,
      "fastest": 0.0000061,
      "slowest": 0.0000727
    }
  },
  "statusCodeDistribution": {
    "200": 304447
  },
  "errorDistribution": {}
}