{
  "summary": {
    "successRate": 1,
    "total": 10.002397043,
    "slowest": 0.018110312,
    "fastest": 0.0002171,
    "average": 0.0016238507259965767,
    "requestsPerSec": 30667.44888063328,
    "totalData": 3987724,
    "sizePerRequest": 13,
    "sizePerSec": 398676.83544823265
  },
  "responseTimeHistogram": {
    "0.0002171": 1,
    "0.0020064211999999996": 266582,
    "0.0037957423999999997": 31541,
    "0.005585063599999999": 6494,
    "0.007374384799999999": 1171,
    "0.009163705999999999": 322,
    "0.010953027199999998": 504,
    "0.012742348399999999": 52,
    "0.014531669599999998": 28,
    "0.0163209908": 35,
    "0.018110312": 18
  },
  "latencyPercentiles": {
    "p10": 0.001163601,
    "p25": 0.001261801,
    "p50": 0.001385901,
    "p75": 0.001553701,
    "p90": 0.002401802,
    "p95": 0.003024502,
    "p99": 0.005294403
  },
  "rps": {
    "mean": 30688.654471606867,
    "stddev": 8608.049765216843,
    "max": 42254.045920927914,
    "percentiles": {
      "p10": 17118.137155407036,
      "p25": 24467.761017361787,
      "p50": 34842.396227727295,
      "p75": 37377.49022477468,
      "p90": 38113.2265702239,
      "p95": 38440.01080388053,
      "p99": 39339.15848006247
    }
  },
  "details": {
    "DNSDialup": {
      "average": 0.0021794510000000002,
      "fastest": 0.0000984,
      "slowest": 0.004376902
    },
    "DNSLookup": {
      "average": 0.000007708,
      "fastest": 0.000006,
      "slowest": 0.0000376
    }
  },
  "statusCodeDistribution": {
    "200": 306748
  },
  "errorDistribution": {}
}