{
  "summary": {
    "successRate": 1,
    "total": 10.001593991,
    "slowest": 0.011298194,
    "fastest": 0.000206802,
    "average": 0.001119151591215816,
    "requestsPerSec": 44600.29075379411,
    "totalData": 5798962,
    "sizePerRequest": 13,
    "sizePerSec": 579803.7797993234
  },
  "responseTimeHistogram": {
    "0.000206802": 1,
    "0.0013159412": 409325,
    "0.0024250803999999997": 21137,
    "0.0035342195999999997": 8647,
    "0.0046433588": 5283,
    "0.005752497999999999": 581,
    "0.0068616371999999995": 110,
    "0.0079707764": 93,
    "0.0090799156": 498,
    "0.0101890548": 348,
    "0.011298194": 51
  },
  "latencyPercentiles": {
    "p10": 0.000862809,
    "p25": 0.000925409,
    "p50": 0.001009408,
    "p75": 0.001062409,
    "p90": 0.001149311,
    "p95": 0.001926418,
    "p99": 0.004336936
  },
  "rps": {
    "mean": 44603.82143275208,
    "stddev": 10726.799572800222,
    "max": 56116.232929719394,
    "percentiles": {
      "p10": 27567.90299452462,
      "p25": 39990.35371923815,
      "p50": 50413.19313264296,
      "p75": 51143.77309964388,
      "p90": 51525.13385926758,
      "p95": 51750.438444013984,
      "p99": 52250.40993744101
    }
  },
  "details": {
    "DNSDialup": {
      "average": 0.0014456698799999999,
      "fastest": 0.0000758,
      "slowest": 0.002937228
    },
    "DNSLookup": {
      "average": 0.000004906060000000002,
      "fastest": 0.000003301,
      "slowest": 0.0000342
    }
  },
  "statusCodeDistribution": {
    "200": 446074
  },
  "errorDistribution": {}
}