{
  "summary": {
    "successRate": 1,
    "total": 10.0017625,
    "slowest": 0.011702112,
    "fastest": 0.000170502,
    "average": 0.0010922965263179304,
    "requestsPerSec": 45713.54298804836,
    "totalData": 5943808,
    "sizePerRequest": 13,
    "sizePerSec": 594276.0588446286
  },
  "responseTimeHistogram": {
    "0.000170502": 1,
    "0.001323663": 424445,
    "0.0024768240000000003": 22149,
    "0.0036299850000000005": 4079,
    "0.004783146000000001": 5059,
    "0.005936307000000001": 450,
    "0.0070894680000000015": 122,
    "0.008242629000000001": 129,
    "0.009395790000000001": 639,
    "0.010548951": 115,
    "0.011702112": 28
  },
  "latencyPercentiles": {
    "p10": 0.000858308,
    "p25": 0.000912609,
    "p50": 0.00100351,
    "p75": 0.00105241,
    "p90": 0.001115511,
    "p95": 0.001844718,
    "p99": 0.004233841
  },
  "rps": {
    "mean": 45727.13446304224,
    "stddev": 10017.194260878643,
    "max": 52600.60754716821,
    "percentiles": {
      "p10": 31579.273450141947,
      "p25": 44483.55402568079,
      "p50": 50908.67483819234,
      "p75": 51531.94238528531,
      "p90": 51866.61514850894,
      "p95": 52060.23853880143,
      "p99": 52438.03521653367
    }
  },
  "details": {
    "DNSDialup": {
      "average": 0.0014299958200000003,
      "fastest": 0.000064601,
      "slowest": 0.00308673
    },
    "DNSLookup": {
      "average": 0.000004564040000000002,
      "fastest": 0.0000033,
      "slowest": 0.000037001
    }
  },
  "statusCodeDistribution": {
    "200": 457216
  },
  "errorDistribution": {}
}