{
  "summary": {
    "successRate": 1,
    "total": 10.001423875,
    "slowest": 0.009406436,
    "fastest": 0.000127499,
    "average": 0.000984385768781562,
    "requestsPerSec": 50732.67630105318,
    "totalData": 6596187,
    "sizePerRequest": 13,
    "sizePerSec": 659524.7919136913
  },
  "responseTimeHistogram": {
    "0.000127499": 1,
    "0.0010553927": 468189,
    "0.0019832864": 27142,
    "0.0029111801000000002": 4589,
    "0.0038390738000000004": 5889,
    "0.0047669675": 176,
    "0.0056948612": 249,
    "0.0066227549000000005": 104,
    "0.0075506486": 480,
    "0.008478542300000001": 579,
    "0.009406436": 1
  },
  "latencyPercentiles": {
    "p10": 0.000785898,
    "p25": 0.000831081,
    "p50": 0.000916194,
    "p75": 0.000960763,
    "p90": 0.001009497,
    "p95": 0.001584474,
    "p99": 0.003439276
  },
  "rps": {
    "mean": 50743.55919823642,
    "stddev": 9935.675366612331,
    "max": 57631.9714514315,
    "percentiles": {
      "p10": 39564.05283201157,
      "p25": 48470.94733706822,
      "p50": 55859.58541976702,
      "p75": 56362.39723873094,
      "p90": 56656.747174992175,
      "p95": 56849.21523704185,
      "p99": 57220.843591752695
    }
  },
  "details": {
    "DNSDialup": {
      "average": 0.0006969612399999999,
      "fastest": 0.000040599,
      "slowest": 0.001041792
    },
    "DNSLookup": {
      "average": 0.00000434596,
      "fastest": 0.0000029,
      "slowest": 0.000029999
    }
  },
  "statusCodeDistribution": {
    "200": 507399
  },
  "errorDistribution": {}
}