{
  "summary": {
    "successRate": 1,
    "total": 10.001420407,
    "slowest": 0.012240896,
    "fastest": 0.0001331,
    "average": 0.0009829303142065227,
    "requestsPerSec": 50809.682957066005,
    "totalData": 6606197,
    "sizePerRequest": 13,
    "sizePerSec": 660525.878441858
  },
  "responseTimeHistogram": {
    "0.0001331": 1,
    "0.0013438795999999999": 473084,
    "0.0025546592": 26417,
    "0.0037654388": 6863,
    "0.004976218399999999": 471,
    "0.006186997999999999": 130,
    "0.0073977776": 261,
    "0.0086085572": 905,
    "0.0098193368": 35,
    "0.0110301164": 0,
    "0.012240896": 2
  },
  "latencyPercentiles": {
    "p10": 0.0007729,
    "p25": 0.0008186,
    "p50": 0.000902699,
    "p75": 0.000946499,
    "p90": 0.001013999,
    "p95": 0.001730499,
    "p99": 0.003368298
  },
  "rps": {
    "mean": 50817.78398582895,
    "stddev": 10898.689876195533,
    "max": 58815.34492349204,
    "percentiles": {
      "p10": 32631.7806418294,
      "p25": 46322.25321044211,
      "p50": 56688.583548020695,
      "p75": 57372.5713492233,
      "p90": 57787.29758658706,
      "p95": 57964.90968247792,
      "p99": 58386.944394912105
    }
  },
  "details": {
    "DNSDialup": {
      "average": 0.0007455612800000001,
      "fastest": 0.0000407,
      "slowest": 0.001115299
    },
    "DNSLookup": {
      "average": 0.000004412000000000001,
      "fastest": 0.0000029,
      "slowest": 0.0000341
    }
  },
  "statusCodeDistribution": {
    "200": 508169
  },
  "errorDistribution": {}
}