{
  "summary": {
    "successRate": 1,
    "total": 10.001511516,
    "slowest": 0.01583743,
    "fastest": 0.00025711,
    "average": 0.0010598689471989786,
    "requestsPerSec": 47086.682772560234,
    "totalData": 6122194,
    "sizePerRequest": 13,
    "sizePerSec": 612126.876043283
  },
  "responseTimeHistogram": {
    "0.00025711": 1,
    "0.001815142": 458531,
    "0.003373174": 5308,
    "0.004931206": 5850,
    "0.006489238": 297,
    "0.00804727": 78,
    "0.009605302": 872,
    "0.011163333999999999": 0,
    "0.012721366": 0,
    "0.014279398": 0,
    "0.01583743": 1
  },
  "latencyPercentiles": {
    "p10": 0.000849234,
    "p25": 0.000917136,
    "p50": 0.00099444,
    "p75": 0.001043342,
    "p90": 0.001089744,
    "p95": 0.001226849,
    "p99": 0.004306671
  },
  "rps": {
    "mean": 47077.88591453154,
    "stddev": 8991.031582762389,
    "max": 52785.95578073947,
    "percentiles": {
      "p10": 33302.67087420397,
      "p25": 48728.65827644676,
      "p50": 51128.64226539757,
      "p75": 51642.087252130914,
      "p90": 52023.351344292314,
      "p95": 52215.932499587485,
      "p99": 52552.950105988435
    }
  },
  "details": {
    "DNSDialup": {
      "average": 0.0016081179400000002,
      "fastest": 0.000084503,
      "slowest": 0.003180527
    },
    "DNSLookup": {
      "average": 0.000005506200000000002,
      "fastest": 0.0000037,
      "slowest": 0.000044702
    }
  },
  "statusCodeDistribution": {
    "200": 470938
  },
  "errorDistribution": {}
}