{
  "summary": {
    "successRate": 1,
    "total": 10.001625447,
    "slowest": 0.009943204,
    "fastest": 0.000135601,
    "average": 0.0011004936968321839,
    "requestsPerSec": 45364.52623669221,
    "totalData": 5898347,
    "sizePerRequest": 13,
    "sizePerSec": 589738.8410769987
  },
  "responseTimeHistogram": {
    "0.000135601": 1,
    "0.0011163612999999998": 399016,
    "0.0020971215999999997": 41851,
    "0.0030778818999999996": 5325,
    "0.0040586421999999995": 1986,
    "0.005039402499999999": 4304,
    "0.006020162799999999": 260,
    "0.0070009231": 43,
    "0.0079816834": 36,
    "0.0089624437": 449,
    "0.009943203999999999": 448
  },
  "latencyPercentiles": {
    "p10": 0.000851408,
    "p25": 0.000909509,
    "p50": 0.00099581,
    "p75": 0.001049611,
    "p90": 0.001209213,
    "p95": 0.001893019,
    "p99": 0.004174442
  },
  "rps": {
    "mean": 45390.13444735153,
    "stddev": 10422.499895045295,
    "max": 54210.83674626298,
    "percentiles": {
      "p10": 28183.731694153917,
      "p25": 39712.38207002172,
      "p50": 51195.023047132156,
      "p75": 51933.211288618986,
      "p90": 52327.20491382803,
      "p95": 52589.37172858442,
      "p99": 53023.85543255607
    }
  },
  "details": {
    "DNSDialup": {
      "average": 0.00146038928,
      "fastest": 0.000076401,
      "slowest": 0.003210934
    },
    "DNSLookup": {
      "average": 0.000004968019999999999,
      "fastest": 0.0000035,
      "slowest": 0.000038001
    }
  },
  "statusCodeDistribution": {
    "200": 453719
  },
  "errorDistribution": {}
}