{
  "summary": {
    "successRate": 1,
    "total": 10.001372043,
    "slowest": 0.0121409,
    "fastest": 0.000238904,
    "average": 0.0010972798866697607,
    "requestsPerSec": 45497.05760805883,
    "totalData": 5915429,
    "sizePerRequest": 13,
    "sizePerSec": 591461.7489047648
  },
  "responseTimeHistogram": {
    "0.000238904": 1,
    "0.0014291036000000001": 422340,
    "0.0026193032": 22222,
    "0.0038095028": 3954,
    "0.0049997024": 5014,
    "0.006189902000000001": 282,
    "0.0073801016": 206,
    "0.0085703012": 171,
    "0.0097605008": 783,
    "0.0109507004": 31,
    "0.012140900000000001": 29
  },
  "latencyPercentiles": {
    "p10": 0.000852014,
    "p25": 0.000910715,
    "p50": 0.000997316,
    "p75": 0.001049417,
    "p90": 0.001126019,
    "p95": 0.001931332,
    "p99": 0.00423297
  },
  "rps": {
    "mean": 45548.950423326314,
    "stddev": 10616.757807195389,
    "max": 60370.979670044966,
    "percentiles": {
      "p10": 28084.317202059017,
      "p25": 42903.12194390578,
      "p50": 51107.845054216894,
      "p75": 51711.66214393662,
      "p90": 52100.182350635914,
      "p95": 52332.414283191945,
      "p99": 52740.47425317326
    }
  },
  "details": {
    "DNSDialup": {
      "average": 0.00161887072,
      "fastest": 0.000076602,
      "slowest": 0.00179053
    },
    "DNSLookup": {
      "average": 0.000005166179999999999,
      "fastest": 0.0000038,
      "slowest": 0.000036801
    }
  },
  "statusCodeDistribution": {
    "200": 455033
  },
  "errorDistribution": {}
}