{
  "summary": {
    "successRate": 1,
    "total": 10.001575505,
    "slowest": 0.009277171,
    "fastest": 0.000268704,
    "average": 0.0010853624259598057,
    "requestsPerSec": 46001.5524324135,
    "totalData": 5981144,
    "sizePerRequest": 13,
    "sizePerSec": 598020.1816213755
  },
  "responseTimeHistogram": {
    "0.000268704": 1,
    "0.0011695507000000001": 420299,
    "0.0020703974": 25878,
    "0.0029712441": 4947,
    "0.0038720908": 2510,
    "0.0047729375": 5046,
    "0.0056737842": 289,
    "0.0065746309000000005": 36,
    "0.0074754776000000005": 111,
    "0.0083763243": 120,
    "0.009277171": 851
  },
  "latencyPercentiles": {
    "p10": 0.000839315,
    "p25": 0.000899816,
    "p50": 0.000984618,
    "p75": 0.001034019,
    "p90": 0.00110692,
    "p95": 0.001876335,
    "p99": 0.004245378
  },
  "rps": {
    "mean": 46013.04496439419,
    "stddev": 10962.544911709523,
    "max": 53903.8313331956,
    "percentiles": {
      "p10": 27234.164324241337,
      "p25": 43101.78872423167,
      "p50": 51903.742778891596,
      "p75": 52442.19701720845,
      "p90": 52880.19087827963,
      "p95": 53110.70180641377,
      "p99": 53459.33762974586
    }
  },
  "details": {
    "DNSDialup": {
      "average": 0.00143798268,
      "fastest": 0.000070301,
      "slowest": 0.003068857
    },
    "DNSLookup": {
      "average": 0.0000044041200000000004,
      "fastest": 0.0000033,
      "slowest": 0.000032301
    }
  },
  "statusCodeDistribution": {
    "200": 460088
  },
  "errorDistribution": {}
}