{
  "summary": {
    "successRate": 1,
    "total": 10.001915097,
    "slowest": 0.012610588,
    "fastest": 0.000283802,
    "average": 0.001560249251299366,
    "requestsPerSec": 31952.180847431566,
    "totalData": 4154579,
    "sizePerRequest": 13,
    "sizePerSec": 415378.35101661034
  },
  "responseTimeHistogram": {
    "0.000283802": 1,
    "0.0015164806": 231357,
    "0.0027491592000000002": 74023,
    "0.0039818378": 6566,
    "0.0052145164": 3331,
    "0.006447195": 2937,
    "0.0076798736": 550,
    "0.0089125522": 218,
    "0.0101452308": 89,
    "0.0113779094": 436,
    "0.012610588": 75
  },
  "latencyPercentiles": {
    "p10": 0.001171208,
    "p25": 0.001289509,
    "p50": 0.001413309,
    "p75": 0.001531911,
    "p90": 0.001735012,
    "p95": 0.002574117,
    "p99": 0.005454937
  },
  "rps": {
    "mean": 31969.276049722335,
    "stddev": 7474.865537171774,
    "max": 40366.88426581227,
    "percentiles": {
      "p10": 20702.964664539304,
      "p25": 31402.857090881644,
      "p50": 35233.58465289181,
      "p75": 36444.943904826854,
      "p90": 37182.68597272034,
      "p95": 37734.07293454445,
      "p99": 38509.46002856635
    }
  },
  "details": {
    "DNSDialup": {
      "average": 0.0026069862400000007,
      "fastest": 0.000102901,
      "slowest": 0.00577754
    },
    "DNSLookup": {
      "average": 0.00007571851999999998,
      "fastest": 0.0000057,
      "slowest": 0.003374423
    }
  },
  "statusCodeDistribution": {
    "200": 319583
  },
  "errorDistribution": {}
}