{
  "summary": {
    "successRate": 1,
    "total": 10.002522799,
    "slowest": 0.025892274,
    "fastest": 0.000696308,
    "average": 0.004942380429861358,
    "requestsPerSec": 10108.849740398378,
    "totalData": 1314482,
    "sizePerRequest": 13,
    "sizePerSec": 131415.04662517892
  },
  "responseTimeHistogram": {
    "0.000696308": 1,
    "0.0032159046": 6244,
    "0.0057355012": 84870,
    "0.0082550978": 8827,
    "0.0107746944": 665,
    "0.013294291": 62,
    "0.0158138876": 213,
    "0.0183334842": 133,
    "0.0208530808": 27,
    "0.0233726774": 22,
    "0.025892274": 50
  },
  "latencyPercentiles": {
    "p10": 0.003660538,
    "p25": 0.004693549,
    "p50": 0.004971889,
    "p75": 0.005197153,
    "p90": 0.005727787,
    "p95": 0.006106386,
    "p99": 0.008604391
  },
  "rps": {
    "mean": 10163.345206115033,
    "stddev": 1479.6504847791332,
    "max": 19384.065613918123,
    "percentiles": {
      "p10": 8903.377941590983,
      "p25": 9700.482113960667,
      "p50": 10511.418938463681,
      "p75": 10685.120398560835,
      "p90": 11134.618673848347,
      "p95": 12004.178751955009,
      "p99": 13111.214786827923
    }
  },
  "details": {
    "DNSDialup": {
      "average": 0.0014098169600000002,
      "fastest": 0.000075301,
      "slowest": 0.001602317
    },
    "DNSLookup": {
      "average": 0.000004760079999999999,
      "fastest": 0.0000035,
      "slowest": 0.000035
    }
  },
  "statusCodeDistribution": {
    "200": 101114
  },
  "errorDistribution": {}
}