{
  "summary": {
    "successRate": 1,
    "total": 10.002152234,
    "slowest": 0.028477248,
    "fastest": 0.000754207,
    "average": 0.005058285900603175,
    "requestsPerSec": 9878.473921255856,
    "totalData": 1284478,
    "sizePerRequest": 13,
    "sizePerSec": 128420.16097632612
  },
  "responseTimeHistogram": {
    "0.000754207": 1,
    "0.0035265111": 7823,
    "0.0062988152": 87173,
    "0.0090711193": 3092,
    "0.0118434234": 327,
    "0.014615727500000002": 27,
    "0.0173880316": 262,
    "0.0201603357": 30,
    "0.0229326398": 21,
    "0.025704943900000003": 0,
    "0.028477248000000004": 50
  },
  "latencyPercentiles": {
    "p10": 0.003849234,
    "p25": 0.004800342,
    "p50": 0.005084545,
    "p75": 0.005332246,
    "p90": 0.005877851,
    "p95": 0.006182753,
    "p99": 0.008497374
  },
  "rps": {
    "mean": 9943.107361817067,
    "stddev": 1568.0026270546116,
    "max": 15881.25059554767,
    "percentiles": {
      "p10": 8451.641847204733,
      "p25": 9436.162665893398,
      "p50": 10208.792833267162,
      "p75": 10519.385370876218,
      "p90": 11431.935290287316,
      "p95": 12185.831465295785,
      "p99": 13324.333190408039
    }
  },
  "details": {
    "DNSDialup": {
      "average": 0.0015753977200000005,
      "fastest": 0.000080301,
      "slowest": 0.001775416
    },
    "DNSLookup": {
      "average": 0.000004842079999999999,
      "fastest": 0.0000037,
      "slowest": 0.000040301
    }
  },
  "statusCodeDistribution": {
    "200": 98806
  },
  "errorDistribution": {}
}