{
  "summary": {
    "successRate": 1,
    "total": 10.00188471,
    "slowest": 0.02409103,
    "fastest": 0.000561801,
    "average": 0.004543222353472744,
    "requestsPerSec": 10996.227530001193,
    "totalData": 1429779,
    "sizePerRequest": 13,
    "sizePerSec": 142950.9578900155
  },
  "responseTimeHistogram": {
    "0.000561801": 1,
    "0.0029147239": 235,
    "0.005267646799999999": 93064,
    "0.007620569699999999": 15483,
    "0.0099734926": 653,
    "0.0123264155": 107,
    "0.014679338399999999": 305,
    "0.0170322613": 35,
    "0.0193851842": 37,
    "0.021738107099999997": 13,
    "0.02409103": 50
  },
  "latencyPercentiles": {
    "p10": 0.003472605,
    "p25": 0.003658806,
    "p50": 0.004770206,
    "p75": 0.005143707,
    "p90": 0.005400108,
    "p95": 0.005850509,
    "p99": 0.00780711
  },
  "rps": {
    "mean": 11159.140986930233,
    "stddev": 3510.763497108872,
    "max": 113059.26843731327,
    "percentiles": {
      "p10": 10266.238147935213,
      "p25": 10639.457492055106,
      "p50": 11430.735103430186,
      "p75": 11544.291273670486,
      "p90": 11682.093267790555,
      "p95": 12308.936527258795,
      "p99": 13293.835334337076
    }
  },
  "details": {
    "DNSDialup": {
      "average": 0.0013094397000000004,
      "fastest": 0.0000659,
      "slowest": 0.001446301
    },
    "DNSLookup": {
      "average": 0.000003957999999999999,
      "fastest": 0.000003,
      "slowest": 0.0000313
    }
  },
  "statusCodeDistribution": {
    "200": 109983
  },
  "errorDistribution": {}
}