{
  "summary": {
    "successRate": 1,
    "total": 10.001536202,
    "slowest": 0.024154879,
    "fastest": 0.000657497,
    "average": 0.004635809814777357,
    "requestsPerSec": 10778.344228603932,
    "totalData": 1401400,
    "sizePerRequest": 13,
    "sizePerSec": 140118.47497185113
  },
  "responseTimeHistogram": {
    "0.000657497": 1,
    "0.0030072352": 209,
    "0.0053569734": 87636,
    "0.007706711600000001": 18594,
    "0.0100564498": 797,
    "0.012406188": 124,
    "0.014755926200000002": 231,
    "0.0171056644": 158,
    "0.0194554026": 0,
    "0.0218051408": 0,
    "0.024154879": 50
  },
  "latencyPercentiles": {
    "p10": 0.003534684,
    "p25": 0.003744481,
    "p50": 0.004790179,
    "p75": 0.005268876,
    "p90": 0.005529876,
    "p95": 0.00597027,
    "p99": 0.008770561
  },
  "rps": {
    "mean": 10820.2714899565,
    "stddev": 1350.8313052128055,
    "max": 13363.797551045796,
    "percentiles": {
      "p10": 10108.536659208661,
      "p25": 10510.768282104678,
      "p50": 11223.908849949417,
      "p75": 11332.067732106183,
      "p90": 11421.846345854816,
      "p95": 11575.26466405823,
      "p99": 12665.193248196483
    }
  },
  "details": {
    "DNSDialup": {
      "average": 0.00122243984,
      "fastest": 0.0000583,
      "slowest": 0.001412193
    },
    "DNSLookup": {
      "average": 0.000004351979999999999,
      "fastest": 0.000002999,
      "slowest": 0.0000389
    }
  },
  "statusCodeDistribution": {
    "200": 107800
  },
  "errorDistribution": {}
}