{
  "summary": {
    "successRate": 1,
    "total": 10.00144633,
    "slowest": 0.024119904,
    "fastest": 0.000642301,
    "average": 0.004555282572334914,
    "requestsPerSec": 10968.913533128964,
    "totalData": 1426165,
    "sizePerRequest": 13,
    "sizePerSec": 142595.87593067653
  },
  "responseTimeHistogram": {
    "0.000642301": 1,
    "0.0029900613": 740,
    "0.0053378216": 94423,
    "0.0076855819": 13109,
    "0.0100333422": 926,
    "0.0123811025": 108,
    "0.0147288628": 281,
    "0.0170766231": 52,
    "0.019424383400000002": 15,
    "0.021772143700000003": 0,
    "0.024119904": 50
  },
  "latencyPercentiles": {
    "p10": 0.003468001,
    "p25": 0.003681302,
    "p50": 0.004725501,
    "p75": 0.005163301,
    "p90": 0.005434003,
    "p95": 0.005863101,
    "p99": 0.008093301
  },
  "rps": {
    "mean": 11029.562653551804,
    "stddev": 1697.3781066669742,
    "max": 42772.34636871508,
    "percentiles": {
      "p10": 10129.576336988965,
      "p25": 10637.165127416103,
      "p50": 11395.945818934342,
      "p75": 11539.967163751577,
      "p90": 11668.490806610678,
      "p95": 12428.158970063632,
      "p99": 13374.17218732324
    }
  },
  "details": {
    "DNSDialup": {
      "average": 0.0012525020000000006,
      "fastest": 0.0000635,
      "slowest": 0.0014057
    },
    "DNSLookup": {
      "average": 0.000003926,
      "fastest": 0.000003,
      "slowest": 0.0000301
    }
  },
  "statusCodeDistribution": {
    "200": 109705
  },
  "errorDistribution": {}
}