{
  "summary": {
    "successRate": 1,
    "total": 10.001669719,
    "slowest": 0.028987763,
    "fastest": 0.000684865,
    "average": 0.005649235282720515,
    "requestsPerSec": 8845.423062904882,
    "totalData": 1150097,
    "sizePerRequest": 13,
    "sizePerSec": 114990.49981776347
  },
  "responseTimeHistogram": {
    "0.000684865": 1,
    "0.0035151547999999998": 5109,
    "0.0063454446": 70855,
    "0.0091757344": 11041,
    "0.0120060242": 1059,
    "0.014836314": 80,
    "0.0176666038": 193,
    "0.0204968936": 8,
    "0.0233271834": 48,
    "0.0261574732": 30,
    "0.028987763": 45
  },
  "latencyPercentiles": {
    "p10": 0.004159795,
    "p25": 0.005302204,
    "p50": 0.005653739,
    "p75": 0.005975369,
    "p90": 0.006656133,
    "p95": 0.007077173,
    "p99": 0.010197472
  },
  "rps": {
    "mean": 8890.535210487315,
    "stddev": 1324.9683725702505,
    "max": 14157.23019858549,
    "percentiles": {
      "p10": 7658.091216733508,
      "p25": 8617.986381053555,
      "p50": 9149.307549907833,
      "p75": 9478.150393682756,
      "p90": 9821.426612367453,
      "p95": 10184.003033737583,
      "p99": 11624.95772742606
    }
  },
  "details": {
    "DNSDialup": {
      "average": 0.0027156249,
      "fastest": 0.000125212,
      "slowest": 0.002945381
    },
    "DNSLookup": {
      "average": 0.000008590900000000003,
      "fastest": 0.0000071,
      "slowest": 0.000050105
    }
  },
  "statusCodeDistribution": {
    "200": 88469
  },
  "errorDistribution": {}
}