{
  "summary": {
    "successRate": 1,
    "total": 10.002207726,
    "slowest": 0.030566597,
    "fastest": 0.00061371,
    "average": 0.005009713699613043,
    "requestsPerSec": 9972.598323539356,
    "totalData": 1296724,
    "sizePerRequest": 13,
    "sizePerSec": 129643.77820601163
  },
  "responseTimeHistogram": {
    "0.00061371": 1,
    "0.0036089987000000002": 9233,
    "0.0066042874000000005": 88269,
    "0.0095995761": 1659,
    "0.012594864800000001": 169,
    "0.015590153500000002": 79,
    "0.0185854422": 291,
    "0.0215807309": 14,
    "0.024576019600000002": 0,
    "0.027571308300000003": 0,
    "0.030566597000000004": 33
  },
  "latencyPercentiles": {
    "p10": 0.003711261,
    "p25": 0.004764273,
    "p50": 0.005048482,
    "p75": 0.00526578,
    "p90": 0.005843495,
    "p95": 0.006207401,
    "p99": 0.008515139
  },
  "rps": {
    "mean": 10045.610613898582,
    "stddev": 1532.4143797722943,
    "max": 21180.60703619764,
    "percentiles": {
      "p10": 8842.495547034427,
      "p25": 9496.41498001488,
      "p50": 10336.688412662228,
      "p75": 10549.041593842321,
      "p90": 11262.572745435782,
      "p95": 12078.435161861307,
      "p99": 13390.295306227441
    }
  },
  "details": {
    "DNSDialup": {
      "average": 0.00074401612,
      "fastest": 0.0000507,
      "slowest": 0.002025933
    },
    "DNSLookup": {
      "average": 0.00000567614,
      "fastest": 0.0000034,
      "slowest": 0.000040301
    }
  },
  "statusCodeDistribution": {
    "200": 99748
  },
  "errorDistribution": {}
}