{
  "summary": {
    "successRate": 1,
    "total": 10.002461266,
    "slowest": 0.037841824,
    "fastest": 0.001291811,
    "average": 0.004833894763814334,
    "requestsPerSec": 10336.355947854167,
    "totalData": 1344057,
    "sizePerRequest": 13,
    "sizePerSec": 134372.62732210415
  },
  "responseTimeHistogram": {
    "0.001291811": 1,
    "0.004946812300000001": 61898,
    "0.008601813600000001": 40690,
    "0.012256814900000003": 392,
    "0.0159118162": 220,
    "0.019566817500000003": 132,
    "0.023221818800000005": 47,
    "0.026876820100000004": 8,
    "0.030531821400000006": 0,
    "0.0341868227": 0,
    "0.037841824": 1
  },
  "latencyPercentiles": {
    "p10": 0.00375623,
    "p25": 0.004572937,
    "p50": 0.00485924,
    "p75": 0.005095442,
    "p90": 0.005642346,
    "p95": 0.006028949,
    "p99": 0.008057069
  },
  "rps": {
    "mean": 10370.395677097535,
    "stddev": 1420.151612175139,
    "max": 15600.994173353707,
    "percentiles": {
      "p10": 9125.89011168649,
      "p25": 9912.03551990015,
      "p50": 10769.201384472279,
      "p75": 10935.307352586065,
      "p90": 11190.317497853763,
      "p95": 11855.266461316107,
      "p99": 13130.172008354988
    }
  },
  "details": {
    "DNSDialup": {
      "average": 0.0016446100799999998,
      "fastest": 0.000075401,
      "slowest": 0.003552831
    },
    "DNSLookup": {
      "average": 0.000005292079999999999,
      "fastest": 0.0000039,
      "slowest": 0.000042401
    }
  },
  "statusCodeDistribution": {
    "200": 103389
  },
  "errorDistribution": {}
}