{
  "summary": {
    "successRate": 1,
    "total": 10.001980398,
    "slowest": 0.023794936,
    "fastest": 0.000636596,
    "average": 0.004569239849269848,
    "requestsPerSec": 10933.934645769537,
    "totalData": 1421693,
    "sizePerRequest": 13,
    "sizePerSec": 142141.150395004
  },
  "responseTimeHistogram": {
    "0.000636596": 1,
    "0.0029524300000000002": 185,
    "0.005268264": 90775,
    "0.007584098": 16771,
    "0.009899932": 1008,
    "0.012215766": 141,
    "0.0145316": 318,
    "0.016847434": 68,
    "0.019163268": 44,
    "0.021479102": 0,
    "0.023794936": 50
  },
  "latencyPercentiles": {
    "p10": 0.003474276,
    "p25": 0.003676776,
    "p50": 0.004770467,
    "p75": 0.005163466,
    "p90": 0.005414262,
    "p95": 0.005858962,
    "p99": 0.008907338
  },
  "rps": {
    "mean": 10974.66238238707,
    "stddev": 1460.057552348061,
    "max": 13844.775922301447,
    "percentiles": {
      "p10": 10301.61220230969,
      "p25": 10604.886957545914,
      "p50": 11405.90062155143,
      "p75": 11496.27255903947,
      "p90": 11591.202904851936,
      "p95": 12186.335001734617,
      "p99": 13287.862787965969
    }
  },
  "details": {
    "DNSDialup": {
      "average": 0.0012339374799999999,
      "fastest": 0.0000591,
      "slowest": 0.001396691
    },
    "DNSLookup": {
      "average": 0.000004237960000000001,
      "fastest": 0.000002999,
      "slowest": 0.0000339
    }
  },
  "statusCodeDistribution": {
    "200": 109361
  },
  "errorDistribution": {}
}