{
  "summary": {
    "successRate": 1,
    "total": 10.001954192,
    "slowest": 0.025542053,
    "fastest": 0.00073551,
    "average": 0.004917623839909862,
    "requestsPerSec": 10160.414459934571,
    "totalData": 1321112,
    "sizePerRequest": 13,
    "sizePerSec": 132085.38797914944
  },
  "responseTimeHistogram": {
    "0.00073551": 1,
    "0.0032161643": 7330,
    "0.0056968186": 82537,
    "0.0081774729": 10693,
    "0.0106581272": 654,
    "0.0131387815": 19,
    "0.015619435800000001": 66,
    "0.0181000901": 224,
    "0.020580744400000003": 16,
    "0.0230613987": 34,
    "0.025542053000000002": 50
  },
  "latencyPercentiles": {
    "p10": 0.003457348,
    "p25": 0.004649164,
    "p50": 0.004989369,
    "p75": 0.005191172,
    "p90": 0.005844181,
    "p95": 0.006207486,
    "p99": 0.008278414
  },
  "rps": {
    "mean": 10259.906416602636,
    "stddev": 1892.54808110381,
    "max": 49344.72222949524,
    "percentiles": {
      "p10": 8974.363369754015,
      "p25": 9653.250224211888,
      "p50": 10551.432336250364,
      "p75": 10788.455605607967,
      "p90": 11409.81948080881,
      "p95": 12274.584055093706,
      "p99": 13312.813505448694
    }
  },
  "details": {
    "DNSDialup": {
      "average": 0.00148748452,
      "fastest": 0.000075601,
      "slowest": 0.001741124
    },
    "DNSLookup": {
      "average": 0.00000466002,
      "fastest": 0.0000034,
      "slowest": 0.0000385
    }
  },
  "statusCodeDistribution": {
    "200": 101624
  },
  "errorDistribution": {}
}