{
  "summary": {
    "successRate": 1,
    "total": 10.00208686,
    "slowest": 0.037763663,
    "fastest": 0.000947506,
    "average": 0.008384177367710252,
    "requestsPerSec": 5959.156407485947,
    "totalData": 774852,
    "sizePerRequest": 13,
    "sizePerSec": 77469.0332973173
  },
  "responseTimeHistogram": {
    "0.000947506": 1,
    "0.004629121700000001": 514,
    "0.0083107374": 30140,
    "0.011992353100000002": 26533,
    "0.0156739688": 1833,
    "0.019355584500000002": 257,
    "0.023037200200000003": 193,
    "0.0267188159": 52,
    "0.030400431600000003": 61,
    "0.0340820473": 0,
    "0.037763663": 20
  },
  "latencyPercentiles": {
    "p10": 0.005908137,
    "p25": 0.007578848,
    "p50": 0.008279452,
    "p75": 0.009000856,
    "p90": 0.010246572,
    "p95": 0.01155188,
    "p99": 0.015546997
  },
  "rps": {
    "mean": 6125.556411995877,
    "stddev": 3340.329044891676,
    "max": 112153.04083521101,
    "percentiles": {
      "p10": 4632.625318305648,
      "p25": 5717.390697233743,
      "p50": 6281.677050114703,
      "p75": 6595.964747980086,
      "p90": 6884.045989852627,
      "p95": 7184.426045347096,
      "p99": 8362.663870071232
    }
  },
  "details": {
    "DNSDialup": {
      "average": 0.0025110454599999994,
      "fastest": 0.000099901,
      "slowest": 0.00278682
    },
    "DNSLookup": {
      "average": 0.000007666060000000002,
      "fastest": 0.0000059,
      "slowest": 0.000040101
    }
  },
  "statusCodeDistribution": {
    "200": 59604
  },
  "errorDistribution": {}
}