{
  "summary": {
    "successRate": 1,
    "total": 10.001711759,
    "slowest": 0.026483849,
    "fastest": 0.000305513,
    "average": 0.004965580088770342,
    "requestsPerSec": 10063.577358088509,
    "totalData": 1308489,
    "sizePerRequest": 13,
    "sizePerSec": 130826.50565515061
  },
  "responseTimeHistogram": {
    "0.000305513": 1,
    "0.0029233466": 5032,
    "0.005541180200000001": 80370,
    "0.0081590138": 13890,
    "0.010776847400000001": 903,
    "0.013394681000000002": 102,
    "0.0160125146": 190,
    "0.0186303482": 79,
    "0.0212481818": 36,
    "0.023866015400000003": 0,
    "0.026483849000000004": 50
  },
  "latencyPercentiles": {
    "p10": 0.003442036,
    "p25": 0.004667985,
    "p50": 0.0050598,
    "p75": 0.005274009,
    "p90": 0.005882633,
    "p95": 0.006235347,
    "p99": 0.008720945
  },
  "rps": {
    "mean": 10249.168762854375,
    "stddev": 4529.013853757619,
    "max": 151492.19814299274,
    "percentiles": {
      "p10": 8637.259968349581,
      "p25": 9562.164611396482,
      "p50": 10466.574741960912,
      "p75": 10718.666032364124,
      "p90": 11395.975474890862,
      "p95": 12304.327358107663,
      "p99": 13540.563232863813
    }
  },
  "details": {
    "DNSDialup": {
      "average": 0.0014254083799999998,
      "fastest": 0.000068803,
      "slowest": 0.001595263
    },
    "DNSLookup": {
      "average": 0.0000045021000000000005,
      "fastest": 0.0000034,
      "slowest": 0.000039401
    }
  },
  "statusCodeDistribution": {
    "200": 100653
  },
  "errorDistribution": {}
}