{
  "summary": {
    "successRate": 1,
    "total": 10.002209585,
    "slowest": 0.026289888,
    "fastest": 0.000725111,
    "average": 0.004791376984687623,
    "requestsPerSec": 10427.196022407683,
    "totalData": 1355835,
    "sizePerRequest": 13,
    "sizePerSec": 135553.5482912999
  },
  "responseTimeHistogram": {
    "0.000725111": 1,
    "0.0032815887": 7666,
    "0.0058380663999999995": 90506,
    "0.0083945441": 5345,
    "0.0109510218": 372,
    "0.0135074995": 37,
    "0.0160639772": 253,
    "0.0186204549": 65,
    "0.0211769326": 0,
    "0.0237334103": 0,
    "0.026289888": 50
  },
  "latencyPercentiles": {
    "p10": 0.003733655,
    "p25": 0.004546767,
    "p50": 0.004825771,
    "p75": 0.005044574,
    "p90": 0.005550481,
    "p95": 0.005897987,
    "p99": 0.007942617
  },
  "rps": {
    "mean": 10459.255545180495,
    "stddev": 1460.9610259932542,
    "max": 18429.128397785233,
    "percentiles": {
      "p10": 9252.968736824692,
      "p25": 10027.023367062757,
      "p50": 10843.905011145813,
      "p75": 11003.249259506414,
      "p90": 11348.597892309657,
      "p95": 11972.904491418103,
      "p99": 13261.515751064922
    }
  },
  "details": {
    "DNSDialup": {
      "average": 0.00154838686,
      "fastest": 0.000076901,
      "slowest": 0.001719225
    },
    "DNSLookup": {
      "average": 0.000004742119999999999,
      "fastest": 0.0000036,
      "slowest": 0.000039501
    }
  },
  "statusCodeDistribution": {
    "200": 104295
  },
  "errorDistribution": {}
}