{
  "summary": {
    "successRate": 1,
    "total": 10.002069847,
    "slowest": 0.035806596,
    "fastest": 0.0007917,
    "average": 0.008160384668283819,
    "requestsPerSec": 6120.833081200938,
    "totalData": 795873,
    "sizePerRequest": 13,
    "sizePerSec": 79570.8300556122
  },
  "responseTimeHistogram": {
    "0.0007917": 1,
    "0.0042931896": 421,
    "0.007794679200000001": 21531,
    "0.011296168799999999": 36458,
    "0.0147976584": 2209,
    "0.018299148": 301,
    "0.0218006376": 239,
    "0.0253021272": 0,
    "0.0288036168": 12,
    "0.0323051064": 38,
    "0.035806596": 11
  },
  "latencyPercentiles": {
    "p10": 0.005888,
    "p25": 0.0075055,
    "p50": 0.008029599,
    "p75": 0.0087305,
    "p90": 0.0099459,
    "p95": 0.011082899,
    "p99": 0.014753298
  },
  "rps": {
    "mean": 6182.719497393104,
    "stddev": 1048.192587536343,
    "max": 10890.986412197642,
    "percentiles": {
      "p10": 5037.596327704228,
      "p25": 5880.229019446007,
      "p50": 6448.672624127909,
      "p75": 6716.871839114875,
      "p90": 6946.98816485814,
      "p95": 7137.395760566421,
      "p99": 8359.836437982787
    }
  },
  "details": {
    "DNSDialup": {
      "average": 0.00143862356,
      "fastest": 0.0000679,
      "slowest": 0.0020769
    },
    "DNSLookup": {
      "average": 0.000008756000000000002,
      "fastest": 0.0000063,
      "slowest": 0.0000561
    }
  },
  "statusCodeDistribution": {
    "200": 61221
  },
  "errorDistribution": {}
}