{
  "summary": {
    "successRate": 1,
    "total": 10.001810733,
    "slowest": 0.027926327,
    "fastest": 0.000972011,
    "average": 0.004993741969343663,
    "requestsPerSec": 10005.888200804051,
    "totalData": 1301001,
    "sizePerRequest": 13,
    "sizePerSec": 130076.54661045266
  },
  "responseTimeHistogram": {
    "0.000972011": 1,
    "0.0036674426": 11284,
    "0.0063628742": 85767,
    "0.009058305800000001": 2394,
    "0.0117537374": 231,
    "0.014449169": 34,
    "0.0171446006": 233,
    "0.0198400322": 36,
    "0.0225354638": 47,
    "0.025230895399999998": 0,
    "0.027926326999999997": 50
  },
  "latencyPercentiles": {
    "p10": 0.003540942,
    "p25": 0.004763955,
    "p50": 0.005094155,
    "p75": 0.005281262,
    "p90": 0.005801768,
    "p95": 0.006154766,
    "p99": 0.008401098
  },
  "rps": {
    "mean": 10085.193839791595,
    "stddev": 1421.57889321769,
    "max": 17489.970594984283,
    "percentiles": {
      "p10": 8869.08474436534,
      "p25": 9551.859913025819,
      "p50": 10358.889831683446,
      "p75": 10613.688223266572,
      "p90": 11219.84503567473,
      "p95": 12044.000588228535,
      "p99": 13520.743238977737
    }
  },
  "details": {
    "DNSDialup": {
      "average": 0.0014153945800000002,
      "fastest": 0.000070201,
      "slowest": 0.001553118
    },
    "DNSLookup": {
      "average": 0.00000415206,
      "fastest": 0.0000032,
      "slowest": 0.0000343
    }
  },
  "statusCodeDistribution": {
    "200": 100077
  },
  "errorDistribution": {}
}