{
  "summary": {
    "successRate": 1,
    "total": 10.002984969,
    "slowest": 0.035092837,
    "fastest": 0.000851306,
    "average": 0.007821574355913978,
    "requestsPerSec": 6385.593920010218,
    "totalData": 830375,
    "sizePerRequest": 13,
    "sizePerSec": 83012.72096013284
  },
  "responseTimeHistogram": {
    "0.000851306": 1,
    "0.0042754591": 342,
    "0.007699612199999999": 26448,
    "0.011123765299999998": 34808,
    "0.014547918399999998": 1709,
    "0.0179720715": 250,
    "0.021396224599999996": 110,
    "0.024820377699999997": 124,
    "0.028244530799999997": 33,
    "0.0316686839": 7,
    "0.035092837": 43
  },
  "latencyPercentiles": {
    "p10": 0.005546937,
    "p25": 0.007247448,
    "p50": 0.007829952,
    "p75": 0.008337156,
    "p90": 0.009233161,
    "p95": 0.010259868,
    "p99": 0.014238096
  },
  "rps": {
    "mean": 6539.2434103964215,
    "stddev": 2345.818989334335,
    "max": 72678.19135129478,
    "percentiles": {
      "p10": 5611.149699754985,
      "p25": 6157.450898976244,
      "p50": 6655.462632299959,
      "p75": 6953.716914184322,
      "p90": 7201.599166534532,
      "p95": 7651.148742276622,
      "p99": 8754.647623556797
    }
  },
  "details": {
    "DNSDialup": {
      "average": 0.0021323864,
      "fastest": 0.000095201,
      "slowest": 0.004186229
    },
    "DNSLookup": {
      "average": 0.000007670079999999997,
      "fastest": 0.0000056,
      "slowest": 0.000042301
    }
  },
  "statusCodeDistribution": {
    "200": 63875
  },
  "errorDistribution": {}
}