{
  "summary": {
    "successRate": 1,
    "total": 10.002839262,
    "slowest": 0.040641031,
    "fastest": 0.000932309,
    "average": 0.008392809732780096,
    "requestsPerSec": 5950.710437398209,
    "totalData": 773812,
    "sizePerRequest": 13,
    "sizePerSec": 77359.23568617672
  },
  "responseTimeHistogram": {
    "0.000932309": 1,
    "0.0049031812000000004": 1153,
    "0.0088740534": 41749,
    "0.012844925600000001": 14569,
    "0.0168157978": 1568,
    "0.02078667": 248,
    "0.024757542200000003": 115,
    "0.028728414400000003": 21,
    "0.0326992866": 5,
    "0.036670158800000005": 45,
    "0.040641031": 50
  },
  "latencyPercentiles": {
    "p10": 0.005863746,
    "p25": 0.007624359,
    "p50": 0.008218465,
    "p75": 0.00902547,
    "p90": 0.01030108,
    "p95": 0.011867406,
    "p99": 0.015811824
  },
  "rps": {
    "mean": 6048.244013268166,
    "stddev": 1287.7684658174617,
    "max": 21963.776801410728,
    "percentiles": {
      "p10": 4726.431148267251,
      "p25": 5721.927570837072,
      "p50": 6325.3407381989555,
      "p75": 6617.9163477887105,
      "p90": 6855.870929850008,
      "p95": 7100.024554251428,
      "p99": 8445.015463973748
    }
  },
  "details": {
    "DNSDialup": {
      "average": 0.00228867882,
      "fastest": 0.000090502,
      "slowest": 0.004822299
    },
    "DNSLookup": {
      "average": 0.00000946222,
      "fastest": 0.0000058,
      "slowest": 0.000115703
    }
  },
  "statusCodeDistribution": {
    "200": 59524
  },
  "errorDistribution": {}
}