{
  "summary": {
    "successRate": 1,
    "total": 10.002019847,
    "slowest": 0.026859168,
    "fastest": 0.000806713,
    "average": 0.005118794460759222,
    "requestsPerSec": 9760.828461991354,
    "totalData": 1269164,
    "sizePerRequest": 13,
    "sizePerSec": 126890.77000588759
  },
  "responseTimeHistogram": {
    "0.000806713": 1,
    "0.0034119585": 7170,
    "0.006017203999999999": 80423,
    "0.0086224495": 9118,
    "0.011227695": 466,
    "0.013832940499999998": 57,
    "0.016438186": 92,
    "0.0190434315": 206,
    "0.021648676999999998": 45,
    "0.024253922499999997": 40,
    "0.026859167999999996": 10
  },
  "latencyPercentiles": {
    "p10": 0.00366386,
    "p25": 0.004824966,
    "p50": 0.00517437,
    "p75": 0.005428817,
    "p90": 0.006036683,
    "p95": 0.006442788,
    "p99": 0.008567317
  },
  "rps": {
    "mean": 9937.66740126607,
    "stddev": 3679.5028673614274,
    "max": 122375.7885745971,
    "percentiles": {
      "p10": 8562.1483538263,
      "p25": 9240.161437672687,
      "p50": 10122.3104667987,
      "p75": 10406.463454451412,
      "p90": 11106.31600324831,
      "p95": 11821.193105927561,
      "p99": 12860.26836165
    }
  },
  "details": {
    "DNSDialup": {
      "average": 0.00165587664,
      "fastest": 0.000073001,
      "slowest": 0.001750524
    },
    "DNSLookup": {
      "average": 0.000004462039999999999,
      "fastest": 0.0000033,
      "slowest": 0.000038901
    }
  },
  "statusCodeDistribution": {
    "200": 97628
  },
  "errorDistribution": {}
}