{
  "summary": {
    "successRate": 0.5095363822676834,
    "total": 10.002149376,
    "slowest": 0.060116319,
    "fastest": 0.000885007,
    "average": 0.007684129357556991,
    "requestsPerSec": 10829.87225324958,
    "totalData": 717522,
    "sizePerRequest": 13,
    "sizePerSec": 71736.78106844542
  },
  "responseTimeHistogram": {
    "0.000885007": 1,
    "0.0068081382": 16340,
    "0.0127312694": 37852,
    "0.0186544006": 749,
    "0.0245775318": 130,
    "0.030500663": 51,
    "0.0364237942": 20,
    "0.0423469254": 0,
    "0.0482700566": 50,
    "0.0541931878": 0,
    "0.060116319": 1
  },
  "latencyPercentiles": {
    "p10": 0.005532839,
    "p25": 0.006671246,
    "p50": 0.007378251,
    "p75": 0.008446959,
    "p90": 0.009787868,
    "p95": 0.010700674,
    "p99": 0.014238899
  },
  "rps": {
    "mean": 6575.307286978846,
    "stddev": 1310.0713889644255,
    "max": 12248.250605330939,
    "percentiles": {
      "p10": 5190.759064662387,
      "p25": 5978.812347737342,
      "p50": 6671.148870083271,
      "p75": 7388.160615965262,
      "p90": 7848.919112097065,
      "p95": 8187.968069231144,
      "p99": 9574.308821942193
    }
  },
  "details": {
    "DNSDialup": {
      "average": 0.002229127500000001,
      "fastest": 0.000045401,
      "slowest": 0.007489853
    },
    "DNSLookup": {
      "average": 0.00015489908,
      "fastest": 0.0000052,
      "slowest": 0.007390452
    }
  },
  "statusCodeDistribution": {
    "200": 55194
  },
  "errorDistribution": {
    "Connection refused (os error 111)": 53128
  }
}