{
  "summary": {
    "successRate": 1,
    "total": 10.002354988,
    "slowest": 0.036892385,
    "fastest": 0.000639299,
    "average": 0.004430477451542328,
    "requestsPerSec": 11276.244457961642,
    "totalData": 1466257,
    "sizePerRequest": 13,
    "sizePerSec": 146591.17795350135
  },
  "responseTimeHistogram": {
    "0.000639299": 1,
    "0.0042646075999999995": 50439,
    "0.0078899162": 61223,
    "0.011515224799999998": 676,
    "0.015140533399999998": 320,
    "0.018765841999999998": 79,
    "0.022391150599999996": 42,
    "0.026016459199999998": 8,
    "0.029641767799999996": 0,
    "0.0332670764": 0,
    "0.036892385": 1
  },
  "latencyPercentiles": {
    "p10": 0.003385194,
    "p25": 0.003559699,
    "p50": 0.004642593,
    "p75": 0.004999892,
    "p90": 0.005253291,
    "p95": 0.00573939,
    "p99": 0.007880997
  },
  "rps": {
    "mean": 11468.301621616938,
    "stddev": 3674.2490312636173,
    "max": 101303.19322120238,
    "percentiles": {
      "p10": 10406.67796525033,
      "p25": 10826.43421546838,
      "p50": 11705.740495138903,
      "p75": 11861.918036456187,
      "p90": 12459.78064068628,
      "p95": 13094.383763319265,
      "p99": 13771.209133348726
    }
  },
  "details": {
    "DNSDialup": {
      "average": 0.0012984671199999997,
      "fastest": 0.0000669,
      "slowest": 0.002798699
    },
    "DNSLookup": {
      "average": 0.0000041319999999999996,
      "fastest": 0.0000028,
      "slowest": 0.0000339
    }
  },
  "statusCodeDistribution": {
    "200": 112789
  },
  "errorDistribution": {}
}