{
  "summary": {
    "successRate": 1,
    "total": 10.00234216,
    "slowest": 0.029743355,
    "fastest": 0.000648097,
    "average": 0.0044086049577925866,
    "requestsPerSec": 11331.845900380597,
    "totalData": 1473485,
    "sizePerRequest": 13,
    "sizePerSec": 147313.99670494776
  },
  "responseTimeHistogram": {
    "0.000648097": 1,
    "0.0035576228": 27859,
    "0.0064671486": 83731,
    "0.0093766744": 1144,
    "0.0122862002": 184,
    "0.015195726": 297,
    "0.0181052518": 57,
    "0.0210147776": 59,
    "0.0239243034": 12,
    "0.0268338292": 0,
    "0.029743355": 1
  },
  "latencyPercentiles": {
    "p10": 0.003360983,
    "p25": 0.003563183,
    "p50": 0.004589978,
    "p75": 0.004976776,
    "p90": 0.005244775,
    "p95": 0.005678173,
    "p99": 0.007557063
  },
  "rps": {
    "mean": 11363.52894853739,
    "stddev": 1486.491128792033,
    "max": 13871.709286561081,
    "percentiles": {
      "p10": 10501.10156555419,
      "p25": 10870.931842003898,
      "p50": 11748.57920013485,
      "p75": 11910.686689078677,
      "p90": 12460.08489678824,
      "p95": 13041.92956424679,
      "p99": 13630.342042173661
    }
  },
  "details": {
    "DNSDialup": {
      "average": 0.0013360995200000002,
      "fastest": 0.0000713,
      "slowest": 0.002842986
    },
    "DNSLookup": {
      "average": 0.000004486,
      "fastest": 0.0000031,
      "slowest": 0.0000359
    }
  },
  "statusCodeDistribution": {
    "200": 113345
  },
  "errorDistribution": {}
}