{
  "summary": {
    "successRate": 1,
    "total": 10.00243766,
    "slowest": 0.02873773,
    "fastest": 0.000689812,
    "average": 0.0050207807018836995,
    "requestsPerSec": 9951.074266430369,
    "totalData": 1293955,
    "sizePerRequest": 13,
    "sizePerSec": 129363.9654635948
  },
  "responseTimeHistogram": {
    "0.000689812": 1,
    "0.0034946038": 7669,
    "0.0062993955999999995": 87844,
    "0.0091041874": 3378,
    "0.0119089792": 243,
    "0.014713770999999999": 20,
    "0.0175185628": 258,
    "0.0203233546": 72,
    "0.0231281464": 0,
    "0.025932938200000002": 0,
    "0.02873773": 50
  },
  "latencyPercentiles": {
    "p10": 0.003880271,
    "p25": 0.004768988,
    "p50": 0.005039893,
    "p75": 0.005271497,
    "p90": 0.005886008,
    "p95": 0.006226115,
    "p99": 0.008450756
  },
  "rps": {
    "mean": 10007.64200215935,
    "stddev": 1403.070675411904,
    "max": 14598.28440959876,
    "percentiles": {
      "p10": 8860.265755616647,
      "p25": 9467.462833134614,
      "p50": 10310.682516660272,
      "p75": 10520.363478558387,
      "p90": 10981.637148681713,
      "p95": 11833.741240354422,
      "p99": 13124.173294264314
    }
  },
  "details": {
    "DNSDialup": {
      "average": 0.0015156979800000003,
      "fastest": 0.000071201,
      "slowest": 0.003226759
    },
    "DNSLookup": {
      "average": 0.0000044600600000000005,
      "fastest": 0.0000033,
      "slowest": 0.0000325
    }
  },
  "statusCodeDistribution": {
    "200": 99535
  },
  "errorDistribution": {}
}