{
  "summary": {
    "successRate": 1,
    "total": 10.001559772,
    "slowest": 0.023603662,
    "fastest": 0.000648699,
    "average": 0.004337131250629382,
    "requestsPerSec": 11519.203266928193,
    "totalData": 1497730,
    "sizePerRequest": 13,
    "sizePerSec": 149749.64247006652
  },
  "responseTimeHistogram": {
    "0.000648699": 1,
    "0.0029441953000000002": 470,
    "0.0052396916000000005": 104898,
    "0.007535187900000001": 8719,
    "0.009830684200000002": 601,
    "0.0121261805": 86,
    "0.014421676800000002": 333,
    "0.0167171731": 2,
    "0.0190126694": 6,
    "0.021308165700000003": 44,
    "0.023603662": 50
  },
  "latencyPercentiles": {
    "p10": 0.003326695,
    "p25": 0.003496794,
    "p50": 0.004553493,
    "p75": 0.004908092,
    "p90": 0.005135392,
    "p95": 0.005544491,
    "p99": 0.007441088
  },
  "rps": {
    "mean": 11666.030567860167,
    "stddev": 3330.838933846954,
    "max": 102360.77368032958,
    "percentiles": {
      "p10": 10616.791517464131,
      "p25": 11144.467120339099,
      "p50": 11919.337260397186,
      "p75": 12093.76017870249,
      "p90": 12701.403594230564,
      "p95": 13238.012692856792,
      "p99": 13870.283730982597
    }
  },
  "details": {
    "DNSDialup": {
      "average": 0.0012890059199999998,
      "fastest": 0.0000616,
      "slowest": 0.001441798
    },
    "DNSLookup": {
      "average": 0.00000417598,
      "fastest": 0.0000032,
      "slowest": 0.0000341
    }
  },
  "statusCodeDistribution": {
    "200": 115210
  },
  "errorDistribution": {}
}