{
  "summary": {
    "successRate": 1,
    "total": 10.001560928,
    "slowest": 0.024501764,
    "fastest": 0.000464999,
    "average": 0.004527244552107228,
    "requestsPerSec": 11034.177644315801,
    "totalData": 1434667,
    "sizePerRequest": 13,
    "sizePerSec": 143444.3093761054
  },
  "responseTimeHistogram": {
    "0.000464999": 1,
    "0.0028686755": 185,
    "0.005272351999999999": 94326,
    "0.0076760284999999985": 14589,
    "0.010079705": 698,
    "0.0124833815": 117,
    "0.014887057999999998": 322,
    "0.0172907345": 21,
    "0.019694411": 35,
    "0.0220980875": 15,
    "0.024501764": 50
  },
  "latencyPercentiles": {
    "p10": 0.003463295,
    "p25": 0.003652395,
    "p50": 0.004701193,
    "p75": 0.005138893,
    "p90": 0.005386492,
    "p95": 0.005847292,
    "p99": 0.008014888
  },
  "rps": {
    "mean": 11079.99821260444,
    "stddev": 1432.9896951075696,
    "max": 13966.921105785994,
    "percentiles": {
      "p10": 10305.281341015276,
      "p25": 10646.353991056565,
      "p50": 11503.733017755922,
      "p75": 11592.107519115678,
      "p90": 11715.34620497269,
      "p95": 12626.422050783382,
      "p99": 13333.050100178274
    }
  },
  "details": {
    "DNSDialup": {
      "average": 0.0012583901799999998,
      "fastest": 0.0000595,
      "slowest": 0.002556396
    },
    "DNSLookup": {
      "average": 0.000004498000000000002,
      "fastest": 0.0000029,
      "slowest": 0.0000362
    }
  },
  "statusCodeDistribution": {
    "200": 110359
  },
  "errorDistribution": {}
}