{
  "summary": {
    "successRate": 1,
    "total": 10.001785592,
    "slowest": 0.054183744,
    "fastest": 0.001450559,
    "average": 0.012547611379651722,
    "requestsPerSec": 3978.9895148154264,
    "totalData": 517361,
    "sizePerRequest": 13,
    "sizePerSec": 51726.86369260054
  },
  "responseTimeHistogram": {
    "0.001450559": 1,
    "0.0067238775": 14273,
    "0.011997196000000002": 4839,
    "0.017270514500000004": 8653,
    "0.022543833000000003": 8101,
    "0.0278171515": 3810,
    "0.033090470000000004": 56,
    "0.0383637885": 14,
    "0.043637107": 0,
    "0.0489104255": 0,
    "0.054183744": 50
  },
  "latencyPercentiles": {
    "p10": 0.004301374,
    "p25": 0.005594425,
    "p50": 0.012746114,
    "p75": 0.018225934,
    "p90": 0.022525891,
    "p95": 0.023478746,
    "p99": 0.024833283
  },
  "rps": {
    "mean": 4391.764173521558,
    "stddev": 3675.1508417009004,
    "max": 23851.19241053826,
    "percentiles": {
      "p10": 95.45614434496268,
      "p25": 2436.7297814994326,
      "p50": 3344.869043359691,
      "p75": 5441.024458293069,
      "p90": 9072.337954767567,
      "p95": 11465.73905681994,
      "p99": 21312.05537728029
    }
  },
  "details": {
    "DNSDialup": {
      "average": 0.0014422021200000002,
      "fastest": 0.000068302,
      "slowest": 0.001582863
    },
    "DNSLookup": {
      "average": 0.000004418220000000001,
      "fastest": 0.0000033,
      "slowest": 0.000039301
    }
  },
  "statusCodeDistribution": {
    "200": 39797
  },
  "errorDistribution": {}
}