{
  "summary": {
    "successRate": 1,
    "total": 10.003228268,
    "slowest": 0.036524314,
    "fastest": 0.0009409,
    "average": 0.014020079908128293,
    "requestsPerSec": 3559.2509783962473,
    "totalData": 462852,
    "sizePerRequest": 13,
    "sizePerSec": 46270.262719151215
  },
  "responseTimeHistogram": {
    "0.0009409": 1,
    "0.0044992414": 576,
    "0.008057582800000001": 10165,
    "0.0116159242": 6180,
    "0.0151742656": 3376,
    "0.018732607000000002": 4770,
    "0.022290948400000003": 4798,
    "0.0258492898": 4028,
    "0.029407631200000003": 1245,
    "0.032965972600000004": 378,
    "0.036524314": 87
  },
  "latencyPercentiles": {
    "p10": 0.0061597,
    "p25": 0.007547402,
    "p50": 0.0129994,
    "p75": 0.020056006,
    "p90": 0.024599708,
    "p95": 0.025806211,
    "p99": 0.029792509
  },
  "rps": {
    "mean": 4472.824904471343,
    "stddev": 3705.6815613220133,
    "max": 42216.3588390852,
    "percentiles": {
      "p10": 91.77086942987268,
      "p25": 2218.8931428767964,
      "p50": 3392.2731367867823,
      "p75": 6287.155572796906,
      "p90": 9514.432574005685,
      "p95": 12483.415587340103,
      "p99": 13180.651956237363
    }
  },
  "details": {
    "DNSDialup": {
      "average": 0.0021186200000000003,
      "fastest": 0.0000863,
      "slowest": 0.0044913
    },
    "DNSLookup": {
      "average": 0.000007762,
      "fastest": 0.000006,
      "slowest": 0.0000361
    }
  },
  "statusCodeDistribution": {
    "200": 35604
  },
  "errorDistribution": {}
}