{
  "summary": {
    "successRate": 1,
    "total": 10.002413425,
    "slowest": 0.055836455,
    "fastest": 0.000566002,
    "average": 0.011265713125188906,
    "requestsPerSec": 4433.829928400505,
    "totalData": 576537,
    "sizePerRequest": 13,
    "sizePerSec": 57639.78906920656
  },
  "responseTimeHistogram": {
    "0.000566002": 1,
    "0.0060930473": 15648,
    "0.0116200926": 7356,
    "0.0171471379": 12667,
    "0.0226741832": 6701,
    "0.028201228499999998": 1858,
    "0.03372827380000001": 32,
    "0.039255319100000005": 36,
    "0.0447823644": 10,
    "0.0503094097": 19,
    "0.055836455": 21
  },
  "latencyPercentiles": {
    "p10": 0.003593012,
    "p25": 0.004732517,
    "p50": 0.011257839,
    "p75": 0.016166687,
    "p90": 0.020356383,
    "p95": 0.022357281,
    "p99": 0.025513479
  },
  "rps": {
    "mean": 4882.854259234396,
    "stddev": 6042.790120927255,
    "max": 84388.18565454666,
    "percentiles": {
      "p10": 2248.639879505799,
      "p25": 2804.1218098051177,
      "p50": 3410.734967909047,
      "p75": 4845.72696341422,
      "p90": 10176.106439135923,
      "p95": 12504.708022570472,
      "p99": 17118.60830071973
    }
  },
  "details": {
    "DNSDialup": {
      "average": 0.00124285636,
      "fastest": 0.000070001,
      "slowest": 0.001433305
    },
    "DNSLookup": {
      "average": 0.000004290040000000001,
      "fastest": 0.000003,
      "slowest": 0.000032701
    }
  },
  "statusCodeDistribution": {
    "200": 44349
  },
  "errorDistribution": {}
}