{
  "summary": {
    "successRate": 1,
    "total": 10.002690429,
    "slowest": 0.051945341,
    "fastest": 0.001522297,
    "average": 0.012405113461267013,
    "requestsPerSec": 4022.617743256763,
    "totalData": 523081,
    "sizePerRequest": 13,
    "sizePerSec": 52294.03066233792
  },
  "responseTimeHistogram": {
    "0.001522297": 1,
    "0.0065646014": 14881,
    "0.011606905800000001": 3496,
    "0.0166492102": 8372,
    "0.0216915146": 9755,
    "0.026733819": 3537,
    "0.0317761234": 145,
    "0.0368184278": 0,
    "0.0418607322": 0,
    "0.0469030366": 0,
    "0.051945341": 50
  },
  "latencyPercentiles": {
    "p10": 0.004124992,
    "p25": 0.00544689,
    "p50": 0.013073116,
    "p75": 0.018318162,
    "p90": 0.021560183,
    "p95": 0.022668393,
    "p99": 0.025099414
  },
  "rps": {
    "mean": 5153.517183381584,
    "stddev": 5569.00828556475,
    "max": 42711.77029598535,
    "percentiles": {
      "p10": 301.6201526499643,
      "p25": 2420.5136329927964,
      "p50": 3336.4661360156024,
      "p75": 5147.4475855900755,
      "p90": 11502.260080221979,
      "p95": 22608.90142595027,
      "p99": 24984.18411915415
    }
  },
  "details": {
    "DNSDialup": {
      "average": 0.0014514613599999997,
      "fastest": 0.0000746,
      "slowest": 0.002937195
    },
    "DNSLookup": {
      "average": 0.0000051,
      "fastest": 0.0000035,
      "slowest": 0.0000367
    }
  },
  "statusCodeDistribution": {
    "200": 40237
  },
  "errorDistribution": {}
}