{
  "summary": {
    "successRate": 1,
    "total": 10.001679907,
    "slowest": 0.051757016,
    "fastest": 0.000701411,
    "average": 0.012336531490737972,
    "requestsPerSec": 4048.1199534953284,
    "totalData": 526344,
    "sizePerRequest": 13,
    "sizePerSec": 52625.55939543927
  },
  "responseTimeHistogram": {
    "0.000701411": 1,
    "0.0058069715": 12050,
    "0.010912532": 5576,
    "0.0160180925": 8657,
    "0.021123653": 10097,
    "0.0262292135": 3641,
    "0.031334774": 380,
    "0.0364403345": 36,
    "0.041545895": 0,
    "0.0466514555": 0,
    "0.051757016": 50
  },
  "latencyPercentiles": {
    "p10": 0.004228666,
    "p25": 0.005378985,
    "p50": 0.012790101,
    "p75": 0.01805125,
    "p90": 0.021152593,
    "p95": 0.022553112,
    "p99": 0.026893672
  },
  "rps": {
    "mean": 4411.6990499031745,
    "stddev": 4361.657642240302,
    "max": 106722.44693232467,
    "percentiles": {
      "p10": 86.8616612518569,
      "p25": 2475.1854223275714,
      "p50": 3415.384256846668,
      "p75": 5681.739122368199,
      "p90": 9065.766697933488,
      "p95": 11394.838015191739,
      "p99": 13103.243443550813
    }
  },
  "details": {
    "DNSDialup": {
      "average": 0.00161445542,
      "fastest": 0.000072701,
      "slowest": 0.003447655
    },
    "DNSLookup": {
      "average": 0.00000516004,
      "fastest": 0.0000038,
      "slowest": 0.000039301
    }
  },
  "statusCodeDistribution": {
    "200": 40488
  },
  "errorDistribution": {}
}