{
  "summary": {
    "successRate": 1,
    "total": 10.001947971,
    "slowest": 0.034697908,
    "fastest": 0.000790602,
    "average": 0.01124889732640092,
    "requestsPerSec": 4437.235639365435,
    "totalData": 576953,
    "sizePerRequest": 13,
    "sizePerSec": 57684.06331175066
  },
  "responseTimeHistogram": {
    "0.000790602": 1,
    "0.0041813326": 8455,
    "0.0075720632": 8279,
    "0.0109627938": 4802,
    "0.0143535244": 7582,
    "0.017744255": 7419,
    "0.021134985600000003": 4182,
    "0.024525716200000002": 3194,
    "0.0279164468": 417,
    "0.0313071774": 19,
    "0.034697908": 31
  },
  "latencyPercentiles": {
    "p10": 0.003566409,
    "p25": 0.004711511,
    "p50": 0.011274735,
    "p75": 0.016167251,
    "p90": 0.020570264,
    "p95": 0.022418869,
    "p99": 0.024687377
  },
  "rps": {
    "mean": 4350.984349028684,
    "stddev": 3714.0993802481003,
    "max": 87645.7109949831,
    "percentiles": {
      "p10": 2235.6289957423733,
      "p25": 2784.3249927774255,
      "p50": 3287.4808892342708,
      "p75": 4365.6718491160655,
      "p90": 9804.201833220692,
      "p95": 11773.910939997018,
      "p99": 14439.478042597075
    }
  },
  "details": {
    "DNSDialup": {
      "average": 0.0012769091600000006,
      "fastest": 0.0000633,
      "slowest": 0.002760107
    },
    "DNSLookup": {
      "average": 0.00000415,
      "fastest": 0.0000029,
      "slowest": 0.0000307
    }
  },
  "statusCodeDistribution": {
    "200": 44381
  },
  "errorDistribution": {}
}