{
  "summary": {
    "successRate": 1,
    "total": 10.002653621,
    "slowest": 0.034913022,
    "fastest": 0.000947308,
    "average": 0.014364734216992244,
    "requestsPerSec": 3474.7779256326203,
    "totalData": 451841,
    "sizePerRequest": 13,
    "sizePerSec": 45172.113033224065
  },
  "responseTimeHistogram": {
    "0.000947308": 1,
    "0.0043438794": 320,
    "0.0077404508000000006": 8527,
    "0.011137022200000003": 7477,
    "0.014533593600000002": 2232,
    "0.017930165": 3594,
    "0.021326736400000004": 4119,
    "0.024723307800000004": 4899,
    "0.028119879200000003": 3083,
    "0.0315164506": 378,
    "0.034913022": 127
  },
  "latencyPercentiles": {
    "p10": 0.006135057,
    "p25": 0.007701071,
    "p50": 0.01294842,
    "p75": 0.021211096,
    "p90": 0.024795127,
    "p95": 0.026064439,
    "p99": 0.02949487
  },
  "rps": {
    "mean": 4230.548012071182,
    "stddev": 4216.319312487478,
    "max": 83331.01858331324,
    "percentiles": {
      "p10": 76.06864464920695,
      "p25": 2102.1877467880317,
      "p50": 3606.0322466587013,
      "p75": 5917.551295755437,
      "p90": 7553.825363692519,
      "p95": 8793.376776114346,
      "p99": 13221.56702004068
    }
  },
  "details": {
    "DNSDialup": {
      "average": 0.0023735458799999994,
      "fastest": 0.000133701,
      "slowest": 0.007472469
    },
    "DNSLookup": {
      "average": 0.000007878080000000002,
      "fastest": 0.000005901,
      "slowest": 0.000038
    }
  },
  "statusCodeDistribution": {
    "200": 34757
  },
  "errorDistribution": {}
}