{
  "summary": {
    "successRate": 1,
    "total": 10.001923422,
    "slowest": 0.053897323,
    "fastest": 0.001549728,
    "average": 0.012288808425189543,
    "requestsPerSec": 4062.8185485421723,
    "totalData": 528268,
    "sizePerRequest": 13,
    "sizePerSec": 52816.641131048236
  },
  "responseTimeHistogram": {
    "0.001549728": 1,
    "0.0067844875": 15265,
    "0.012019247": 3845,
    "0.017254006500000002": 10899,
    "0.022488766": 7553,
    "0.0277235255": 2791,
    "0.032958285000000004": 187,
    "0.0381930445": 35,
    "0.043427804": 10,
    "0.0486625635": 15,
    "0.053897323": 35
  },
  "latencyPercentiles": {
    "p10": 0.004188175,
    "p25": 0.005507899,
    "p50": 0.012856101,
    "p75": 0.017410437,
    "p90": 0.021502669,
    "p95": 0.023637785,
    "p99": 0.026628409
  },
  "rps": {
    "mean": 4329.15161384076,
    "stddev": 5608.630378088496,
    "max": 103029.67860852965,
    "percentiles": {
      "p10": 2164.678282330451,
      "p25": 2445.0491294017065,
      "p50": 3066.9590773607706,
      "p75": 4166.314392929346,
      "p90": 8663.52180825018,
      "p95": 11276.343182140252,
      "p99": 13489.016396928258
    }
  },
  "details": {
    "DNSDialup": {
      "average": 0.00161711918,
      "fastest": 0.000081201,
      "slowest": 0.003451562
    },
    "DNSLookup": {
      "average": 0.000005186100000000001,
      "fastest": 0.0000039,
      "slowest": 0.0000344
    }
  },
  "statusCodeDistribution": {
    "200": 40636
  },
  "errorDistribution": {}
}