{
  "summary": {
    "successRate": 1,
    "total": 10.001578136,
    "slowest": 0.035868588,
    "fastest": 0.000635196,
    "average": 0.011244130851691505,
    "requestsPerSec": 4438.69951285056,
    "totalData": 577122,
    "sizePerRequest": 13,
    "sizePerSec": 57703.09366705727
  },
  "responseTimeHistogram": {
    "0.000635196": 1,
    "0.004158535200000001": 8254,
    "0.007681874400000001": 8620,
    "0.011205213600000001": 5187,
    "0.014728552800000001": 7826,
    "0.018251892000000002": 7569,
    "0.021775231200000005": 3750,
    "0.025298570400000005": 3024,
    "0.028821909600000004": 122,
    "0.032345248800000004": 6,
    "0.035868588": 35
  },
  "latencyPercentiles": {
    "p10": 0.003553676,
    "p25": 0.004708872,
    "p50": 0.011272033,
    "p75": 0.016063005,
    "p90": 0.020698377,
    "p95": 0.022445072,
    "p99": 0.024553455
  },
  "rps": {
    "mean": 4286.465763950023,
    "stddev": 2940.297933296394,
    "max": 16319.891924165036,
    "percentiles": {
      "p10": 2235.672691556409,
      "p25": 2785.6174855063255,
      "p50": 3257.734157046408,
      "p75": 4363.941553905118,
      "p90": 9815.959768988518,
      "p95": 11849.290447710258,
      "p99": 14471.39794477424
    }
  },
  "details": {
    "DNSDialup": {
      "average": 0.00128770744,
      "fastest": 0.0000683,
      "slowest": 0.002768281
    },
    "DNSLookup": {
      "average": 0.0000042239599999999995,
      "fastest": 0.000003,
      "slowest": 0.000034799
    }
  },
  "statusCodeDistribution": {
    "200": 44394
  },
  "errorDistribution": {}
}