{
  "summary": {
    "successRate": 1,
    "total": 10.002389686,
    "slowest": 0.045169748,
    "fastest": 0.001086399,
    "average": 0.013352432453765302,
    "requestsPerSec": 3739.806303723328,
    "totalData": 486291,
    "sizePerRequest": 13,
    "sizePerSec": 48617.48194840326
  },
  "responseTimeHistogram": {
    "0.001086399": 1,
    "0.0054947339": 6534,
    "0.0099030688": 9879,
    "0.0143114037": 3267,
    "0.0187197386": 6385,
    "0.0231280735": 7249,
    "0.027536408399999997": 3888,
    "0.0319447433": 135,
    "0.0363530782": 23,
    "0.0407614131": 16,
    "0.045169747999999996": 30
  },
  "latencyPercentiles": {
    "p10": 0.00484514,
    "p25": 0.006098054,
    "p50": 0.013413519,
    "p75": 0.019816307,
    "p90": 0.023473959,
    "p95": 0.025026109,
    "p99": 0.026659866
  },
  "rps": {
    "mean": 3818.129446839434,
    "stddev": 3065.013327468288,
    "max": 48673.98167096913,
    "percentiles": {
      "p10": 1801.1525214754954,
      "p25": 2331.393976206089,
      "p50": 2912.37149352398,
      "p75": 4077.278009201147,
      "p90": 7877.769455918372,
      "p95": 9521.285995976354,
      "p99": 11684.155302090405
    }
  },
  "details": {
    "DNSDialup": {
      "average": 0.00204348582,
      "fastest": 0.000079007,
      "slowest": 0.004391699
    },
    "DNSLookup": {
      "average": 0.000009546880000000002,
      "fastest": 0.0000041,
      "slowest": 0.000058806
    }
  },
  "statusCodeDistribution": {
    "200": 37407
  },
  "errorDistribution": {}
}