{
  "summary": {
    "successRate": 1,
    "total": 10.001870898,
    "slowest": 0.0536771,
    "fastest": 0.000747308,
    "average": 0.01228088483017988,
    "requestsPerSec": 4063.5397531602894,
    "totalData": 528359,
    "sizePerRequest": 13,
    "sizePerSec": 52826.01679108376
  },
  "responseTimeHistogram": {
    "0.000747308": 1,
    "0.0060402872": 12903,
    "0.0113332664": 5530,
    "0.0166262456": 9250,
    "0.021919224799999998": 9948,
    "0.027212203999999997": 2703,
    "0.0325051832": 231,
    "0.0377981624": 27,
    "0.0430911416": 0,
    "0.0483841208": 0,
    "0.0536771": 50
  },
  "latencyPercentiles": {
    "p10": 0.004150843,
    "p25": 0.005400256,
    "p50": 0.012670431,
    "p75": 0.017812584,
    "p90": 0.020965417,
    "p95": 0.023106887,
    "p99": 0.026389042
  },
  "rps": {
    "mean": 4412.583591453747,
    "stddev": 3906.955453701489,
    "max": 23607.710671780194,
    "percentiles": {
      "p10": 1988.5034090552092,
      "p25": 2571.9445578212762,
      "p50": 3113.200414500281,
      "p75": 4498.0000064658725,
      "p90": 9546.970707340557,
      "p95": 12065.075154559592,
      "p99": 22191.318756096043
    }
  },
  "details": {
    "DNSDialup": {
      "average": 0.0014615550599999996,
      "fastest": 0.000079401,
      "slowest": 0.002958131
    },
    "DNSLookup": {
      "average": 0.000005093999999999998,
      "fastest": 0.0000033,
      "slowest": 0.0000383
    }
  },
  "statusCodeDistribution": {
    "200": 40643
  },
  "errorDistribution": {}
}