{
  "summary": {
    "successRate": 1,
    "total": 10.001919636,
    "slowest": 0.041842069,
    "fastest": 0.000766611,
    "average": 0.01245950315517025,
    "requestsPerSec": 4007.73066159437,
    "totalData": 521105,
    "sizePerRequest": 13,
    "sizePerSec": 52100.49860072681
  },
  "responseTimeHistogram": {
    "0.000766611": 1,
    "0.0048741568": 6566,
    "0.0089817026": 10183,
    "0.0130892484": 4085,
    "0.0171967942": 7323,
    "0.02130434": 6649,
    "0.0254118858": 4805,
    "0.0295194316": 312,
    "0.0336269774": 77,
    "0.0377345232": 30,
    "0.041842069": 54
  },
  "latencyPercentiles": {
    "p10": 0.004264358,
    "p25": 0.005622377,
    "p50": 0.01244247,
    "p75": 0.018190849,
    "p90": 0.022156002,
    "p95": 0.024043427,
    "p99": 0.02577045
  },
  "rps": {
    "mean": 4319.198047155706,
    "stddev": 3771.5301741737767,
    "max": 51486.67782207632,
    "percentiles": {
      "p10": 1976.366174097589,
      "p25": 2558.8185844281643,
      "p50": 3111.9504733079375,
      "p75": 4280.0191851859345,
      "p90": 9096.9618680691,
      "p95": 11271.685078303211,
      "p99": 21315.59875517503
    }
  },
  "details": {
    "DNSDialup": {
      "average": 0.0016390643599999996,
      "fastest": 0.000078701,
      "slowest": 0.001847025
    },
    "DNSLookup": {
      "average": 0.000004908080000000001,
      "fastest": 0.0000037,
      "slowest": 0.000039001
    }
  },
  "statusCodeDistribution": {
    "200": 40085
  },
  "errorDistribution": {}
}