{
  "summary": {
    "successRate": 1,
    "total": 10.001826462,
    "slowest": 0.036357103,
    "fastest": 0.00067821,
    "average": 0.011360738086642038,
    "requestsPerSec": 4396.596978268987,
    "totalData": 571662,
    "sizePerRequest": 13,
    "sizePerSec": 57155.760717496836
  },
  "responseTimeHistogram": {
    "0.00067821": 1,
    "0.0042460993": 8030,
    "0.0078139886": 8990,
    "0.011381877900000002": 5167,
    "0.014949767200000002": 7625,
    "0.0185176565": 7255,
    "0.022085545800000002": 3700,
    "0.0256534351": 2954,
    "0.029221324400000002": 211,
    "0.0327892137": 10,
    "0.036357103": 31
  },
  "latencyPercentiles": {
    "p10": 0.003697935,
    "p25": 0.004855466,
    "p50": 0.011276588,
    "p75": 0.016162001,
    "p90": 0.020926901,
    "p95": 0.022946192,
    "p99": 0.025170562
  },
  "rps": {
    "mean": 4419.2527348033245,
    "stddev": 4711.970103412688,
    "max": 133333.33332259118,
    "percentiles": {
      "p10": 2148.6429010289744,
      "p25": 2751.4272304695037,
      "p50": 3332.7161636734004,
      "p75": 4673.2988976793895,
      "p90": 9862.584929319904,
      "p95": 11485.695610271528,
      "p99": 14110.464139846725
    }
  },
  "details": {
    "DNSDialup": {
      "average": 0.0012907077400000002,
      "fastest": 0.000066801,
      "slowest": 0.002779838
    },
    "DNSLookup": {
      "average": 0.000004198099999999998,
      "fastest": 0.000003,
      "slowest": 0.0000311
    }
  },
  "statusCodeDistribution": {
    "200": 43974
  },
  "errorDistribution": {}
}