{
  "summary": {
    "successRate": 1,
    "total": 10.001783159,
    "slowest": 0.036346657,
    "fastest": 0.002128498,
    "average": 0.011275013715450347,
    "requestsPerSec": 4426.910611450099,
    "totalData": 575601,
    "sizePerRequest": 13,
    "sizePerSec": 57549.837948851295
  },
  "responseTimeHistogram": {
    "0.002128498": 1,
    "0.005550313899999999": 13739,
    "0.008972129799999999": 4535,
    "0.012393945699999999": 6325,
    "0.0158157616": 7942,
    "0.0192375775": 5736,
    "0.0226593934": 4226,
    "0.026081209299999998": 1698,
    "0.029503025199999998": 35,
    "0.0329248411": 23,
    "0.036346657": 17
  },
  "latencyPercentiles": {
    "p10": 0.003683996,
    "p25": 0.004967795,
    "p50": 0.011226987,
    "p75": 0.016069581,
    "p90": 0.020636676,
    "p95": 0.022363874,
    "p99": 0.02448236
  },
  "rps": {
    "mean": 4284.925876827206,
    "stddev": 2881.424128455944,
    "max": 16563.854046432778,
    "percentiles": {
      "p10": 2228.4870564592784,
      "p25": 2798.491146856562,
      "p50": 3298.672388531954,
      "p75": 4469.182249215398,
      "p90": 9326.215993156753,
      "p95": 11524.009870213396,
      "p99": 14367.088411341123
    }
  },
  "details": {
    "DNSDialup": {
      "average": 0.0012558767799999999,
      "fastest": 0.000065,
      "slowest": 0.002717997
    },
    "DNSLookup": {
      "average": 0.000004098,
      "fastest": 0.0000029,
      "slowest": 0.0000336
    }
  },
  "statusCodeDistribution": {
    "200": 44277
  },
  "errorDistribution": {}
}