{
  "summary": {
    "successRate": 1,
    "total": 10.002204123,
    "slowest": 0.040724077,
    "fastest": 0.001005607,
    "average": 0.013809355345233776,
    "requestsPerSec": 3615.303142719116,
    "totalData": 470093,
    "sizePerRequest": 13,
    "sizePerSec": 46998.940855348505
  },
  "responseTimeHistogram": {
    "0.001005607": 1,
    "0.004977453999999999": 1342,
    "0.008949301": 13248,
    "0.012921147999999999": 3376,
    "0.016892994999999997": 4614,
    "0.020864841999999998": 5963,
    "0.024836688999999995": 5015,
    "0.028808535999999996": 2358,
    "0.032780382999999996": 165,
    "0.03675223": 69,
    "0.040724077": 10
  },
  "latencyPercentiles": {
    "p10": 0.00590114,
    "p25": 0.00726575,
    "p50": 0.01310019,
    "p75": 0.019905636,
    "p90": 0.024008863,
    "p95": 0.025622774,
    "p99": 0.027382886
  },
  "rps": {
    "mean": 3926.2185733669694,
    "stddev": 3806.3841355590125,
    "max": 58777.19914893571,
    "percentiles": {
      "p10": 1573.3437803360441,
      "p25": 2420.7777777439455,
      "p50": 3086.1981644592847,
      "p75": 5346.720478148558,
      "p90": 7217.324939190649,
      "p95": 8225.490987305719,
      "p99": 10426.934858125445
    }
  },
  "details": {
    "DNSDialup": {
      "average": 0.0023937863000000003,
      "fastest": 0.000092001,
      "slowest": 0.004816733
    },
    "DNSLookup": {
      "average": 0.000008500079999999999,
      "fastest": 0.0000061,
      "slowest": 0.000036401
    }
  },
  "statusCodeDistribution": {
    "200": 36161
  },
  "errorDistribution": {}
}