{
  "summary": {
    "successRate": 1,
    "total": 10.003204884,
    "slowest": 0.04193514,
    "fastest": 0.001535113,
    "average": 0.014509683874378641,
    "requestsPerSec": 3438.5979692385954,
    "totalData": 447161,
    "sizePerRequest": 13,
    "sizePerSec": 44701.77360010174
  },
  "responseTimeHistogram": {
    "0.001535113": 1,
    "0.005575115700000001": 1625,
    "0.0096151184": 13006,
    "0.013655121100000002": 3171,
    "0.017695123800000004": 3882,
    "0.021735126500000004": 4904,
    "0.025775129200000007": 5043,
    "0.029815131900000007": 2156,
    "0.0338551346": 385,
    "0.037895137300000006": 159,
    "0.04193514": 65
  },
  "latencyPercentiles": {
    "p10": 0.006363852,
    "p25": 0.007760963,
    "p50": 0.012685402,
    "p75": 0.02107877,
    "p90": 0.025399906,
    "p95": 0.026713716,
    "p99": 0.033111168
  },
  "rps": {
    "mean": 4743.917725544783,
    "stddev": 4950.737882122483,
    "max": 94043.8871480678,
    "percentiles": {
      "p10": 93.10218048099098,
      "p25": 2006.9480541635764,
      "p50": 3362.1499072931756,
      "p75": 6479.934087384988,
      "p90": 11507.897515975443,
      "p95": 12366.718876418823,
      "p99": 13377.74745478706
    }
  },
  "details": {
    "DNSDialup": {
      "average": 0.0021844656800000003,
      "fastest": 0.000093701,
      "slowest": 0.002422819
    },
    "DNSLookup": {
      "average": 0.000007290019999999999,
      "fastest": 0.0000061,
      "slowest": 0.0000364
    }
  },
  "statusCodeDistribution": {
    "200": 34397
  },
  "errorDistribution": {}
}