{
  "summary": {
    "successRate": 1,
    "total": 10.001559368,
    "slowest": 0.036415347,
    "fastest": 0.000484999,
    "average": 0.011515907056659868,
    "requestsPerSec": 4335.723901089181,
    "totalData": 563732,
    "sizePerRequest": 13,
    "sizePerSec": 56364.41071415935
  },
  "responseTimeHistogram": {
    "0.000484999": 1,
    "0.0040780338": 6773,
    "0.0076710686": 9740,
    "0.0112641034": 4831,
    "0.0148571382": 7182,
    "0.018450173": 6201,
    "0.0220432078": 7583,
    "0.0256362426": 869,
    "0.0292292774": 111,
    "0.0328223122": 52,
    "0.036415347": 21
  },
  "latencyPercentiles": {
    "p10": 0.003673495,
    "p25": 0.004897493,
    "p50": 0.011398984,
    "p75": 0.017010876,
    "p90": 0.02085627,
    "p95": 0.021523569,
    "p99": 0.023510266
  },
  "rps": {
    "mean": 5169.921778513699,
    "stddev": 6156.472007273269,
    "max": 79681.27490063298,
    "percentiles": {
      "p10": 903.0264026859871,
      "p25": 2726.887067530243,
      "p50": 3623.981480004939,
      "p75": 5134.714473723486,
      "p90": 10752.825701109552,
      "p95": 13312.134010150245,
      "p99": 28100.68731723967
    }
  },
  "details": {
    "DNSDialup": {
      "average": 0.00130989402,
      "fastest": 0.000068099,
      "slowest": 0.002799496
    },
    "DNSLookup": {
      "average": 0.000004186,
      "fastest": 0.0000029,
      "slowest": 0.0000361
    }
  },
  "statusCodeDistribution": {
    "200": 43364
  },
  "errorDistribution": {}
}