{
  "summary": {
    "successRate": 1,
    "total": 10.001658323,
    "slowest": 0.039951514,
    "fastest": 0.000696811,
    "average": 0.012345591112055793,
    "requestsPerSec": 4045.529120601214,
    "totalData": 526006,
    "sizePerRequest": 13,
    "sizePerSec": 52591.87856781578
  },
  "responseTimeHistogram": {
    "0.000696811": 1,
    "0.0046222813": 5844,
    "0.0085477516": 10521,
    "0.0124732219": 3606,
    "0.0163986922": 7108,
    "0.0203241625": 6781,
    "0.024249632799999997": 6066,
    "0.028175103099999998": 453,
    "0.0321005734": 32,
    "0.036026043699999996": 5,
    "0.039951514": 45
  },
  "latencyPercentiles": {
    "p10": 0.004193668,
    "p25": 0.005459389,
    "p50": 0.012786308,
    "p75": 0.018154325,
    "p90": 0.02185049,
    "p95": 0.023022611,
    "p99": 0.024502238
  },
  "rps": {
    "mean": 3964.1305908033523,
    "stddev": 3097.0587203678524,
    "max": 61062.12172923705,
    "percentiles": {
      "p10": 1956.8909959531234,
      "p25": 2486.9611734377277,
      "p50": 2938.8545593938197,
      "p75": 4090.383674153994,
      "p90": 8770.054242168064,
      "p95": 10745.630129466617,
      "p99": 12724.312006439977
    }
  },
  "details": {
    "DNSDialup": {
      "average": 0.0014325293399999998,
      "fastest": 0.000064701,
      "slowest": 0.00306755
    },
    "DNSLookup": {
      "average": 0.000004460080000000001,
      "fastest": 0.0000032,
      "slowest": 0.0000361
    }
  },
  "statusCodeDistribution": {
    "200": 40462
  },
  "errorDistribution": {}
}