{
  "summary": {
    "successRate": 1,
    "total": 10.00225546,
    "slowest": 0.03905593,
    "fastest": 0.000274703,
    "average": 0.012562574077809646,
    "requestsPerSec": 3972.903927410788,
    "totalData": 516594,
    "sizePerRequest": 13,
    "sizePerSec": 51647.75105634025
  },
  "responseTimeHistogram": {
    "0.000274703": 1,
    "0.0041528257": 2752,
    "0.0080309484": 12973,
    "0.0119090711": 2838,
    "0.0157871938": 6243,
    "0.019665316500000002": 7076,
    "0.023543439200000002": 6356,
    "0.027421561900000002": 1360,
    "0.0312996846": 90,
    "0.0351778073": 0,
    "0.03905593": 49
  },
  "latencyPercentiles": {
    "p10": 0.004487449,
    "p25": 0.005712763,
    "p50": 0.012811341,
    "p75": 0.018504504,
    "p90": 0.022125143,
    "p95": 0.023180455,
    "p99": 0.024827073
  },
  "rps": {
    "mean": 4017.065416848338,
    "stddev": 3071.8749329751035,
    "max": 34019.784109167056,
    "percentiles": {
      "p10": 1838.5905446598483,
      "p25": 2460.3672426159787,
      "p50": 2955.1012348153995,
      "p75": 4270.74575762433,
      "p90": 8518.955698704322,
      "p95": 10310.384839339637,
      "p99": 13176.60149303437
    }
  },
  "details": {
    "DNSDialup": {
      "average": 0.0014409518199999998,
      "fastest": 0.000070801,
      "slowest": 0.001592218
    },
    "DNSLookup": {
      "average": 0.0000041020799999999995,
      "fastest": 0.0000033,
      "slowest": 0.000027101
    }
  },
  "statusCodeDistribution": {
    "200": 39738
  },
  "errorDistribution": {}
}