{
  "summary": {
    "successRate": 1,
    "total": 10.001835789,
    "slowest": 0.054201343,
    "fastest": 0.000837109,
    "average": 0.012303410214982585,
    "requestsPerSec": 4058.6549165949323,
    "totalData": 527722,
    "sizePerRequest": 13,
    "sizePerSec": 52762.51391573412
  },
  "responseTimeHistogram": {
    "0.000837109": 1,
    "0.0061735324": 12748,
    "0.0115099558": 5944,
    "0.0168463792": 10632,
    "0.0221828026": 7177,
    "0.027519225999999997": 3854,
    "0.032855649400000006": 171,
    "0.038192072800000004": 16,
    "0.0435284962": 1,
    "0.0488649196": 18,
    "0.054201343": 32
  },
  "latencyPercentiles": {
    "p10": 0.004257443,
    "p25": 0.005554256,
    "p50": 0.012869629,
    "p75": 0.017346374,
    "p90": 0.022219422,
    "p95": 0.023769338,
    "p99": 0.026410356
  },
  "rps": {
    "mean": 4251.881955247207,
    "stddev": 4514.410298585353,
    "max": 75268.00787107782,
    "percentiles": {
      "p10": 2033.8355133963266,
      "p25": 2472.3385055243207,
      "p50": 3084.8017132299515,
      "p75": 4407.571679236159,
      "p90": 8822.23290915428,
      "p95": 10756.510613020828,
      "p99": 13343.899892706007
    }
  },
  "details": {
    "DNSDialup": {
      "average": 0.0014585270600000002,
      "fastest": 0.0000744,
      "slowest": 0.00291653
    },
    "DNSLookup": {
      "average": 0.000004786020000000001,
      "fastest": 0.0000033,
      "slowest": 0.0000321
    }
  },
  "statusCodeDistribution": {
    "200": 40594
  },
  "errorDistribution": {}
}