{
  "summary": {
    "successRate": 1,
    "total": 10.002636658,
    "slowest": 0.053441726,
    "fastest": 0.001212622,
    "average": 0.012522626109525469,
    "requestsPerSec": 3986.1489888379388,
    "totalData": 518336,
    "sizePerRequest": 13,
    "sizePerSec": 51819.9368548932
  },
  "responseTimeHistogram": {
    "0.001212622": 1,
    "0.0064355324": 13626,
    "0.0116584428": 4897,
    "0.0168813532": 8551,
    "0.0221042636": 7867,
    "0.027327174": 4795,
    "0.0325500844": 73,
    "0.0377729948": 0,
    "0.042995905200000004": 12,
    "0.048218815600000006": 0,
    "0.053441725999999995": 50
  },
  "latencyPercentiles": {
    "p10": 0.004208578,
    "p25": 0.005544503,
    "p50": 0.012814174,
    "p75": 0.018405342,
    "p90": 0.022391104,
    "p95": 0.023389018,
    "p99": 0.024367631
  },
  "rps": {
    "mean": 4647.602835012151,
    "stddev": 4318.049550675189,
    "max": 24584.82378842428,
    "percentiles": {
      "p10": 88.31807152898244,
      "p25": 2446.259569045091,
      "p50": 3325.190906182393,
      "p75": 5546.110818085703,
      "p90": 9399.61452410093,
      "p95": 12210.044619750108,
      "p99": 23191.46438153103
    }
  },
  "details": {
    "DNSDialup": {
      "average": 0.00142426448,
      "fastest": 0.000066601,
      "slowest": 0.001578929
    },
    "DNSLookup": {
      "average": 0.0000048641000000000006,
      "fastest": 0.0000033,
      "slowest": 0.000034301
    }
  },
  "statusCodeDistribution": {
    "200": 39872
  },
  "errorDistribution": {}
}