{
  "summary": {
    "successRate": 1,
    "total": 10.002322782,
    "slowest": 0.060083045,
    "fastest": 0.000999607,
    "average": 0.01375325127329804,
    "requestsPerSec": 3630.3567472693862,
    "totalData": 472056,
    "sizePerRequest": 13,
    "sizePerSec": 47194.63771450202
  },
  "responseTimeHistogram": {
    "0.000999607": 1,
    "0.0069079508": 6328,
    "0.0128162946": 11779,
    "0.0187246384": 8364,
    "0.0246329822": 7500,
    "0.030541326": 2031,
    "0.0364496698": 250,
    "0.0423580136": 9,
    "0.0482663574": 0,
    "0.0541747012": 1,
    "0.060083045": 49
  },
  "latencyPercentiles": {
    "p10": 0.006016245,
    "p25": 0.007663758,
    "p50": 0.012861896,
    "p75": 0.019201144,
    "p90": 0.023060471,
    "p95": 0.02560669,
    "p99": 0.030078326
  },
  "rps": {
    "mean": 4002.4240394085214,
    "stddev": 3460.7997822935577,
    "max": 47844.60073663949,
    "percentiles": {
      "p10": 1651.279130352872,
      "p25": 2481.06328448128,
      "p50": 3241.532130421028,
      "p75": 5216.6052113067435,
      "p90": 7317.697852255653,
      "p95": 8527.278153722456,
      "p99": 12633.75683403458
    }
  },
  "details": {
    "DNSDialup": {
      "average": 0.002077117600000001,
      "fastest": 0.0000822,
      "slowest": 0.004158532
    },
    "DNSLookup": {
      "average": 0.000007378060000000001,
      "fastest": 0.0000058,
      "slowest": 0.000037901
    }
  },
  "statusCodeDistribution": {
    "200": 36312
  },
  "errorDistribution": {}
}