{
  "summary": {
    "successRate": 1,
    "total": 10.002236426,
    "slowest": 0.034330513,
    "fastest": 0.001703699,
    "average": 0.01111451807803716,
    "requestsPerSec": 4494.294884206929,
    "totalData": 584389,
    "sizePerRequest": 13,
    "sizePerSec": 58425.83349469008
  },
  "responseTimeHistogram": {
    "0.001703699": 1,
    "0.0049663803999999995": 12437,
    "0.0082290618": 5419,
    "0.011491743199999998": 5583,
    "0.014754424599999998": 7317,
    "0.018017105999999998": 6759,
    "0.021279787399999996": 4037,
    "0.024542468799999998": 3032,
    "0.027805150199999996": 336,
    "0.031067831599999995": 0,
    "0.034330513": 32
  },
  "latencyPercentiles": {
    "p10": 0.0034875,
    "p25": 0.004664699,
    "p50": 0.011084698,
    "p75": 0.015914706,
    "p90": 0.020288207,
    "p95": 0.021997608,
    "p99": 0.024335409
  },
  "rps": {
    "mean": 4310.248897065891,
    "stddev": 2932.0401907099617,
    "max": 17040.216615233665,
    "percentiles": {
      "p10": 2292.497873105107,
      "p25": 2800.521643831465,
      "p50": 3314.355722391125,
      "p75": 4381.209954371957,
      "p90": 9082.437219445312,
      "p95": 11965.483838028313,
      "p99": 14837.83797060881
    }
  },
  "details": {
    "DNSDialup": {
      "average": 0.0012572099999999997,
      "fastest": 0.0000608,
      "slowest": 0.0014312
    },
    "DNSLookup": {
      "average": 0.000003983999999999999,
      "fastest": 0.000003,
      "slowest": 0.0000337
    }
  },
  "statusCodeDistribution": {
    "200": 44953
  },
  "errorDistribution": {}
}