{
  "summary": {
    "successRate": 1,
    "total": 10.002190444,
    "slowest": 0.0365397,
    "fastest": 0.000630102,
    "average": 0.011221157051468011,
    "requestsPerSec": 4450.325181190881,
    "totalData": 578669,
    "sizePerRequest": 13,
    "sizePerSec": 57854.22735548145
  },
  "responseTimeHistogram": {
    "0.000630102": 1,
    "0.0042210618": 8201,
    "0.0078120216": 8895,
    "0.011402981400000001": 5611,
    "0.014993941200000001": 8203,
    "0.018584901": 6913,
    "0.022175860800000002": 4028,
    "0.0257668206": 2527,
    "0.029357780400000002": 95,
    "0.0329487402": 18,
    "0.0365397": 21
  },
  "latencyPercentiles": {
    "p10": 0.003596911,
    "p25": 0.004804815,
    "p50": 0.011167133,
    "p75": 0.015935055,
    "p90": 0.020488944,
    "p95": 0.022511438,
    "p99": 0.024635133
  },
  "rps": {
    "mean": 4295.849042259394,
    "stddev": 2914.357654748979,
    "max": 16362.789172489895,
    "percentiles": {
      "p10": 2236.089376256972,
      "p25": 2776.5734941150495,
      "p50": 3278.93638590202,
      "p75": 4408.539782412429,
      "p90": 9936.335572461874,
      "p95": 11742.82608673827,
      "p99": 14353.974066590637
    }
  },
  "details": {
    "DNSDialup": {
      "average": 0.0013050378599999998,
      "fastest": 0.0000929,
      "slowest": 0.001467304
    },
    "DNSLookup": {
      "average": 0.000004015999999999999,
      "fastest": 0.000003,
      "slowest": 0.0000342
    }
  },
  "statusCodeDistribution": {
    "200": 44513
  },
  "errorDistribution": {}
}