{
  "summary": {
    "successRate": 1,
    "total": 10.001309762,
    "slowest": 0.020908763,
    "fastest": 0.0002215,
    "average": 0.0011755720709217654,
    "requestsPerSec": 42460.93862761012,
    "totalData": 5520645,
    "sizePerRequest": 13,
    "sizePerSec": 551992.2021589316
  },
  "responseTimeHistogram": {
    "0.0002215": 1,
    "0.0022902263": 419105,
    "0.0043589526": 3908,
    "0.0064276789": 940,
    "0.0084964052": 455,
    "0.0105651315": 131,
    "0.012633857799999999": 47,
    "0.014702584099999999": 12,
    "0.0167713104": 34,
    "0.0188400367": 6,
    "0.020908763": 26
  },
  "latencyPercentiles": {
    "p10": 0.001075198,
    "p25": 0.001089698,
    "p50": 0.001107598,
    "p75": 0.001130299,
    "p90": 0.001230398,
    "p95": 0.001357398,
    "p99": 0.002559695
  },
  "rps": {
    "mean": 42376.5028247868,
    "stddev": 6730.365094467399,
    "max": 46514.4954305076,
    "percentiles": {
      "p10": 41868.74009749234,
      "p25": 43276.231081050064,
      "p50": 43964.25375686462,
      "p75": 44671.99338453679,
      "p90": 45115.40691145975,
      "p95": 45310.489378290666,
      "p99": 45574.811052344114
    }
  },
  "details": {
    "DNSDialup": {
      "average": 0.0006681468200000001,
      "fastest": 0.0000434,
      "slowest": 0.000989198
    },
    "DNSLookup": {
      "average": 0.000004392000000000001,
      "fastest": 0.0000029,
      "slowest": 0.0000335
    }
  },
  "statusCodeDistribution": {
    "200": 424665
  },
  "errorDistribution": {}
}