{
  "summary": {
    "successRate": 1,
    "total": 10.001656058,
    "slowest": 0.022828322,
    "fastest": 0.000191301,
    "average": 0.0013489310734877095,
    "requestsPerSec": 37000.072573381425,
    "totalData": 4810806,
    "sizePerRequest": 13,
    "sizePerSec": 481000.94345395855
  },
  "responseTimeHistogram": {
    "0.000191301": 1,
    "0.0024550031": 359108,
    "0.004718705199999999": 8279,
    "0.006982407299999999": 1896,
    "0.009246109399999999": 585,
    "0.0115098115": 137,
    "0.013773513599999999": 12,
    "0.0160372157": 7,
    "0.0183009178": 5,
    "0.0205646199": 13,
    "0.022828322": 19
  },
  "latencyPercentiles": {
    "p10": 0.001194412,
    "p25": 0.001214812,
    "p50": 0.001242412,
    "p75": 0.001277512,
    "p90": 0.001437514,
    "p95": 0.001579008,
    "p99": 0.003992238
  },
  "rps": {
    "mean": 36938.47271145634,
    "stddev": 7227.271375664568,
    "max": 41459.29923569744,
    "percentiles": {
      "p10": 35140.773839886875,
      "p25": 38141.00539489929,
      "p50": 39024.59720361887,
      "p75": 39706.758090229756,
      "p90": 40311.2992571795,
      "p95": 40665.48362828791,
      "p99": 41084.23500703582
    }
  },
  "details": {
    "DNSDialup": {
      "average": 0.00160068554,
      "fastest": 0.0000821,
      "slowest": 0.003186831
    },
    "DNSLookup": {
      "average": 0.000005082040000000001,
      "fastest": 0.0000037,
      "slowest": 0.000031001
    }
  },
  "statusCodeDistribution": {
    "200": 370062
  },
  "errorDistribution": {}
}