{
  "summary": {
    "successRate": 1,
    "total": 10.001959919,
    "slowest": 0.034167443,
    "fastest": 0.000195101,
    "average": 0.0029807340141271353,
    "requestsPerSec": 16744.618190466073,
    "totalData": 2177227,
    "sizePerRequest": 13,
    "sizePerSec": 217680.03647605897
  },
  "responseTimeHistogram": {
    "0.000195101": 1,
    "0.0035923351999999995": 151076,
    "0.0069895693999999986": 13638,
    "0.010386803599999998": 2010,
    "0.013784037799999998": 474,
    "0.017181271999999997": 172,
    "0.020578506199999996": 55,
    "0.023975740399999997": 18,
    "0.027372974599999995": 6,
    "0.030770208799999994": 11,
    "0.034167443": 18
  },
  "latencyPercentiles": {
    "p10": 0.002433917,
    "p25": 0.002534218,
    "p50": 0.00267932,
    "p75": 0.002917821,
    "p90": 0.003553726,
    "p95": 0.005188837,
    "p99": 0.007792056
  },
  "rps": {
    "mean": 16711.603319217753,
    "stddev": 3465.4206629734335,
    "max": 21023.257254960037,
    "percentiles": {
      "p10": 11804.754955296494,
      "p25": 16539.08019258626,
      "p50": 17824.469431635916,
      "p75": 18648.173416536712,
      "p90": 19234.292820668506,
      "p95": 19478.359492401756,
      "p99": 20037.126792232175
    }
  },
  "details": {
    "DNSDialup": {
      "average": 0.0022844642400000003,
      "fastest": 0.000092501,
      "slowest": 0.005128237
    },
    "DNSLookup": {
      "average": 0.000007360100000000003,
      "fastest": 0.0000057,
      "slowest": 0.000042001
    }
  },
  "statusCodeDistribution": {
    "200": 167479
  },
  "errorDistribution": {}
}