{
  "summary": {
    "successRate": 1,
    "total": 10.001376798,
    "slowest": 0.02163741,
    "fastest": 0.0001463,
    "average": 0.0011412542763861336,
    "requestsPerSec": 43740.37783352795,
    "totalData": 5687032,
    "sizePerRequest": 13,
    "sizePerSec": 568624.9118358634
  },
  "responseTimeHistogram": {
    "0.0001463": 1,
    "0.002295411": 426015,
    "0.004444522": 9916,
    "0.006593633": 785,
    "0.008742744": 422,
    "0.010891855": 162,
    "0.013040966": 103,
    "0.015190077": 24,
    "0.017339188": 4,
    "0.019488298999999997": 8,
    "0.02163741": 24
  },
  "latencyPercentiles": {
    "p10": 0.001026501,
    "p25": 0.001036201,
    "p50": 0.0010507,
    "p75": 0.0010691,
    "p90": 0.001203401,
    "p95": 0.001366899,
    "p99": 0.002641601
  },
  "rps": {
    "mean": 43673.72024907273,
    "stddev": 8517.853305295395,
    "max": 47932.124109576456,
    "percentiles": {
      "p10": 37815.4854412881,
      "p25": 45658.4565218847,
      "p50": 46414.365246043904,
      "p75": 47008.005463334106,
      "p90": 47277.745411649994,
      "p95": 47405.66971809894,
      "p99": 47646.7080679167
    }
  },
  "details": {
    "DNSDialup": {
      "average": 0.00071727048,
      "fastest": 0.0000405,
      "slowest": 0.0010565
    },
    "DNSLookup": {
      "average": 0.000004363999999999998,
      "fastest": 0.0000027,
      "slowest": 0.000034
    }
  },
  "statusCodeDistribution": {
    "200": 437464
  },
  "errorDistribution": {}
}