{
  "summary": {
    "successRate": 1,
    "total": 10.001600863,
    "slowest": 0.022517109,
    "fastest": 0.000253303,
    "average": 0.001377015717889944,
    "requestsPerSec": 36253.09637593763,
    "totalData": 4713657,
    "sizePerRequest": 13,
    "sizePerSec": 471290.2528871892
  },
  "responseTimeHistogram": {
    "0.000253303": 1,
    "0.0024796836": 349804,
    "0.0047060642": 11223,
    "0.0069324448000000006": 939,
    "0.0091588254": 392,
    "0.011385206000000002": 88,
    "0.013611586600000001": 36,
    "0.0158379672": 70,
    "0.0180643478": 5,
    "0.020290728400000003": 12,
    "0.022517109000000004": 19
  },
  "latencyPercentiles": {
    "p10": 0.001213713,
    "p25": 0.001229813,
    "p50": 0.001251914,
    "p75": 0.001283718,
    "p90": 0.001554416,
    "p95": 0.001777425,
    "p99": 0.003523337
  },
  "rps": {
    "mean": 36173.39802741948,
    "stddev": 7255.734885073587,
    "max": 40541.2020236166,
    "percentiles": {
      "p10": 29948.70557988459,
      "p25": 37490.96432674604,
      "p50": 38463.052481934894,
      "p75": 39409.82486933811,
      "p90": 39870.54295164602,
      "p95": 40053.52352348479,
      "p99": 40300.19838324083
    }
  },
  "details": {
    "DNSDialup": {
      "average": 0.0014522799000000002,
      "fastest": 0.000076101,
      "slowest": 0.001628222
    },
    "DNSLookup": {
      "average": 0.00000439602,
      "fastest": 0.0000033,
      "slowest": 0.0000387
    }
  },
  "statusCodeDistribution": {
    "200": 362589
  },
  "errorDistribution": {}
}