{
  "summary": {
    "successRate": 1,
    "total": 10.001415911,
    "slowest": 0.020224567,
    "fastest": 0.0002074,
    "average": 0.0011891895185033412,
    "requestsPerSec": 41975.65662060586,
    "totalData": 5457608,
    "sizePerRequest": 13,
    "sizePerSec": 545683.5360678763
  },
  "responseTimeHistogram": {
    "0.0002074": 1,
    "0.0022091167": 400804,
    "0.0042108334": 16527,
    "0.0062125501": 1434,
    "0.0082142668": 606,
    "0.0102159835": 294,
    "0.0122177002": 58,
    "0.0142194169": 26,
    "0.0162211336": 34,
    "0.0182228503": 7,
    "0.020224567": 25
  },
  "latencyPercentiles": {
    "p10": 0.001037198,
    "p25": 0.001050298,
    "p50": 0.001066998,
    "p75": 0.001091498,
    "p90": 0.001265098,
    "p95": 0.002108297,
    "p99": 0.003141295
  },
  "rps": {
    "mean": 41883.627264234674,
    "stddev": 9811.514937527252,
    "max": 47423.78777194859,
    "percentiles": {
      "p10": 20061.8245246377,
      "p25": 44811.20348256246,
      "p50": 45634.237673538686,
      "p75": 46325.93651722998,
      "p90": 46769.293385077086,
      "p95": 46917.43451866886,
      "p99": 47125.0516774695
    }
  },
  "details": {
    "DNSDialup": {
      "average": 0.0007810488200000001,
      "fastest": 0.0000403,
      "slowest": 0.001169398
    },
    "DNSLookup": {
      "average": 0.000004431999999999999,
      "fastest": 0.000003,
      "slowest": 0.0000339
    }
  },
  "statusCodeDistribution": {
    "200": 419816
  },
  "errorDistribution": {}
}