{
  "summary": {
    "successRate": 1,
    "total": 10.001688908,
    "slowest": 0.02681276,
    "fastest": 0.000116802,
    "average": 0.0013814498797320735,
    "requestsPerSec": 36130.69785753428,
    "totalData": 4697784,
    "sizePerRequest": 13,
    "sizePerSec": 469699.07214794564
  },
  "responseTimeHistogram": {
    "0.000116802": 1,
    "0.0027863978": 355928,
    "0.0054559936": 4035,
    "0.0081255894": 835,
    "0.0107951852": 379,
    "0.013464781": 65,
    "0.0161343768": 38,
    "0.0188039726": 24,
    "0.0214735684": 31,
    "0.0241431642": 9,
    "0.02681276": 23
  },
  "latencyPercentiles": {
    "p10": 0.001238213,
    "p25": 0.001258714,
    "p50": 0.001283514,
    "p75": 0.001314114,
    "p90": 0.001555516,
    "p95": 0.001682618,
    "p99": 0.003395637
  },
  "rps": {
    "mean": 36080.21552698836,
    "stddev": 6083.061152948969,
    "max": 41229.648240049915,
    "percentiles": {
      "p10": 35243.67043203093,
      "p25": 36721.309375831064,
      "p50": 37420.55136681185,
      "p75": 38429.55617165064,
      "p90": 38881.62029733092,
      "p95": 39101.91990426723,
      "p99": 39453.62536760117
    }
  },
  "details": {
    "DNSDialup": {
      "average": 0.00147123226,
      "fastest": 0.000081501,
      "slowest": 0.001638715
    },
    "DNSLookup": {
      "average": 0.000005092,
      "fastest": 0.0000034,
      "slowest": 0.0000367
    }
  },
  "statusCodeDistribution": {
    "200": 361368
  },
  "errorDistribution": {}
}