{
  "summary": {
    "successRate": 1,
    "total": 10.002266203,
    "slowest": 0.029380097,
    "fastest": 0.000208,
    "average": 0.003380744012073603,
    "requestsPerSec": 14756.155955510516,
    "totalData": 1918735,
    "sizePerRequest": 13,
    "sizePerSec": 191830.0274216367
  },
  "responseTimeHistogram": {
    "0.000208": 1,
    "0.0031252097": 76906,
    "0.0060424194": 65268,
    "0.008959629100000002": 4153,
    "0.011876838800000001": 901,
    "0.0147940485": 135,
    "0.017711258200000003": 132,
    "0.020628467900000003": 61,
    "0.023545677600000002": 7,
    "0.0264628873": 14,
    "0.029380097": 17
  },
  "latencyPercentiles": {
    "p10": 0.0029003,
    "p25": 0.0029962,
    "p50": 0.0031155,
    "p75": 0.0032958,
    "p90": 0.0038793,
    "p95": 0.0048537,
    "p99": 0.008449799
  },
  "rps": {
    "mean": 14747.857635907842,
    "stddev": 2642.226581588093,
    "max": 21868.03482064017,
    "percentiles": {
      "p10": 11841.627043604163,
      "p25": 14861.080527074462,
      "p50": 15472.256987356353,
      "p75": 16040.4234711896,
      "p90": 16532.23952028874,
      "p95": 16748.40456402988,
      "p99": 17011.28009882803
    }
  },
  "details": {
    "DNSDialup": {
      "average": 0.0025765059199999996,
      "fastest": 0.0001063,
      "slowest": 0.007613699
    },
    "DNSLookup": {
      "average": 0.00007044998000000004,
      "fastest": 0.0000061,
      "slowest": 0.003127399
    }
  },
  "statusCodeDistribution": {
    "200": 147595
  },
  "errorDistribution": {}
}