{
  "summary": {
    "successRate": 1,
    "total": 10.001490935,
    "slowest": 0.021613313,
    "fastest": 0.000195498,
    "average": 0.0011357977685432542,
    "requestsPerSec": 43954.14672242564,
    "totalData": 5714891,
    "sizePerRequest": 13,
    "sizePerSec": 571403.9073915334
  },
  "responseTimeHistogram": {
    "0.000195498": 1,
    "0.0023372795": 432552,
    "0.0044790609999999995": 5286,
    "0.006620842499999999": 1077,
    "0.008762624": 362,
    "0.0109044055": 143,
    "0.013046186999999999": 117,
    "0.0151879685": 28,
    "0.017329749999999998": 10,
    "0.019471531499999997": 13,
    "0.021613313": 18
  },
  "latencyPercentiles": {
    "p10": 0.001034592,
    "p25": 0.00104389,
    "p50": 0.00105779,
    "p75": 0.001075183,
    "p90": 0.00120709,
    "p95": 0.00130028,
    "p99": 0.002538478
  },
  "rps": {
    "mean": 43889.785759355924,
    "stddev": 7553.337180693635,
    "max": 47820.52456914538,
    "percentiles": {
      "p10": 41840.41365555007,
      "p25": 45421.28441387594,
      "p50": 45974.74574162691,
      "p75": 46644.736967224075,
      "p90": 46910.19674317189,
      "p95": 47016.72855201753,
      "p99": 47196.13770909007
    }
  },
  "details": {
    "DNSDialup": {
      "average": 0.00129911082,
      "fastest": 0.0000633,
      "slowest": 0.001453088
    },
    "DNSLookup": {
      "average": 0.000003997999999999999,
      "fastest": 0.0000029,
      "slowest": 0.0000348
    }
  },
  "statusCodeDistribution": {
    "200": 439607
  },
  "errorDistribution": {}
}