{
  "summary": {
    "successRate": 1,
    "total": 10.00150283,
    "slowest": 0.022583514,
    "fastest": 0.000232004,
    "average": 0.0013282155480670002,
    "requestsPerSec": 37580.452296887466,
    "totalData": 4886193,
    "sizePerRequest": 13,
    "sizePerSec": 488545.87985953706
  },
  "responseTimeHistogram": {
    "0.000232004": 1,
    "0.002467155": 367499,
    "0.004702306": 6716,
    "0.006937457": 913,
    "0.009172607999999999": 469,
    "0.011407758999999998": 120,
    "0.01364291": 81,
    "0.015878061": 16,
    "0.018113212": 14,
    "0.020348363": 12,
    "0.022583514": 20
  },
  "latencyPercentiles": {
    "p10": 0.001190922,
    "p25": 0.001208222,
    "p50": 0.001231222,
    "p75": 0.001263123,
    "p90": 0.001464127,
    "p95": 0.00161743,
    "p99": 0.00331266
  },
  "rps": {
    "mean": 37615.353278260875,
    "stddev": 6865.767912448467,
    "max": 122934.26529213415,
    "percentiles": {
      "p10": 35603.98408581915,
      "p25": 38266.6566892903,
      "p50": 39311.86432065246,
      "p75": 40032.101742386396,
      "p90": 40418.09763949357,
      "p95": 40549.95348770094,
      "p99": 40842.95862388085
    }
  },
  "details": {
    "DNSDialup": {
      "average": 0.0015619786200000007,
      "fastest": 0.000071401,
      "slowest": 0.003410562
    },
    "DNSLookup": {
      "average": 0.000005088,
      "fastest": 0.0000038,
      "slowest": 0.0000379
    }
  },
  "statusCodeDistribution": {
    "200": 375861
  },
  "errorDistribution": {}
}