{
  "summary": {
    "successRate": 1,
    "total": 10.001671086,
    "slowest": 0.022932389,
    "fastest": 0.000127302,
    "average": 0.00135209909315512,
    "requestsPerSec": 36919.330462373495,
    "totalData": 4800315,
    "sizePerRequest": 13,
    "sizePerSec": 479951.29601085547
  },
  "responseTimeHistogram": {
    "0.000127302": 1,
    "0.0024078107000000005": 358397,
    "0.004688319400000001": 9385,
    "0.006968828100000001": 816,
    "0.0092493368": 409,
    "0.0115298455": 150,
    "0.013810354200000001": 53,
    "0.016090862900000003": 7,
    "0.018371371600000002": 5,
    "0.0206518803": 13,
    "0.022932389": 19
  },
  "latencyPercentiles": {
    "p10": 0.00121801,
    "p25": 0.001237411,
    "p50": 0.001261411,
    "p75": 0.001292811,
    "p90": 0.001463012,
    "p95": 0.001631614,
    "p99": 0.003424529
  },
  "rps": {
    "mean": 36789.66947157873,
    "stddev": 6303.656169366044,
    "max": 40422.7094781852,
    "percentiles": {
      "p10": 35946.43200622241,
      "p25": 37604.94881126635,
      "p50": 38535.13633731116,
      "p75": 39114.66856235825,
      "p90": 39556.23710228712,
      "p95": 39774.848309549,
      "p99": 40129.35863877935
    }
  },
  "details": {
    "DNSDialup": {
      "average": 0.0014272157599999997,
      "fastest": 0.000071601,
      "slowest": 0.001583113
    },
    "DNSLookup": {
      "average": 0.0000044100399999999995,
      "fastest": 0.0000033,
      "slowest": 0.0000402
    }
  },
  "statusCodeDistribution": {
    "200": 369255
  },
  "errorDistribution": {}
}