{
  "summary": {
    "successRate": 1,
    "total": 10.001634771,
    "slowest": 0.022317464,
    "fastest": 0.000177903,
    "average": 0.0013185049010506237,
    "requestsPerSec": 37856.611310967055,
    "totalData": 4922164,
    "sizePerRequest": 13,
    "sizePerSec": 492135.9470425717
  },
  "responseTimeHistogram": {
    "0.000177903": 1,
    "0.0023918591": 369772,
    "0.0046058152": 7716,
    "0.0068197713": 707,
    "0.0090337274": 243,
    "0.011247683500000001": 65,
    "0.0134616396": 62,
    "0.0156755957": 27,
    "0.0178895518": 4,
    "0.0201035079": 12,
    "0.022317464000000002": 19
  },
  "latencyPercentiles": {
    "p10": 0.001216014,
    "p25": 0.001231314,
    "p50": 0.001250214,
    "p75": 0.001275115,
    "p90": 0.001425616,
    "p95": 0.001530217,
    "p99": 0.002581928
  },
  "rps": {
    "mean": 37726.36793811149,
    "stddev": 5333.675999502492,
    "max": 40614.54813114032,
    "percentiles": {
      "p10": 37413.0272160766,
      "p25": 38262.32550201254,
      "p50": 38919.80628942179,
      "p75": 39340.8436638915,
      "p90": 39753.99387448033,
      "p95": 39989.93336113677,
      "p99": 40252.51274554115
    }
  },
  "details": {
    "DNSDialup": {
      "average": 0.0014085126599999997,
      "fastest": 0.000063901,
      "slowest": 0.003068536
    },
    "DNSLookup": {
      "average": 0.000004338020000000001,
      "fastest": 0.0000031,
      "slowest": 0.000037
    }
  },
  "statusCodeDistribution": {
    "200": 378628
  },
  "errorDistribution": {}
}