{
  "summary": {
    "successRate": 1,
    "total": 10.001735593,
    "slowest": 0.023477348,
    "fastest": 0.000322405,
    "average": 0.0013218809585504364,
    "requestsPerSec": 37762.2460110159,
    "totalData": 4909944,
    "sizePerRequest": 13,
    "sizePerSec": 490909.1981432067
  },
  "responseTimeHistogram": {
    "0.000322405": 1,
    "0.0026378992999999996": 372341,
    "0.0049533936": 3689,
    "0.007268887899999998": 907,
    "0.009584382199999998": 407,
    "0.011899876499999998": 196,
    "0.014215370799999997": 67,
    "0.0165308651": 45,
    "0.0188463594": 3,
    "0.021161853699999997": 7,
    "0.023477348": 25
  },
  "latencyPercentiles": {
    "p10": 0.001190918,
    "p25": 0.001209518,
    "p50": 0.001234818,
    "p75": 0.001268718,
    "p90": 0.00139892,
    "p95": 0.001507223,
    "p99": 0.003206947
  },
  "rps": {
    "mean": 37683.05184605917,
    "stddev": 6491.417407733064,
    "max": 41373.44614159044,
    "percentiles": {
      "p10": 36800.66084761607,
      "p25": 38616.42356494196,
      "p50": 39374.62673004093,
      "p75": 39974.164066591286,
      "p90": 40445.10842943215,
      "p95": 40701.15049922025,
      "p99": 41105.447805254844
    }
  },
  "details": {
    "DNSDialup": {
      "average": 0.0014110608399999997,
      "fastest": 0.000070801,
      "slowest": 0.002857442
    },
    "DNSLookup": {
      "average": 0.000004758060000000001,
      "fastest": 0.0000032,
      "slowest": 0.000037101
    }
  },
  "statusCodeDistribution": {
    "200": 377688
  },
  "errorDistribution": {}
}