{
  "summary": {
    "successRate": 1,
    "total": 10.001699555,
    "slowest": 0.021849794,
    "fastest": 0.000240799,
    "average": 0.0011759134989919827,
    "requestsPerSec": 42452.18501766923,
    "totalData": 5519722,
    "sizePerRequest": 13,
    "sizePerSec": 551878.4052297
  },
  "responseTimeHistogram": {
    "0.000240799": 1,
    "0.0024016984999999996": 416869,
    "0.004562597999999999": 5796,
    "0.006723497499999999": 1038,
    "0.008884396999999999": 578,
    "0.0110452965": 127,
    "0.013206195999999998": 71,
    "0.015367095499999997": 24,
    "0.017527994999999998": 32,
    "0.019688894499999998": 19,
    "0.021849794": 39
  },
  "latencyPercentiles": {
    "p10": 0.001062295,
    "p25": 0.001074195,
    "p50": 0.001089495,
    "p75": 0.001109295,
    "p90": 0.001241494,
    "p95": 0.001364893,
    "p99": 0.003069886
  },
  "rps": {
    "mean": 42368.812171957536,
    "stddev": 8116.628973699864,
    "max": 46232.58472571392,
    "percentiles": {
      "p10": 40499.82802610145,
      "p25": 43982.45831284592,
      "p50": 44765.57709388444,
      "p75": 45328.77924193948,
      "p90": 45713.59370900388,
      "p95": 45853.4100520259,
      "p99": 46074.86243648623
    }
  },
  "details": {
    "DNSDialup": {
      "average": 0.0012828837999999997,
      "fastest": 0.000067499,
      "slowest": 0.002579787
    },
    "DNSLookup": {
      "average": 0.00000460798,
      "fastest": 0.0000031,
      "slowest": 0.0000313
    }
  },
  "statusCodeDistribution": {
    "200": 424594
  },
  "errorDistribution": {}
}