{
  "summary": {
    "successRate": 1,
    "total": 10.0020256,
    "slowest": 0.032790763,
    "fastest": 0.000190401,
    "average": 0.0033951068298732137,
    "requestsPerSec": 14697.822809011806,
    "totalData": 1911104,
    "sizePerRequest": 13,
    "sizePerSec": 191071.6965171535
  },
  "responseTimeHistogram": {
    "0.000190401": 1,
    "0.0034504372000000003": 117866,
    "0.0067104734": 25198,
    "0.0099705096": 3000,
    "0.0132305458": 639,
    "0.016490582": 146,
    "0.0197506182": 108,
    "0.0230106544": 14,
    "0.0262706906": 6,
    "0.0295307268": 13,
    "0.032790763": 17
  },
  "latencyPercentiles": {
    "p10": 0.002844474,
    "p25": 0.002931824,
    "p50": 0.003054725,
    "p75": 0.003331727,
    "p90": 0.004099333,
    "p95": 0.005824647,
    "p99": 0.008740971
  },
  "rps": {
    "mean": 14672.564961310201,
    "stddev": 2793.527537817888,
    "max": 19707.47307378957,
    "percentiles": {
      "p10": 10859.641149191304,
      "p25": 14448.286172388198,
      "p50": 15637.091139567026,
      "p75": 16229.895467451332,
      "p90": 16658.29236246411,
      "p95": 16884.28635749761,
      "p99": 17291.157251915458
    }
  },
  "details": {
    "DNSDialup": {
      "average": 0.0022195618599999997,
      "fastest": 0.000108301,
      "slowest": 0.004616337
    },
    "DNSLookup": {
      "average": 0.000007532039999999998,
      "fastest": 0.0000058,
      "slowest": 0.0000367
    }
  },
  "statusCodeDistribution": {
    "200": 147008
  },
  "errorDistribution": {}
}