{
  "summary": {
    "successRate": 1,
    "total": 10.001782424,
    "slowest": 0.022439868,
    "fastest": 0.000247705,
    "average": 0.0013791674518262033,
    "requestsPerSec": 36193.7487393597,
    "totalData": 4706026,
    "sizePerRequest": 13,
    "sizePerSec": 470518.7336116761
  },
  "responseTimeHistogram": {
    "0.000247705": 1,
    "0.0024669213": 345993,
    "0.0046861376": 14499,
    "0.0069053539": 879,
    "0.009124570200000001": 368,
    "0.011343786500000001": 136,
    "0.013563002800000001": 83,
    "0.0157822191": 8,
    "0.0180014354": 3,
    "0.0202206517": 13,
    "0.022439868": 19
  },
  "latencyPercentiles": {
    "p10": 0.00120372,
    "p25": 0.00122352,
    "p50": 0.00124752,
    "p75": 0.001279921,
    "p90": 0.001495225,
    "p95": 0.002313738,
    "p99": 0.003466057
  },
  "rps": {
    "mean": 36108.305323959234,
    "stddev": 7702.514509216823,
    "max": 41417.13012501985,
    "percentiles": {
      "p10": 24666.44152689691,
      "p25": 37685.685944132376,
      "p50": 38876.72710862432,
      "p75": 39540.63290496463,
      "p90": 40032.570499357986,
      "p95": 40367.963503356536,
      "p99": 40961.58984649302
    }
  },
  "details": {
    "DNSDialup": {
      "average": 0.0014303494599999995,
      "fastest": 0.000070601,
      "slowest": 0.003115851
    },
    "DNSLookup": {
      "average": 0.00000446804,
      "fastest": 0.0000032,
      "slowest": 0.0000358
    }
  },
  "statusCodeDistribution": {
    "200": 362002
  },
  "errorDistribution": {}
}