{
  "summary": {
    "successRate": 1,
    "total": 10.001495303,
    "slowest": 0.028360427,
    "fastest": 0.0001495,
    "average": 0.0012689707329094268,
    "requestsPerSec": 39341.8172062706,
    "totalData": 5115201,
    "sizePerRequest": 13,
    "sizePerSec": 511443.6236815178
  },
  "responseTimeHistogram": {
    "0.0001495": 1,
    "0.0029705927": 377655,
    "0.0057916854000000005": 13689,
    "0.008612778100000001": 1769,
    "0.0114338708": 233,
    "0.0142549635": 62,
    "0.017076056200000002": 22,
    "0.0198971489": 8,
    "0.0227182416": 6,
    "0.0255393343": 9,
    "0.028360427": 23
  },
  "latencyPercentiles": {
    "p10": 0.001033802,
    "p25": 0.001046602,
    "p50": 0.001063402,
    "p75": 0.001090202,
    "p90": 0.001473003,
    "p95": 0.002623204,
    "p99": 0.004659208
  },
  "rps": {
    "mean": 39335.632066478,
    "stddev": 11923.857783483703,
    "max": 47676.673626523625,
    "percentiles": {
      "p10": 16773.942895069755,
      "p25": 38077.991341866546,
      "p50": 45588.3547904192,
      "p75": 46413.84060726923,
      "p90": 46881.010385946916,
      "p95": 47100.386223166526,
      "p99": 47377.61400726394
    }
  },
  "details": {
    "DNSDialup": {
      "average": 0.00129277518,
      "fastest": 0.000065,
      "slowest": 0.002877302
    },
    "DNSLookup": {
      "average": 0.0000042559999999999996,
      "fastest": 0.000003,
      "slowest": 0.0000355
    }
  },
  "statusCodeDistribution": {
    "200": 393477
  },
  "errorDistribution": {}
}