{
  "summary": {
    "successRate": 1,
    "total": 10.001638875,
    "slowest": 0.025077089,
    "fastest": 0.000286728,
    "average": 0.0015372231181544596,
    "requestsPerSec": 32468.278854949163,
    "totalData": 4221568,
    "sizePerRequest": 13,
    "sizePerSec": 422087.6251143391
  },
  "responseTimeHistogram": {
    "0.000286728": 1,
    "0.0027657641": 315842,
    "0.0052448002": 6810,
    "0.0077238363": 1110,
    "0.0102028724": 592,
    "0.0126819085": 241,
    "0.0151609446": 94,
    "0.017639980700000002": 7,
    "0.0201190168": 8,
    "0.0225980529": 13,
    "0.025077089": 18
  },
  "latencyPercentiles": {
    "p10": 0.001308125,
    "p25": 0.001385532,
    "p50": 0.001446838,
    "p75": 0.001497443,
    "p90": 0.001656557,
    "p95": 0.001845476,
    "p99": 0.003971878
  },
  "rps": {
    "mean": 32366.324823058258,
    "stddev": 6072.7851520212425,
    "max": 38406.709652176185,
    "percentiles": {
      "p10": 31306.72155311745,
      "p25": 32813.279534231144,
      "p50": 33818.42089386064,
      "p75": 34723.08390618098,
      "p90": 35640.08797094996,
      "p95": 36363.81485869572,
      "p99": 37525.322087344095
    }
  },
  "details": {
    "DNSDialup": {
      "average": 0.0016009024999999997,
      "fastest": 0.000069106,
      "slowest": 0.003443328
    },
    "DNSLookup": {
      "average": 0.00000534646,
      "fastest": 0.0000041,
      "slowest": 0.000037803
    }
  },
  "statusCodeDistribution": {
    "200": 324736
  },
  "errorDistribution": {}
}