{
  "summary": {
    "successRate": 1,
    "total": 10.002043117,
    "slowest": 0.03501974,
    "fastest": 0.000302702,
    "average": 0.0026664071698701197,
    "requestsPerSec": 18715.776147958393,
    "totalData": 2433548,
    "sizePerRequest": 13,
    "sizePerSec": 243305.0899234591
  },
  "responseTimeHistogram": {
    "0.000302702": 1,
    "0.0037744058": 174550,
    "0.0072461096": 10629,
    "0.0107178134": 1502,
    "0.0141895172": 358,
    "0.017661220999999998": 78,
    "0.021132924799999998": 33,
    "0.024604628599999998": 7,
    "0.028076332399999997": 6,
    "0.0315480362": 11,
    "0.03501974": 21
  },
  "latencyPercentiles": {
    "p10": 0.002213115,
    "p25": 0.002285915,
    "p50": 0.002388716,
    "p75": 0.002554217,
    "p90": 0.00292792,
    "p95": 0.004718531,
    "p99": 0.007368149
  },
  "rps": {
    "mean": 18683.7255769641,
    "stddev": 4237.642533123127,
    "max": 29712.580306501473,
    "percentiles": {
      "p10": 10478.395782262509,
      "p25": 19113.02294991373,
      "p50": 20116.360636105594,
      "p75": 20860.698303309764,
      "p90": 21340.833550913878,
      "p95": 21630.070264528073,
      "p99": 22086.430829767636
    }
  },
  "details": {
    "DNSDialup": {
      "average": 0.0025140712400000004,
      "fastest": 0.000095301,
      "slowest": 0.002927621
    },
    "DNSLookup": {
      "average": 0.000010130060000000002,
      "fastest": 0.0000066,
      "slowest": 0.000085401
    }
  },
  "statusCodeDistribution": {
    "200": 187196
  },
  "errorDistribution": {}
}