{
  "summary": {
    "successRate": 1,
    "total": 10.001454947,
    "slowest": 0.022525898,
    "fastest": 0.000268303,
    "average": 0.0014606419772635578,
    "requestsPerSec": 34178.02727817457,
    "totalData": 4443790,
    "sizePerRequest": 13,
    "sizePerSec": 444314.35461626947
  },
  "responseTimeHistogram": {
    "0.000268303": 1,
    "0.0024940624999999998": 316525,
    "0.004719821999999999": 21618,
    "0.006945581499999999": 2587,
    "0.009171340999999998": 721,
    "0.011397100499999998": 208,
    "0.013622859999999997": 127,
    "0.015848619499999998": 8,
    "0.018074378999999998": 3,
    "0.0203001385": 13,
    "0.022525898": 19
  },
  "latencyPercentiles": {
    "p10": 0.001168811,
    "p25": 0.001187311,
    "p50": 0.001218811,
    "p75": 0.001279611,
    "p90": 0.001637614,
    "p95": 0.003690632,
    "p99": 0.004992643
  },
  "rps": {
    "mean": 34112.45482103394,
    "stddev": 10756.865849692389,
    "max": 42247.070501831855,
    "percentiles": {
      "p10": 13438.31667232833,
      "p25": 35373.61957706388,
      "p50": 39601.23951879658,
      "p75": 40616.29525765733,
      "p90": 41185.30299957167,
      "p95": 41512.98475844726,
      "p99": 41911.95521477029
    }
  },
  "details": {
    "DNSDialup": {
      "average": 0.0014023623000000002,
      "fastest": 0.0000679,
      "slowest": 0.003083427
    },
    "DNSLookup": {
      "average": 0.00000473204,
      "fastest": 0.0000033,
      "slowest": 0.0000406
    }
  },
  "statusCodeDistribution": {
    "200": 341830
  },
  "errorDistribution": {}
}