{
  "summary": {
    "successRate": 1,
    "total": 10.001642523,
    "slowest": 0.022037973,
    "fastest": 0.000228509,
    "average": 0.0013234814643330736,
    "requestsPerSec": 37715.00522364751,
    "totalData": 4903756,
    "sizePerRequest": 13,
    "sizePerSec": 490295.0679074176
  },
  "responseTimeHistogram": {
    "0.000228509": 1,
    "0.0024094554": 368435,
    "0.0045904018": 7558,
    "0.006771348200000001": 665,
    "0.0089522946": 315,
    "0.011133241": 146,
    "0.013314187400000002": 48,
    "0.015495133800000001": 8,
    "0.0176760802": 5,
    "0.0198570266": 12,
    "0.022037973000000002": 19
  },
  "latencyPercentiles": {
    "p10": 0.001218749,
    "p25": 0.001234049,
    "p50": 0.001252849,
    "p75": 0.00127715,
    "p90": 0.001413756,
    "p95": 0.001559062,
    "p99": 0.002600303
  },
  "rps": {
    "mean": 37583.40029181896,
    "stddev": 5414.704014367882,
    "max": 40566.54942432876,
    "percentiles": {
      "p10": 37326.1811553964,
      "p25": 38088.38409529298,
      "p50": 38857.53635407818,
      "p75": 39348.81614130473,
      "p90": 39652.757994511514,
      "p95": 39829.091168189814,
      "p99": 40132.925051710656
    }
  },
  "details": {
    "DNSDialup": {
      "average": 0.0014325788600000006,
      "fastest": 0.000068803,
      "slowest": 0.003103223
    },
    "DNSLookup": {
      "average": 0.00000450616,
      "fastest": 0.0000032,
      "slowest": 0.000037901
    }
  },
  "statusCodeDistribution": {
    "200": 377212
  },
  "errorDistribution": {}
}