{
  "summary": {
    "successRate": 1,
    "total": 10.001302754,
    "slowest": 0.020563495,
    "fastest": 0.000071799,
    "average": 0.001278474804356588,
    "requestsPerSec": 39048.61292633158,
    "totalData": 5076981,
    "sizePerRequest": 13,
    "sizePerSec": 507631.96804231056
  },
  "responseTimeHistogram": {
    "0.000071799": 1,
    "0.0021209686": 357857,
    "0.0041701382": 28764,
    "0.006219307800000001": 2885,
    "0.008268477400000002": 750,
    "0.010317647000000003": 142,
    "0.0123668166": 91,
    "0.014415986200000001": 8,
    "0.016465155800000002": 7,
    "0.018514325400000003": 7,
    "0.020563495000000005": 25
  },
  "latencyPercentiles": {
    "p10": 0.001037995,
    "p25": 0.001051195,
    "p50": 0.001068794,
    "p75": 0.001100495,
    "p90": 0.001722291,
    "p95": 0.002961784,
    "p99": 0.004177379
  },
  "rps": {
    "mean": 38954.72333457181,
    "stddev": 11889.154337387918,
    "max": 48388.81282706301,
    "percentiles": {
      "p10": 16522.224043559963,
      "p25": 36824.86783325215,
      "p50": 45459.779610187434,
      "p75": 46076.26081928235,
      "p90": 46729.21042943764,
      "p95": 46968.809305632734,
      "p99": 47186.1193864921
    }
  },
  "details": {
    "DNSDialup": {
      "average": 0.00078307996,
      "fastest": 0.0000379,
      "slowest": 0.001105094
    },
    "DNSLookup": {
      "average": 0.0000044820000000000005,
      "fastest": 0.0000029,
      "slowest": 0.0000361
    }
  },
  "statusCodeDistribution": {
    "200": 390537
  },
  "errorDistribution": {}
}