{
  "summary": {
    "successRate": 1,
    "total": 10.001568536,
    "slowest": 0.021717867,
    "fastest": 0.0001225,
    "average": 0.0011177730991900178,
    "requestsPerSec": 44659.794950386764,
    "totalData": 5806684,
    "sizePerRequest": 13,
    "sizePerSec": 580577.334355028
  },
  "responseTimeHistogram": {
    "0.0001225": 1,
    "0.0022820367": 442901,
    "0.0044415734": 2289,
    "0.0066011101": 824,
    "0.008760646799999999": 465,
    "0.010920183499999998": 110,
    "0.013079720199999999": 34,
    "0.0152392569": 9,
    "0.0173987936": 4,
    "0.0195583303": 13,
    "0.021717867": 18
  },
  "latencyPercentiles": {
    "p10": 0.001034398,
    "p25": 0.001044999,
    "p50": 0.001059399,
    "p75": 0.001076398,
    "p90": 0.001151698,
    "p95": 0.001290498,
    "p99": 0.002137197
  },
  "rps": {
    "mean": 44587.54045952443,
    "stddev": 6483.593155958457,
    "max": 47608.61906439595,
    "percentiles": {
      "p10": 44470.7752387919,
      "p25": 45389.03058348758,
      "p50": 45928.5445904618,
      "p75": 46633.64617571732,
      "p90": 46934.80215579436,
      "p95": 47048.0548832588,
      "p99": 47267.66366053126
    }
  },
  "details": {
    "DNSDialup": {
      "average": 0.0012736220400000004,
      "fastest": 0.000064199,
      "slowest": 0.002709996
    },
    "DNSLookup": {
      "average": 0.000004152000000000001,
      "fastest": 0.0000029,
      "slowest": 0.0000297
    }
  },
  "statusCodeDistribution": {
    "200": 446668
  },
  "errorDistribution": {}
}