{
  "summary": {
    "successRate": 1,
    "total": 10.00179638,
    "slowest": 0.031293017,
    "fastest": 0.000483904,
    "average": 0.002805934101842574,
    "requestsPerSec": 17787.004778035684,
    "totalData": 2312726,
    "sizePerRequest": 13,
    "sizePerSec": 231231.0621144639
  },
  "responseTimeHistogram": {
    "0.000483904": 1,
    "0.0035648153": 159729,
    "0.0066457266000000004": 14937,
    "0.009726637900000001": 2328,
    "0.0128075492": 671,
    "0.0158884605": 164,
    "0.018969371800000003": 27,
    "0.0220502831": 10,
    "0.0251311944": 4,
    "0.0282121057": 13,
    "0.031293017": 18
  },
  "latencyPercentiles": {
    "p10": 0.002151915,
    "p25": 0.002288716,
    "p50": 0.002479618,
    "p75": 0.002833519,
    "p90": 0.003580124,
    "p95": 0.004707833,
    "p99": 0.007650453
  },
  "rps": {
    "mean": 17746.024920464235,
    "stddev": 4406.103488423001,
    "max": 23431.23618095256,
    "percentiles": {
      "p10": 11301.980026172174,
      "p25": 15277.966518738764,
      "p50": 19449.8519154444,
      "p75": 20704.826295008243,
      "p90": 21603.113822588006,
      "p95": 22084.209298476853,
      "p99": 22900.52900221946
    }
  },
  "details": {
    "DNSDialup": {
      "average": 0.00222380344,
      "fastest": 0.000100601,
      "slowest": 0.004280729
    },
    "DNSLookup": {
      "average": 0.000008004060000000004,
      "fastest": 0.000005,
      "slowest": 0.0000378
    }
  },
  "statusCodeDistribution": {
    "200": 177902
  },
  "errorDistribution": {}
}