{
  "summary": {
    "successRate": 1,
    "total": 10.001571944,
    "slowest": 0.015988175,
    "fastest": 0.0000394,
    "average": 0.0009363500726448514,
    "requestsPerSec": 53315.41911468152,
    "totalData": 6932094,
    "sizePerRequest": 13,
    "sizePerSec": 693100.4484908597
  },
  "responseTimeHistogram": {
    "0.0000394": 1,
    "0.0016342775000000001": 500088,
    "0.0032291550000000005": 25621,
    "0.0048240325": 5089,
    "0.006418910000000001": 1051,
    "0.008013787500000001": 820,
    "0.009608665": 392,
    "0.011203542500000002": 114,
    "0.012798420000000001": 59,
    "0.0143932975": 2,
    "0.015988175": 1
  },
  "latencyPercentiles": {
    "p10": 0.000688599,
    "p25": 0.000731698,
    "p50": 0.000778399,
    "p75": 0.000848599,
    "p90": 0.001280797,
    "p95": 0.002104296,
    "p99": 0.003687794
  },
  "rps": {
    "mean": 53277.32777734135,
    "stddev": 15399.342070969704,
    "max": 70721.32955300075,
    "percentiles": {
      "p10": 27885.653573515574,
      "p25": 44778.14391876502,
      "p50": 63100.100960162825,
      "p75": 65090.648033237274,
      "p90": 65869.51169404805,
      "p95": 66318.68197271269,
      "p99": 67110.16805187702
    }
  },
  "details": {
    "DNSDialup": {
      "average": 0.0013528538,
      "fastest": 0.0000725,
      "slowest": 0.001598997
    },
    "DNSLookup": {
      "average": 0.000004356,
      "fastest": 0.0000032,
      "slowest": 0.0000339
    }
  },
  "statusCodeDistribution": {
    "200": 533238
  },
  "errorDistribution": {}
}