{
  "summary": {
    "successRate": 1,
    "total": 10.001550292,
    "slowest": 0.0199378,
    "fastest": 0.000062506,
    "average": 0.0011004361708156747,
    "requestsPerSec": 45328.97268562773,
    "totalData": 5893680,
    "sizePerRequest": 13,
    "sizePerSec": 589276.6449131605
  },
  "responseTimeHistogram": {
    "0.000062506": 1,
    "0.0020500353999999997": 436114,
    "0.0040375648": 10196,
    "0.006025094199999999": 5063,
    "0.0080126236": 689,
    "0.010000153": 787,
    "0.011987682399999998": 471,
    "0.013975211799999998": 30,
    "0.015962741199999998": 5,
    "0.0179502706": 1,
    "0.0199378": 3
  },
  "latencyPercentiles": {
    "p10": 0.000823378,
    "p25": 0.000891485,
    "p50": 0.000957991,
    "p75": 0.001038199,
    "p90": 0.001174212,
    "p95": 0.001711564,
    "p99": 0.005298205
  },
  "rps": {
    "mean": 45370.05065237492,
    "stddev": 11879.57680584293,
    "max": 63307.38902739155,
    "percentiles": {
      "p10": 26938.58321765331,
      "p25": 41901.45398044778,
      "p50": 50939.74222671118,
      "p75": 52725.556077029476,
      "p90": 54177.12139364222,
      "p95": 55068.61521713824,
      "p99": 56101.94112716286
    }
  },
  "details": {
    "DNSDialup": {
      "average": 0.0019771444400000005,
      "fastest": 0.000091609,
      "slowest": 0.003010987
    },
    "DNSLookup": {
      "average": 0.00001410534,
      "fastest": 0.000004101,
      "slowest": 0.00030633
    }
  },
  "statusCodeDistribution": {
    "200": 453360
  },
  "errorDistribution": {}
}