{
  "summary": {
    "successRate": 1,
    "total": 10.002098677,
    "slowest": 0.013566918,
    "fastest": 0.0000467,
    "average": 0.0010738024897277655,
    "requestsPerSec": 46377.466867696654,
    "totalData": 6030336,
    "sizePerRequest": 13,
    "sizePerSec": 602907.0692800565
  },
  "responseTimeHistogram": {
    "0.0000467": 1,
    "0.0013987218": 428101,
    "0.0027507436": 26120,
    "0.0041027654": 4186,
    "0.0054547872": 3233,
    "0.0068068090000000005": 971,
    "0.0081588308": 263,
    "0.0095108526": 378,
    "0.0108628744": 613,
    "0.0122148962": 4,
    "0.013566918": 2
  },
  "latencyPercentiles": {
    "p10": 0.000827512,
    "p25": 0.000878404,
    "p50": 0.000938515,
    "p75": 0.001002905,
    "p90": 0.001244119,
    "p95": 0.001707608,
    "p99": 0.004944224
  },
  "rps": {
    "mean": 46401.59672500159,
    "stddev": 12049.677211302755,
    "max": 61281.16634763643,
    "percentiles": {
      "p10": 28376.727834391404,
      "p25": 42030.780029919035,
      "p50": 52565.449240850445,
      "p75": 53943.29513020877,
      "p90": 54724.3578116614,
      "p95": 55299.17764966984,
      "p99": 56234.03283667289
    }
  },
  "details": {
    "DNSDialup": {
      "average": 0.0015031985200000002,
      "fastest": 0.000083501,
      "slowest": 0.00281602
    },
    "DNSLookup": {
      "average": 0.000007420040000000002,
      "fastest": 0.0000039,
      "slowest": 0.000039601
    }
  },
  "statusCodeDistribution": {
    "200": 463872
  },
  "errorDistribution": {}
}