{
  "summary": {
    "successRate": 1,
    "total": 10.002741045,
    "slowest": 0.016093637,
    "fastest": 0.000072703,
    "average": 0.0009789606166216165,
    "requestsPerSec": 50878.85387719741,
    "totalData": 6616064,
    "sizePerRequest": 13,
    "sizePerSec": 661425.1004035664
  },
  "responseTimeHistogram": {
    "0.000072703": 1,
    "0.0016747964": 491965,
    "0.0032768898": 8329,
    "0.004878983200000001": 3035,
    "0.006481076600000001": 3894,
    "0.00808317": 284,
    "0.009685263400000001": 997,
    "0.0112873568": 357,
    "0.012889450200000001": 47,
    "0.014491543600000002": 13,
    "0.016093637": 6
  },
  "latencyPercentiles": {
    "p10": 0.00076553,
    "p25": 0.000819532,
    "p50": 0.000872435,
    "p75": 0.000942437,
    "p90": 0.000994739,
    "p95": 0.001189347,
    "p99": 0.004996898
  },
  "rps": {
    "mean": 50942.685260989485,
    "stddev": 11470.439295719158,
    "max": 60927.44171974961,
    "percentiles": {
      "p10": 31808.601045723153,
      "p25": 50744.1336371832,
      "p50": 56264.62855179223,
      "p75": 57811.585441727286,
      "p90": 58581.40006324837,
      "p95": 59097.414914522815,
      "p99": 59826.59955075084
    }
  },
  "details": {
    "DNSDialup": {
      "average": 0.00136590626,
      "fastest": 0.000110305,
      "slowest": 0.002245989
    },
    "DNSLookup": {
      "average": 0.0000069863,
      "fastest": 0.0000032,
      "slowest": 0.000039201
    }
  },
  "statusCodeDistribution": {
    "200": 508928
  },
  "errorDistribution": {}
}