{
  "summary": {
    "successRate": 1,
    "total": 10.000901063,
    "slowest": 0.018010696,
    "fastest": 0.000049001,
    "average": 0.0011235643616737735,
    "requestsPerSec": 44400.09927133503,
    "totalData": 5772533,
    "sizePerRequest": 13,
    "sizePerSec": 577201.2905273553
  },
  "responseTimeHistogram": {
    "0.000049001": 1,
    "0.0018451704999999999": 416915,
    "0.00364134": 19889,
    "0.0054375095": 4472,
    "0.007233679": 1302,
    "0.0090298485": 807,
    "0.010826018": 546,
    "0.0126221875": 99,
    "0.014418357": 9,
    "0.0162145265": 0,
    "0.018010696": 1
  },
  "latencyPercentiles": {
    "p10": 0.000791113,
    "p25": 0.000851214,
    "p50": 0.000921715,
    "p75": 0.001080618,
    "p90": 0.001520725,
    "p95": 0.002283437,
    "p99": 0.004994582
  },
  "rps": {
    "mean": 44396.79960593736,
    "stddev": 13213.451960655722,
    "max": 63233.741524473684,
    "percentiles": {
      "p10": 23808.89500317377,
      "p25": 37160.14257386374,
      "p50": 47125.19044629911,
      "p75": 55823.646896826016,
      "p90": 56801.16650594767,
      "p95": 57224.38291871267,
      "p99": 58322.51705023955
    }
  },
  "details": {
    "DNSDialup": {
      "average": 0.0015578576600000001,
      "fastest": 0.000160403,
      "slowest": 0.001744028
    },
    "DNSLookup": {
      "average": 0.000007744220000000001,
      "fastest": 0.000004,
      "slowest": 0.0000335
    }
  },
  "statusCodeDistribution": {
    "200": 444041
  },
  "errorDistribution": {}
}