{
  "summary": {
    "successRate": 1,
    "total": 10.002820661,
    "slowest": 0.015549602,
    "fastest": 0.0000792,
    "average": 0.0018067045581025357,
    "requestsPerSec": 27584.819257612802,
    "totalData": 3587038,
    "sizePerRequest": 13,
    "sizePerSec": 358602.6503489664
  },
  "responseTimeHistogram": {
    "0.0000792": 1,
    "0.0016262402": 149230,
    "0.0031732804000000002": 112578,
    "0.004720320599999999": 6120,
    "0.0062673608": 4969,
    "0.007814401": 1917,
    "0.009361441199999999": 511,
    "0.0109084814": 340,
    "0.0124555216": 174,
    "0.0140025618": 61,
    "0.015549602000000001": 25
  },
  "latencyPercentiles": {
    "p10": 0.001099,
    "p25": 0.0012469,
    "p50": 0.001577,
    "p75": 0.002028101,
    "p90": 0.0025393,
    "p95": 0.0032116,
    "p99": 0.006362599
  },
  "rps": {
    "mean": 27590.806824674088,
    "stddev": 8162.780264291177,
    "max": 45679.935318813994,
    "percentiles": {
      "p10": 15594.819622266466,
      "p25": 24313.620490198842,
      "p50": 28309.487375630408,
      "p75": 32513.001949478952,
      "p90": 38117.40924395891,
      "p95": 40099.803056430435,
      "p99": 41865.90381273328
    }
  },
  "details": {
    "DNSDialup": {
      "average": 0.00522088322,
      "fastest": 0.000097499,
      "slowest": 0.005740259
    },
    "DNSLookup": {
      "average": 0.000008177959999999998,
      "fastest": 0.0000064,
      "slowest": 0.000036
    }
  },
  "statusCodeDistribution": {
    "200": 275926
  },
  "errorDistribution": {}
}