{
  "summary": {
    "successRate": 1,
    "total": 10.001462653,
    "slowest": 0.012591239,
    "fastest": 0.000039799,
    "average": 0.0010584871423045508,
    "requestsPerSec": 47170.8005487065,
    "totalData": 6133101,
    "sizePerRequest": 13,
    "sizePerSec": 613220.4071331845
  },
  "responseTimeHistogram": {
    "0.000039799": 1,
    "0.0012949430000000002": 399459,
    "0.0025500870000000004": 62711,
    "0.0038052310000000005": 3388,
    "0.005060375000000001": 4276,
    "0.006315519": 753,
    "0.007570663000000001": 329,
    "0.008825807000000001": 547,
    "0.010080951000000001": 244,
    "0.011336095000000001": 67,
    "0.012591239": 2
  },
  "latencyPercentiles": {
    "p10": 0.000697797,
    "p25": 0.000763696,
    "p50": 0.000887995,
    "p75": 0.001153295,
    "p90": 0.001427393,
    "p95": 0.001924891,
    "p99": 0.00410078
  },
  "rps": {
    "mean": 47181.88285683119,
    "stddev": 12937.990689881406,
    "max": 68904.38325018252,
    "percentiles": {
      "p10": 28952.545975693738,
      "p25": 40674.70916282592,
      "p50": 48218.55932347848,
      "p75": 55333.465680046516,
      "p90": 64015.67103626564,
      "p95": 64875.48169042402,
      "p99": 65795.06922122808
    }
  },
  "details": {
    "DNSDialup": {
      "average": 0.0012607018999999998,
      "fastest": 0.0000766,
      "slowest": 0.002586688
    },
    "DNSLookup": {
      "average": 0.0000060119800000000005,
      "fastest": 0.0000032,
      "slowest": 0.0000341
    }
  },
  "statusCodeDistribution": {
    "200": 471777
  },
  "errorDistribution": {}
}