{
  "summary": {
    "successRate": 1,
    "total": 10.002290199,
    "slowest": 0.012535996,
    "fastest": 0.000047001,
    "average": 0.0012226412411617223,
    "requestsPerSec": 40827.14977024233,
    "totalData": 5308745,
    "sizePerRequest": 13,
    "sizePerSec": 530752.9470131503
  },
  "responseTimeHistogram": {
    "0.000047001": 1,
    "0.0012959005000000002": 277799,
    "0.0025448000000000003": 114230,
    "0.0037936995000000004": 10185,
    "0.005042599": 2203,
    "0.0062914985": 2759,
    "0.007540398": 399,
    "0.0087892975": 273,
    "0.010038197": 324,
    "0.011287096500000001": 132,
    "0.012535996": 60
  },
  "latencyPercentiles": {
    "p10": 0.000791607,
    "p25": 0.000874206,
    "p50": 0.001029608,
    "p75": 0.001379711,
    "p90": 0.001599214,
    "p95": 0.002255019,
    "p99": 0.005015138
  },
  "rps": {
    "mean": 40774.45783078468,
    "stddev": 11231.558117754064,
    "max": 62130.58688792688,
    "percentiles": {
      "p10": 23132.90192640993,
      "p25": 37353.83042330162,
      "p50": 42359.97959780363,
      "p75": 46059.232780726525,
      "p90": 55587.45758320803,
      "p95": 56449.235022788176,
      "p99": 57558.455155298725
    }
  },
  "details": {
    "DNSDialup": {
      "average": 0.0018859725800000002,
      "fastest": 0.000085501,
      "slowest": 0.002434619
    },
    "DNSLookup": {
      "average": 0.00000858404,
      "fastest": 0.0000039,
      "slowest": 0.000071101
    }
  },
  "statusCodeDistribution": {
    "200": 408365
  },
  "errorDistribution": {}
}