{
  "summary": {
    "successRate": 1,
    "total": 10.002127146,
    "slowest": 0.016605744,
    "fastest": 0.000045001,
    "average": 0.0010145383704969829,
    "requestsPerSec": 49164.84192031686,
    "totalData": 6392789,
    "sizePerRequest": 13,
    "sizePerSec": 639142.9449641191
  },
  "responseTimeHistogram": {
    "0.000045001": 1,
    "0.0017010753": 470173,
    "0.0033571495999999996": 13506,
    "0.0050132239": 5142,
    "0.0066692982": 1304,
    "0.008325372499999999": 284,
    "0.009981446799999998": 1214,
    "0.0116375211": 78,
    "0.013293595399999998": 43,
    "0.014949669699999998": 6,
    "0.016605744": 2
  },
  "latencyPercentiles": {
    "p10": 0.000764406,
    "p25": 0.000820407,
    "p50": 0.000876208,
    "p75": 0.000952609,
    "p90": 0.001244711,
    "p95": 0.001612114,
    "p99": 0.004688941
  },
  "rps": {
    "mean": 49152.2140740506,
    "stddev": 12307.772924746561,
    "max": 63833.914959013106,
    "percentiles": {
      "p10": 29643.020916256377,
      "p25": 43072.349700089326,
      "p50": 55583.039399413145,
      "p75": 57784.3076174342,
      "p90": 58501.83110731053,
      "p95": 58899.2908565582,
      "p99": 59698.26014420871
    }
  },
  "details": {
    "DNSDialup": {
      "average": 0.00132060952,
      "fastest": 0.000080101,
      "slowest": 0.002125719
    },
    "DNSLookup": {
      "average": 0.000007446060000000001,
      "fastest": 0.0000033,
      "slowest": 0.0000354
    }
  },
  "statusCodeDistribution": {
    "200": 491753
  },
  "errorDistribution": {}
}