{
  "summary": {
    "successRate": 1,
    "total": 10.001538384,
    "slowest": 0.024099333,
    "fastest": 0.000046401,
    "average": 0.001111482039946996,
    "requestsPerSec": 44905.09187251448,
    "totalData": 5838560,
    "sizePerRequest": 13,
    "sizePerSec": 583766.1943426882
  },
  "responseTimeHistogram": {
    "0.000046401": 1,
    "0.0024516942": 426756,
    "0.004856987399999999": 17188,
    "0.007262280599999999": 3190,
    "0.009667573799999999": 1483,
    "0.012072867": 381,
    "0.014478160199999998": 115,
    "0.0168834534": 4,
    "0.0192887466": 1,
    "0.0216940398": 0,
    "0.024099333": 1
  },
  "latencyPercentiles": {
    "p10": 0.000762507,
    "p25": 0.000824008,
    "p50": 0.000906809,
    "p75": 0.00101881,
    "p90": 0.001563814,
    "p95": 0.002441824,
    "p99": 0.005056549
  },
  "rps": {
    "mean": 44985.527871764905,
    "stddev": 14320.451520730194,
    "max": 60421.7760080732,
    "percentiles": {
      "p10": 19973.508503346126,
      "p25": 35142.18467848806,
      "p50": 51704.66893160618,
      "p75": 57090.24388466487,
      "p90": 58117.45267103707,
      "p95": 58611.153702549695,
      "p99": 59360.56558506499
    }
  },
  "details": {
    "DNSDialup": {
      "average": 0.00134042828,
      "fastest": 0.000082201,
      "slowest": 0.00220842
    },
    "DNSLookup": {
      "average": 0.000007174020000000001,
      "fastest": 0.0000035,
      "slowest": 0.0000333
    }
  },
  "statusCodeDistribution": {
    "200": 449120
  },
  "errorDistribution": {}
}