{
  "summary": {
    "successRate": 1,
    "total": 10.001940894,
    "slowest": 0.017416104,
    "fastest": 0.00004,
    "average": 0.0009581737282427024,
    "requestsPerSec": 52099.98794459982,
    "totalData": 6774313,
    "sizePerRequest": 13,
    "sizePerSec": 677299.8432797977
  },
  "responseTimeHistogram": {
    "0.00004": 1,
    "0.0017776104000000004": 489635,
    "0.0035152208000000006": 24097,
    "0.0052528312": 5246,
    "0.006990441600000001": 703,
    "0.008728052000000002": 986,
    "0.0104656624": 365,
    "0.012203272800000001": 64,
    "0.013940883200000002": 2,
    "0.0156784936": 1,
    "0.017416104": 1
  },
  "latencyPercentiles": {
    "p10": 0.0006979,
    "p25": 0.0007405,
    "p50": 0.000785,
    "p75": 0.0008502,
    "p90": 0.0014488,
    "p95": 0.0021461,
    "p99": 0.003948601
  },
  "rps": {
    "mean": 52084.0839911066,
    "stddev": 16073.631693661802,
    "max": 68297.38627607698,
    "percentiles": {
      "p10": 25132.92413061105,
      "p25": 41501.64761541484,
      "p50": 62709.11385811132,
      "p75": 64326.35450744116,
      "p90": 65008.54476719599,
      "p95": 65462.824672828465,
      "p99": 66175.94043643016
    }
  },
  "details": {
    "DNSDialup": {
      "average": 0.0011979200000000003,
      "fastest": 0.0000746,
      "slowest": 0.0020368
    },
    "DNSLookup": {
      "average": 0.000005753999999999999,
      "fastest": 0.000003,
      "slowest": 0.0000334
    }
  },
  "statusCodeDistribution": {
    "200": 521101
  },
  "errorDistribution": {}
}