{
  "summary": {
    "successRate": 1,
    "total": 10.001134878,
    "slowest": 0.014750715,
    "fastest": 0.0000376,
    "average": 0.0009819973521826189,
    "requestsPerSec": 50848.52931227511,
    "totalData": 6611059,
    "sizePerRequest": 13,
    "sizePerSec": 661030.8810595765
  },
  "responseTimeHistogram": {
    "0.0000376": 1,
    "0.0015089114999999999": 482166,
    "0.0029802229999999997": 18954,
    "0.004451534499999999": 5105,
    "0.005922845999999999": 1079,
    "0.007394157499999999": 374,
    "0.008865468999999999": 717,
    "0.0103367805": 84,
    "0.011808092": 56,
    "0.013279403499999998": 4,
    "0.014750715": 3
  },
  "latencyPercentiles": {
    "p10": 0.000685596,
    "p25": 0.000744296,
    "p50": 0.000819395,
    "p75": 0.001083393,
    "p90": 0.001330292,
    "p95": 0.001524791,
    "p99": 0.003907677
  },
  "rps": {
    "mean": 50835.00959630596,
    "stddev": 12573.376214944907,
    "max": 67326.641151903,
    "percentiles": {
      "p10": 32559.02987396705,
      "p25": 46518.91975818549,
      "p50": 50372.292464143975,
      "p75": 63707.94780305724,
      "p90": 65013.62175837485,
      "p95": 65444.22065989817,
      "p99": 66188.74017362419
    }
  },
  "details": {
    "DNSDialup": {
      "average": 0.0011984913200000001,
      "fastest": 0.000075399,
      "slowest": 0.002516373
    },
    "DNSLookup": {
      "average": 0.0000065459,
      "fastest": 0.000003,
      "slowest": 0.000030599
    }
  },
  "statusCodeDistribution": {
    "200": 508543
  },
  "errorDistribution": {}
}