{
  "summary": {
    "successRate": 1,
    "total": 10.002241989,
    "slowest": 0.02092371,
    "fastest": 0.0000449,
    "average": 0.001045240787278337,
    "requestsPerSec": 47730.09896431531,
    "totalData": 6206304,
    "sizePerRequest": 13,
    "sizePerSec": 620491.286536099
  },
  "responseTimeHistogram": {
    "0.0000449": 1,
    "0.0021327810000000003": 451316,
    "0.004220662": 19602,
    "0.006308543000000001": 4382,
    "0.008396424000000001": 804,
    "0.010484305000000001": 1198,
    "0.012572186000000003": 58,
    "0.014660067000000002": 42,
    "0.016747948000000002": 3,
    "0.018835829000000002": 1,
    "0.02092371": 1
  },
  "latencyPercentiles": {
    "p10": 0.000748608,
    "p25": 0.000807108,
    "p50": 0.000867409,
    "p75": 0.00094301,
    "p90": 0.001349614,
    "p95": 0.002473325,
    "p99": 0.004800949
  },
  "rps": {
    "mean": 47732.95871158846,
    "stddev": 14772.461467264957,
    "max": 63548.25076903577,
    "percentiles": {
      "p10": 19912.74415625903,
      "p25": 39021.461803992126,
      "p50": 55425.49572803496,
      "p75": 58693.835637120384,
      "p90": 59528.048224629805,
      "p95": 60164.59746060903,
      "p99": 61008.252275183746
    }
  },
  "details": {
    "DNSDialup": {
      "average": 0.0016884728600000004,
      "fastest": 0.0000782,
      "slowest": 0.00199892
    },
    "DNSLookup": {
      "average": 0.0000056560600000000005,
      "fastest": 0.000004,
      "slowest": 0.000055901
    }
  },
  "statusCodeDistribution": {
    "200": 477408
  },
  "errorDistribution": {}
}