{
  "summary": {
    "successRate": 1,
    "total": 10.002288558,
    "slowest": 0.016335892,
    "fastest": 0.0000731,
    "average": 0.0009554211004589025,
    "requestsPerSec": 52196.454538639395,
    "totalData": 6787092,
    "sizePerRequest": 13,
    "sizePerSec": 678553.9090023121
  },
  "responseTimeHistogram": {
    "0.0000731": 1,
    "0.0016993792": 505462,
    "0.0033256584": 8387,
    "0.0049519376": 5153,
    "0.006578216800000001": 1211,
    "0.008204496": 655,
    "0.009830775199999999": 1105,
    "0.0114570544": 58,
    "0.0130833336": 44,
    "0.0147096128": 3,
    "0.016335892": 5
  },
  "latencyPercentiles": {
    "p10": 0.000748708,
    "p25": 0.000802908,
    "p50": 0.000855309,
    "p75": 0.00092461,
    "p90": 0.000981411,
    "p95": 0.001214013,
    "p99": 0.004579348
  },
  "rps": {
    "mean": 52216.16818826268,
    "stddev": 11177.443704571733,
    "max": 64549.275605839604,
    "percentiles": {
      "p10": 35204.16113184532,
      "p25": 51834.38660873958,
      "p50": 57435.83349496601,
      "p75": 58991.68758965275,
      "p90": 59672.764969605,
      "p95": 60094.79274090182,
      "p99": 60851.483683480576
    }
  },
  "details": {
    "DNSDialup": {
      "average": 0.0014709732800000002,
      "fastest": 0.000159202,
      "slowest": 0.001714421
    },
    "DNSLookup": {
      "average": 0.0000065640999999999995,
      "fastest": 0.0000038,
      "slowest": 0.0000351
    }
  },
  "statusCodeDistribution": {
    "200": 522084
  },
  "errorDistribution": {}
}