{
  "summary": {
    "successRate": 1,
    "total": 10.002769717,
    "slowest": 0.020097663,
    "fastest": 0.000104301,
    "average": 0.001539434502879166,
    "requestsPerSec": 32326.646433781938,
    "totalData": 4203628,
    "sizePerRequest": 13,
    "sizePerSec": 420246.4036391652
  },
  "responseTimeHistogram": {
    "0.000104301": 1,
    "0.0021036372000000003": 298093,
    "0.0041029734": 17304,
    "0.0061023096": 4144,
    "0.0081016458": 2467,
    "0.010100982": 628,
    "0.0121003182": 459,
    "0.0140996544": 75,
    "0.0160989906": 80,
    "0.0180983268": 17,
    "0.020097663": 88
  },
  "latencyPercentiles": {
    "p10": 0.001060208,
    "p25": 0.001162309,
    "p50": 0.00130001,
    "p75": 0.001634813,
    "p90": 0.001929415,
    "p95": 0.00257352,
    "p99": 0.006307852
  },
  "rps": {
    "mean": 32339.19798842722,
    "stddev": 8503.690159249609,
    "max": 43463.180054126686,
    "percentiles": {
      "p10": 18970.033569933774,
      "p25": 29948.57359150849,
      "p50": 34410.31238828574,
      "p75": 38611.66953532151,
      "p90": 40886.454681004405,
      "p95": 41493.43916696448,
      "p99": 42441.275201164965
    }
  },
  "details": {
    "DNSDialup": {
      "average": 0.0028749155600000004,
      "fastest": 0.000109401,
      "slowest": 0.003932633
    },
    "DNSLookup": {
      "average": 0.000019724120000000005,
      "fastest": 0.0000071,
      "slowest": 0.000189802
    }
  },
  "statusCodeDistribution": {
    "200": 323356
  },
  "errorDistribution": {}
}