{
  "summary": {
    "successRate": 1,
    "total": 10.001407147,
    "slowest": 0.014164928,
    "fastest": 0.0000381,
    "average": 0.0009172566511487849,
    "requestsPerSec": 54432.7405132485,
    "totalData": 7077252,
    "sizePerRequest": 13,
    "sizePerSec": 707625.6266722305
  },
  "responseTimeHistogram": {
    "0.0000381": 1,
    "0.0014507828": 517296,
    "0.0028634656": 18648,
    "0.0042761484": 5871,
    "0.0056888312": 1211,
    "0.007101514000000001": 261,
    "0.008514196799999998": 943,
    "0.009926879599999999": 119,
    "0.0113395624": 52,
    "0.0127522452": 1,
    "0.014164928": 1
  },
  "latencyPercentiles": {
    "p10": 0.000699096,
    "p25": 0.000746096,
    "p50": 0.000796096,
    "p75": 0.000865695,
    "p90": 0.001160894,
    "p95": 0.001449293,
    "p99": 0.003816081
  },
  "rps": {
    "mean": 54421.183428047785,
    "stddev": 12765.485422246848,
    "max": 71135.21904695306,
    "percentiles": {
      "p10": 34814.569029326674,
      "p25": 48176.84688847263,
      "p50": 62305.92529349449,
      "p75": 63719.069701582644,
      "p90": 64348.068237861204,
      "p95": 64734.77933532002,
      "p99": 65340.63611030819
    }
  },
  "details": {
    "DNSDialup": {
      "average": 0.00141949074,
      "fastest": 0.0000684,
      "slowest": 0.002200289
    },
    "DNSLookup": {
      "average": 0.000004412,
      "fastest": 0.0000031,
      "slowest": 0.0000319
    }
  },
  "statusCodeDistribution": {
    "200": 544404
  },
  "errorDistribution": {}
}