{
  "summary": {
    "successRate": 1,
    "total": 10.001527229,
    "slowest": 0.024150958,
    "fastest": 0.000045401,
    "average": 0.0010952051267503942,
    "requestsPerSec": 45561.34173976161,
    "totalData": 5923879,
    "sizePerRequest": 13,
    "sizePerSec": 592297.4426169009
  },
  "responseTimeHistogram": {
    "0.000045401": 1,
    "0.0024559567": 423770,
    "0.004866512399999999": 27512,
    "0.007277068099999999": 2564,
    "0.0096876238": 1330,
    "0.0120981795": 420,
    "0.0145087352": 52,
    "0.016919290899999998": 9,
    "0.0193298466": 24,
    "0.0217404023": 0,
    "0.024150958": 1
  },
  "latencyPercentiles": {
    "p10": 0.000763911,
    "p25": 0.000819412,
    "p50": 0.000875913,
    "p75": 0.000956114,
    "p90": 0.001595124,
    "p95": 0.002539438,
    "p99": 0.004805271
  },
  "rps": {
    "mean": 45581.66770065378,
    "stddev": 15731.203503581519,
    "max": 64837.056498623875,
    "percentiles": {
      "p10": 19551.33006194462,
      "p25": 34017.872990468255,
      "p50": 54573.964093539864,
      "p75": 58055.757194235506,
      "p90": 58921.524032732006,
      "p95": 59314.62200730733,
      "p99": 60915.347938028026
    }
  },
  "details": {
    "DNSDialup": {
      "average": 0.001360268200000001,
      "fastest": 0.000163803,
      "slowest": 0.001656625
    },
    "DNSLookup": {
      "average": 0.000008472220000000001,
      "fastest": 0.0000033,
      "slowest": 0.000039701
    }
  },
  "statusCodeDistribution": {
    "200": 455683
  },
  "errorDistribution": {}
}