{
  "summary": {
    "successRate": 1,
    "total": 10.002853912,
    "slowest": 0.01609733,
    "fastest": 0.000078,
    "average": 0.0016572625895366938,
    "requestsPerSec": 30027.730350002133,
    "totalData": 3904719,
    "sizePerRequest": 13,
    "sizePerSec": 390360.49455002777
  },
  "responseTimeHistogram": {
    "0.000078": 1,
    "0.0016799329999999998": 225252,
    "0.0032818659999999996": 59609,
    "0.004883798999999999": 8200,
    "0.006485731999999999": 4513,
    "0.008087664999999999": 1653,
    "0.009689597999999999": 592,
    "0.011291530999999999": 163,
    "0.012893463999999999": 251,
    "0.014495396999999998": 124,
    "0.01609733": 5
  },
  "latencyPercentiles": {
    "p10": 0.001069007,
    "p25": 0.00118701,
    "p50": 0.001378311,
    "p75": 0.001680014,
    "p90": 0.002399819,
    "p95": 0.003355128,
    "p99": 0.006419252
  },
  "rps": {
    "mean": 30005.295106697868,
    "stddev": 9549.987419557023,
    "max": 47144.88192759129,
    "percentiles": {
      "p10": 15968.055854049935,
      "p25": 24063.787235677824,
      "p50": 32850.98143809363,
      "p75": 37724.21894856434,
      "p90": 40081.66512428447,
      "p95": 41019.8600310117,
      "p99": 42143.90973955707
    }
  },
  "details": {
    "DNSDialup": {
      "average": 0.0031574875,
      "fastest": 0.000134201,
      "slowest": 0.005136042
    },
    "DNSLookup": {
      "average": 0.00001556612,
      "fastest": 0.0000058,
      "slowest": 0.000129701
    }
  },
  "statusCodeDistribution": {
    "200": 300363
  },
  "errorDistribution": {}
}