{
  "summary": {
    "successRate": 1,
    "total": 10.00500199,
    "slowest": 0.025742777,
    "fastest": 0.000070501,
    "average": 0.0017062823419746404,
    "requestsPerSec": 29136.12613884148,
    "totalData": 3789591,
    "sizePerRequest": 13,
    "sizePerSec": 378769.6398049392
  },
  "responseTimeHistogram": {
    "0.000070501": 1,
    "0.0026377286000000004": 271743,
    "0.0052049562": 14423,
    "0.0077721838000000005": 4157,
    "0.010339411400000002": 675,
    "0.012906639000000001": 297,
    "0.015473866600000002": 129,
    "0.018041094200000003": 32,
    "0.020608321800000003": 0,
    "0.023175549400000002": 14,
    "0.025742777": 36
  },
  "latencyPercentiles": {
    "p10": 0.001119107,
    "p25": 0.001266708,
    "p50": 0.00149571,
    "p75": 0.001748212,
    "p90": 0.002294415,
    "p95": 0.00298262,
    "p99": 0.006246142
  },
  "rps": {
    "mean": 29135.259241731128,
    "stddev": 8338.981371406573,
    "max": 43214.82700714563,
    "percentiles": {
      "p10": 16010.78005821315,
      "p25": 26587.469832862684,
      "p50": 31610.219583991275,
      "p75": 34878.73720955735,
      "p90": 37122.25472147486,
      "p95": 38248.35806341394,
      "p99": 40374.82262128403
    }
  },
  "details": {
    "DNSDialup": {
      "average": 0.00273710036,
      "fastest": 0.000103001,
      "slowest": 0.003487723
    },
    "DNSLookup": {
      "average": 0.00001021406,
      "fastest": 0.0000065,
      "slowest": 0.0000401
    }
  },
  "statusCodeDistribution": {
    "200": 291507
  },
  "errorDistribution": {}
}