{
  "summary": {
    "successRate": 1,
    "total": 10.001699269,
    "slowest": 0.013046483,
    "fastest": 0.0000398,
    "average": 0.000988739537723502,
    "requestsPerSec": 50491.72009852799,
    "totalData": 6565039,
    "sizePerRequest": 13,
    "sizePerSec": 656392.3612808639
  },
  "responseTimeHistogram": {
    "0.0000398": 3,
    "0.0013404683": 452453,
    "0.0026411366": 43672,
    "0.0039418049": 3590,
    "0.0052424732": 3579,
    "0.0065431415": 532,
    "0.007843809799999999": 550,
    "0.009144478099999999": 520,
    "0.010445146399999999": 49,
    "0.0117458147": 4,
    "0.013046483": 51
  },
  "latencyPercentiles": {
    "p10": 0.000695299,
    "p25": 0.000747399,
    "p50": 0.000813499,
    "p75": 0.001066698,
    "p90": 0.001354197,
    "p95": 0.001687498,
    "p99": 0.003990093
  },
  "rps": {
    "mean": 50493.06713004815,
    "stddev": 13676.600937693769,
    "max": 67242.6755088969,
    "percentiles": {
      "p10": 29597.807216651316,
      "p25": 44704.998018776074,
      "p50": 50055.652506522514,
      "p75": 63535.33138356941,
      "p90": 64819.53012442605,
      "p95": 65306.651158585766,
      "p99": 66117.30951163088
    }
  },
  "details": {
    "DNSDialup": {
      "average": 0.0015167839,
      "fastest": 0.000135,
      "slowest": 0.002921896
    },
    "DNSLookup": {
      "average": 0.0000060380000000000005,
      "fastest": 0.0000032,
      "slowest": 0.0000343
    }
  },
  "statusCodeDistribution": {
    "200": 505003
  },
  "errorDistribution": {}
}