{
  "summary": {
    "successRate": 1,
    "total": 10.002138445,
    "slowest": 0.017666021,
    "fastest": 0.000069401,
    "average": 0.0018276464836021835,
    "requestsPerSec": 27287.464725749454,
    "totalData": 3548129,
    "sizePerRequest": 13,
    "sizePerSec": 354737.0414347429
  },
  "responseTimeHistogram": {
    "0.000069401": 1,
    "0.001829063": 180084,
    "0.003588725": 79380,
    "0.005348387": 8921,
    "0.007108049": 2982,
    "0.008867711": 785,
    "0.010627372999999999": 386,
    "0.012387035": 289,
    "0.014146697": 51,
    "0.015906359": 12,
    "0.017666021": 42
  },
  "latencyPercentiles": {
    "p10": 0.001076407,
    "p25": 0.001269209,
    "p50": 0.001593511,
    "p75": 0.002014014,
    "p90": 0.002646918,
    "p95": 0.003563525,
    "p99": 0.006217343
  },
  "rps": {
    "mean": 27301.250820634068,
    "stddev": 8587.59389767501,
    "max": 50129.76750984181,
    "percentiles": {
      "p10": 14205.15647179977,
      "p25": 23106.282384421844,
      "p50": 28379.72882263348,
      "p75": 31986.43352955191,
      "p90": 38504.848703018884,
      "p95": 41022.28330429188,
      "p99": 43820.459222108475
    }
  },
  "details": {
    "DNSDialup": {
      "average": 0.0025951720999999994,
      "fastest": 0.000183101,
      "slowest": 0.004171229
    },
    "DNSLookup": {
      "average": 0.000012546079999999997,
      "fastest": 0.0000056,
      "slowest": 0.000073301
    }
  },
  "statusCodeDistribution": {
    "200": 272933
  },
  "errorDistribution": {}
}