{
  "summary": {
    "successRate": 1,
    "total": 10.001117903,
    "slowest": 0.014673118,
    "fastest": 0.0000377,
    "average": 0.0009997876268155188,
    "requestsPerSec": 49937.81743640744,
    "totalData": 6492642,
    "sizePerRequest": 13,
    "sizePerSec": 649191.6266732967
  },
  "responseTimeHistogram": {
    "0.0000377": 1,
    "0.0015012418000000002": 472823,
    "0.0029647836": 18862,
    "0.0044283254000000005": 5397,
    "0.0058918672": 1179,
    "0.007355409": 398,
    "0.008818950800000001": 711,
    "0.0102824926": 49,
    "0.0117460344": 5,
    "0.013209576200000002": 7,
    "0.014673118": 2
  },
  "latencyPercentiles": {
    "p10": 0.0006958,
    "p25": 0.000760801,
    "p50": 0.000843902,
    "p75": 0.001098901,
    "p90": 0.001332202,
    "p95": 0.001524302,
    "p99": 0.003959005
  },
  "rps": {
    "mean": 49913.682837806125,
    "stddev": 11953.49912415087,
    "max": 66245.02710626622,
    "percentiles": {
      "p10": 33375.17964290936,
      "p25": 46037.2349155985,
      "p50": 50021.719957353365,
      "p75": 61720.29363254661,
      "p90": 64034.71889966323,
      "p95": 64462.5533874316,
      "p99": 65113.11595198988
    }
  },
  "details": {
    "DNSDialup": {
      "average": 0.00147633972,
      "fastest": 0.0000712,
      "slowest": 0.001841402
    },
    "DNSLookup": {
      "average": 0.00000680204,
      "fastest": 0.0000031,
      "slowest": 0.0000308
    }
  },
  "statusCodeDistribution": {
    "200": 499434
  },
  "errorDistribution": {}
}