{
  "summary": {
    "successRate": 1,
    "total": 10.001603742,
    "slowest": 0.017969729,
    "fastest": 0.000044801,
    "average": 0.0010677013951151967,
    "requestsPerSec": 46741.40388474511,
    "totalData": 6077357,
    "sizePerRequest": 13,
    "sizePerSec": 607638.2505016864
  },
  "responseTimeHistogram": {
    "0.000044801": 1,
    "0.0018372937999999999": 440958,
    "0.0036297866": 19279,
    "0.0054222794": 4506,
    "0.0072147722": 1006,
    "0.009007265": 907,
    "0.0107997578": 615,
    "0.0125922506": 89,
    "0.0143847434": 85,
    "0.0161772362": 42,
    "0.017969729": 1
  },
  "latencyPercentiles": {
    "p10": 0.000748414,
    "p25": 0.000807615,
    "p50": 0.000874316,
    "p75": 0.000988418,
    "p90": 0.001434926,
    "p95": 0.00215284,
    "p99": 0.004810288
  },
  "rps": {
    "mean": 46785.912291466564,
    "stddev": 14181.346426637007,
    "max": 63714.866125419394,
    "percentiles": {
      "p10": 24106.54974956663,
      "p25": 39608.7852285597,
      "p50": 51473.27907250669,
      "p75": 58782.39528346898,
      "p90": 59705.50786834181,
      "p95": 60199.36222788652,
      "p99": 60847.34358530522
    }
  },
  "details": {
    "DNSDialup": {
      "average": 0.0014799990799999995,
      "fastest": 0.000090401,
      "slowest": 0.002386644
    },
    "DNSLookup": {
      "average": 0.000008412179999999999,
      "fastest": 0.0000038,
      "slowest": 0.000034301
    }
  },
  "statusCodeDistribution": {
    "200": 467489
  },
  "errorDistribution": {}
}