{
  "summary": {
    "successRate": 1,
    "total": 10.00197583,
    "slowest": 0.018004174,
    "fastest": 0.0000599,
    "average": 0.0008686291575092285,
    "requestsPerSec": 57384.66176637422,
    "totalData": 7461480,
    "sizePerRequest": 13,
    "sizePerSec": 746000.6029628648
  },
  "responseTimeHistogram": {
    "0.0000599": 1,
    "0.0018543274000000002": 560484,
    "0.0036487548": 5718,
    "0.0054431822000000005": 5664,
    "0.0072376096": 798,
    "0.009032037": 1191,
    "0.010826464400000001": 42,
    "0.0126208918": 5,
    "0.0144153192": 7,
    "0.0162097466": 1,
    "0.018004174": 49
  },
  "latencyPercentiles": {
    "p10": 0.000689499,
    "p25": 0.000734799,
    "p50": 0.000781799,
    "p75": 0.000842799,
    "p90": 0.000889099,
    "p95": 0.001034298,
    "p99": 0.003992494
  },
  "rps": {
    "mean": 57414.11215457986,
    "stddev": 11935.914033182076,
    "max": 67548.62418753725,
    "percentiles": {
      "p10": 40815.56519128223,
      "p25": 57228.12762472747,
      "p50": 62758.87408975553,
      "p75": 64684.97261451241,
      "p90": 65514.37959999371,
      "p95": 65833.67392421656,
      "p99": 66437.30454649884
    }
  },
  "details": {
    "DNSDialup": {
      "average": 0.0014494518800000002,
      "fastest": 0.0000774,
      "slowest": 0.002383697
    },
    "DNSLookup": {
      "average": 0.000006871959999999999,
      "fastest": 0.0000031,
      "slowest": 0.0000553
    }
  },
  "statusCodeDistribution": {
    "200": 573960
  },
  "errorDistribution": {}
}