{
  "summary": {
    "successRate": 1,
    "total": 10.002371034,
    "slowest": 0.016893341,
    "fastest": 0.0000416,
    "average": 0.0009516567499437467,
    "requestsPerSec": 52428.16910284994,
    "totalData": 6817278,
    "sizePerRequest": 13,
    "sizePerSec": 681566.1983370492
  },
  "responseTimeHistogram": {
    "0.0000416": 1,
    "0.0017267741": 509409,
    "0.0034119482000000002": 11134,
    "0.0050971223000000005": 1763,
    "0.0067822964": 1141,
    "0.0084674705": 517,
    "0.0101526446": 357,
    "0.011837818699999999": 32,
    "0.0135229928": 46,
    "0.0152081669": 5,
    "0.016893341": 1
  },
  "latencyPercentiles": {
    "p10": 0.000620706,
    "p25": 0.000733206,
    "p50": 0.000891407,
    "p75": 0.001020309,
    "p90": 0.00124981,
    "p95": 0.001483412,
    "p99": 0.002802123
  },
  "rps": {
    "mean": 52362.85425383949,
    "stddev": 9766.516269331554,
    "max": 67625.81277273428,
    "percentiles": {
      "p10": 38921.079656741334,
      "p25": 48990.16512396094,
      "p50": 54003.591993107744,
      "p75": 59171.705920280925,
      "p90": 63235.519391244896,
      "p95": 64043.65856204911,
      "p99": 65513.20746262473
    }
  },
  "details": {
    "DNSDialup": {
      "average": 0.0025183591599999998,
      "fastest": 0.000160702,
      "slowest": 0.004177735
    },
    "DNSLookup": {
      "average": 0.000010992119999999999,
      "fastest": 0.0000054,
      "slowest": 0.000044401
    }
  },
  "statusCodeDistribution": {
    "200": 524406
  },
  "errorDistribution": {}
}