{
  "summary": {
    "successRate": 1,
    "total": 10.001324593,
    "slowest": 0.012710989,
    "fastest": 0.0000281,
    "average": 0.0007397204837414575,
    "requestsPerSec": 67444.66632670963,
    "totalData": 8768968,
    "sizePerRequest": 13,
    "sizePerSec": 876780.6622472252
  },
  "responseTimeHistogram": {
    "0.0000281": 3,
    "0.0012963889000000002": 651640,
    "0.0025646778000000003": 22057,
    "0.0038329667000000004": 301,
    "0.0051012556": 181,
    "0.0063695445": 8,
    "0.0076378334": 14,
    "0.0089061223": 255,
    "0.0101744112": 61,
    "0.011442700100000001": 0,
    "0.012710989": 16
  },
  "latencyPercentiles": {
    "p10": 0.0004534,
    "p25": 0.0005776,
    "p50": 0.000693299,
    "p75": 0.000848499,
    "p90": 0.001082399,
    "p95": 0.001193799,
    "p99": 0.001533399
  },
  "rps": {
    "mean": 67422.22974928077,
    "stddev": 9134.582585857355,
    "max": 89534.99923119464,
    "percentiles": {
      "p10": 59356.75525495245,
      "p25": 62086.741447149,
      "p50": 64497.74625280486,
      "p75": 76967.43459358832,
      "p90": 79519.1482108861,
      "p95": 80619.4131546881,
      "p99": 84190.91723841906
    }
  },
  "details": {
    "DNSDialup": {
      "average": 0.0013826507800000002,
      "fastest": 0.000102899,
      "slowest": 0.002790798
    },
    "DNSLookup": {
      "average": 0.000007698,
      "fastest": 0.000003,
      "slowest": 0.0000337
    }
  },
  "statusCodeDistribution": {
    "200": 674536
  },
  "errorDistribution": {}
}