{
  "summary": {
    "successRate": 1,
    "total": 10.001897135,
    "slowest": 0.013624003,
    "fastest": 0.0000433,
    "average": 0.0012005467366173713,
    "requestsPerSec": 41536.61994245255,
    "totalData": 5400785,
    "sizePerRequest": 13,
    "sizePerSec": 539976.0592518831
  },
  "responseTimeHistogram": {
    "0.0000433": 1,
    "0.0014013703000000002": 315188,
    "0.0027594406000000004": 92089,
    "0.0041175109": 6422,
    "0.0054755812": 955,
    "0.0068336515": 354,
    "0.008191721800000001": 144,
    "0.009549792100000001": 237,
    "0.010907862400000001": 31,
    "0.012265932700000001": 6,
    "0.013624003": 18
  },
  "latencyPercentiles": {
    "p10": 0.000663401,
    "p25": 0.0008307,
    "p50": 0.0010175,
    "p75": 0.001382401,
    "p90": 0.001993701,
    "p95": 0.002338302,
    "p99": 0.0031998
  },
  "rps": {
    "mean": 41531.60331116392,
    "stddev": 10594.786398197144,
    "max": 61956.852885564025,
    "percentiles": {
      "p10": 29587.261710964754,
      "p25": 33514.99294775641,
      "p50": 41212.35546416825,
      "p75": 50417.13174136477,
      "p90": 55826.75776499797,
      "p95": 57093.09880081893,
      "p99": 58608.750286418144
    }
  },
  "details": {
    "DNSDialup": {
      "average": 0.0021347953800000007,
      "fastest": 0.0001027,
      "slowest": 0.003915103
    },
    "DNSLookup": {
      "average": 0.000011028000000000004,
      "fastest": 0.0000053,
      "slowest": 0.0000761
    }
  },
  "statusCodeDistribution": {
    "200": 415445
  },
  "errorDistribution": {}
}