{
  "summary": {
    "successRate": 1,
    "total": 10.002674061,
    "slowest": 0.012798334,
    "fastest": 0.0000322,
    "average": 0.0008128286128218053,
    "requestsPerSec": 61375.9876864991,
    "totalData": 7981012,
    "sizePerRequest": 13,
    "sizePerSec": 797887.8399244883
  },
  "responseTimeHistogram": {
    "0.0000322": 2,
    "0.0013088134": 577783,
    "0.0025854268": 35167,
    "0.0038620402": 364,
    "0.005138653599999999": 192,
    "0.006415266999999999": 17,
    "0.007691880399999999": 20,
    "0.0089684938": 335,
    "0.010245107199999999": 4,
    "0.011521720599999999": 26,
    "0.012798333999999998": 14
  },
  "latencyPercentiles": {
    "p10": 0.000502609,
    "p25": 0.000625711,
    "p50": 0.000768614,
    "p75": 0.000922117,
    "p90": 0.001189122,
    "p95": 0.001345625,
    "p99": 0.001689031
  },
  "rps": {
    "mean": 61337.75554587812,
    "stddev": 8060.29411524198,
    "max": 81348.12555107138,
    "percentiles": {
      "p10": 53633.34384987337,
      "p25": 56463.0148226221,
      "p50": 58978.94049695131,
      "p75": 69451.56015380894,
      "p90": 72343.52910145886,
      "p95": 73469.78593160138,
      "p99": 76604.66468262662
    }
  },
  "details": {
    "DNSDialup": {
      "average": 0.0016181156400000003,
      "fastest": 0.000083001,
      "slowest": 0.002818052
    },
    "DNSLookup": {
      "average": 0.000006342080000000001,
      "fastest": 0.0000035,
      "slowest": 0.000031901
    }
  },
  "statusCodeDistribution": {
    "200": 613924
  },
  "errorDistribution": {}
}