{
  "summary": {
    "successRate": 1,
    "total": 10.001175392,
    "slowest": 0.012726668,
    "fastest": 0.0000283,
    "average": 0.0007182281329567216,
    "requestsPerSec": 69473.83410111882,
    "totalData": 9032660,
    "sizePerRequest": 13,
    "sizePerSec": 903159.8433145446
  },
  "responseTimeHistogram": {
    "0.0000283": 1,
    "0.0012981368": 671236,
    "0.0025679736": 22846,
    "0.0038378104": 98,
    "0.0051076472": 168,
    "0.006377484": 59,
    "0.007647320799999999": 31,
    "0.0089171576": 353,
    "0.0101869944": 2,
    "0.0114568312": 1,
    "0.012726668": 25
  },
  "latencyPercentiles": {
    "p10": 0.000446399,
    "p25": 0.0005557,
    "p50": 0.000682999,
    "p75": 0.000797699,
    "p90": 0.001066099,
    "p95": 0.001213497,
    "p99": 0.001530498
  },
  "rps": {
    "mean": 69473.86310544237,
    "stddev": 8312.662961862996,
    "max": 89456.29156455638,
    "percentiles": {
      "p10": 60954.944053506755,
      "p25": 63111.46104132462,
      "p50": 65807.3440996027,
      "p75": 78618.27874980815,
      "p90": 80428.27858275171,
      "p95": 81865.77340218061,
      "p99": 86001.85764012397
    }
  },
  "details": {
    "DNSDialup": {
      "average": 0.0012619379400000002,
      "fastest": 0.000074599,
      "slowest": 0.002690196
    },
    "DNSLookup": {
      "average": 0.000006809999999999998,
      "fastest": 0.000003,
      "slowest": 0.0000329
    }
  },
  "statusCodeDistribution": {
    "200": 694820
  },
  "errorDistribution": {}
}