{
  "summary": {
    "successRate": 1,
    "total": 10.001735869,
    "slowest": 0.016351549,
    "fastest": 0.000029801,
    "average": 0.0007031416749259925,
    "requestsPerSec": 70961.981929539,
    "totalData": 9226659,
    "sizePerRequest": 13,
    "sizePerSec": 922505.765084007
  },
  "responseTimeHistogram": {
    "0.000029801": 1,
    "0.0016619758": 704255,
    "0.0032941506": 3299,
    "0.0049263254": 725,
    "0.0065585002": 136,
    "0.008190675": 250,
    "0.009822849799999998": 959,
    "0.011455024599999999": 25,
    "0.0130871994": 88,
    "0.0147193742": 1,
    "0.016351549": 4
  },
  "latencyPercentiles": {
    "p10": 0.00047992,
    "p25": 0.000561122,
    "p50": 0.00073673,
    "p75": 0.000773331,
    "p90": 0.000809732,
    "p95": 0.000871534,
    "p99": 0.001469559
  },
  "rps": {
    "mean": 70941.79207594249,
    "stddev": 7139.125064384621,
    "max": 85360.63165666525,
    "percentiles": {
      "p10": 65980.44327610104,
      "p25": 70307.75494537043,
      "p50": 72228.91323396852,
      "p75": 73545.62034830268,
      "p90": 75322.61938260053,
      "p95": 78071.00673314661,
      "p99": 83903.76519149863
    }
  },
  "details": {
    "DNSDialup": {
      "average": 0.00142984292,
      "fastest": 0.000077303,
      "slowest": 0.002316492
    },
    "DNSLookup": {
      "average": 0.0000061961600000000015,
      "fastest": 0.0000034,
      "slowest": 0.000037302
    }
  },
  "statusCodeDistribution": {
    "200": 709743
  },
  "errorDistribution": {}
}