{
  "summary": {
    "successRate": 1,
    "total": 10.001581619,
    "slowest": 0.015661738,
    "fastest": 0.0000436,
    "average": 0.0012965300031807954,
    "requestsPerSec": 38474.61478182434,
    "totalData": 5002491,
    "sizePerRequest": 13,
    "sizePerSec": 500169.9921637164
  },
  "responseTimeHistogram": {
    "0.0000436": 1,
    "0.0016054138000000003": 295523,
    "0.0031672276000000005": 82864,
    "0.004729041400000001": 4992,
    "0.0062908552000000015": 1007,
    "0.007852669000000001": 178,
    "0.0094144828": 189,
    "0.010976296600000001": 29,
    "0.012538110400000002": 11,
    "0.014099924200000002": 9,
    "0.015661738000000005": 4
  },
  "latencyPercentiles": {
    "p10": 0.000694407,
    "p25": 0.000874408,
    "p50": 0.001093609,
    "p75": 0.001542495,
    "p90": 0.002171192,
    "p95": 0.002449726,
    "p99": 0.003665233
  },
  "rps": {
    "mean": 38492.445990966204,
    "stddev": 9655.451856127733,
    "max": 62281.23590119891,
    "percentiles": {
      "p10": 26723.5380923512,
      "p25": 31923.332763917508,
      "p50": 37054.38068600523,
      "p75": 46417.55175506668,
      "p90": 52469.67643967067,
      "p95": 54521.31238101164,
      "p99": 57671.1488963936
    }
  },
  "details": {
    "DNSDialup": {
      "average": 0.0032821989599999993,
      "fastest": 0.000262903,
      "slowest": 0.005072245
    },
    "DNSLookup": {
      "average": 0.00001050008,
      "fastest": 0.0000054,
      "slowest": 0.000059801
    }
  },
  "statusCodeDistribution": {
    "200": 384807
  },
  "errorDistribution": {}
}