{
  "summary": {
    "successRate": 1,
    "total": 10.001250669,
    "slowest": 0.012830482,
    "fastest": 0.0000262,
    "average": 0.000712900747005812,
    "requestsPerSec": 69968.34927545801,
    "totalData": 9097023,
    "sizePerRequest": 13,
    "sizePerSec": 909588.540580954
  },
  "responseTimeHistogram": {
    "0.0000262": 1,
    "0.0013066282": 677914,
    "0.0025870564": 20991,
    "0.0038674846": 264,
    "0.0051479127999999996": 180,
    "0.006428341": 62,
    "0.007708769199999999": 114,
    "0.008989197400000001": 210,
    "0.0102696256": 19,
    "0.0115500538": 8,
    "0.012830482": 8
  },
  "latencyPercentiles": {
    "p10": 0.000444999,
    "p25": 0.000559999,
    "p50": 0.000674699,
    "p75": 0.000791199,
    "p90": 0.001060598,
    "p95": 0.001167199,
    "p99": 0.001562698
  },
  "rps": {
    "mean": 69957.5554412288,
    "stddev": 10015.887412506041,
    "max": 91349.45659579767,
    "percentiles": {
      "p10": 58190.509962064374,
      "p25": 60732.880781655695,
      "p50": 67540.61892822036,
      "p75": 80297.96784761695,
      "p90": 82009.75875530488,
      "p95": 83030.7787933891,
      "p99": 86628.88383992668
    }
  },
  "details": {
    "DNSDialup": {
      "average": 0.0012552743599999999,
      "fastest": 0.0000743,
      "slowest": 0.002171497
    },
    "DNSLookup": {
      "average": 0.000005922,
      "fastest": 0.0000031,
      "slowest": 0.0000329
    }
  },
  "statusCodeDistribution": {
    "200": 699771
  },
  "errorDistribution": {}
}