{
  "summary": {
    "successRate": 1,
    "total": 10.001558197,
    "slowest": 0.012927044,
    "fastest": 0.000030303,
    "average": 0.000893212784804909,
    "requestsPerSec": 55855.49661327437,
    "totalData": 7262346,
    "sizePerRequest": 13,
    "sizePerSec": 726121.4559725669
  },
  "responseTimeHistogram": {
    "0.000030303": 1,
    "0.0013199771": 497835,
    "0.0026096512000000002": 59259,
    "0.0038993253000000005": 803,
    "0.0051889994": 193,
    "0.0064786735": 30,
    "0.0077683476": 47,
    "0.0090580217": 428,
    "0.0103476958": 6,
    "0.011637369900000001": 9,
    "0.012927044": 31
  },
  "latencyPercentiles": {
    "p10": 0.000546453,
    "p25": 0.000682865,
    "p50": 0.000839181,
    "p75": 0.001006997,
    "p90": 0.001342229,
    "p95": 0.001481942,
    "p99": 0.001953788
  },
  "rps": {
    "mean": 55793.65054428952,
    "stddev": 8847.283626155911,
    "max": 74112.92471458834,
    "percentiles": {
      "p10": 46502.03678921155,
      "p25": 49751.00131505334,
      "p50": 53678.43247739757,
      "p75": 63942.88905339815,
      "p90": 67028.48609864316,
      "p95": 68442.00970555752,
      "p99": 71315.2471998476
    }
  },
  "details": {
    "DNSDialup": {
      "average": 0.0016628304999999999,
      "fastest": 0.000183118,
      "slowest": 0.002496238
    },
    "DNSLookup": {
      "average": 0.000009616899999999998,
      "fastest": 0.0000041,
      "slowest": 0.000050705
    }
  },
  "statusCodeDistribution": {
    "200": 558642
  },
  "errorDistribution": {}
}