{
  "summary": {
    "successRate": 1,
    "total": 10.002304459,
    "slowest": 0.016715015,
    "fastest": 0.0000306,
    "average": 0.000695022880746926,
    "requestsPerSec": 71791.25599939909,
    "totalData": 9335014,
    "sizePerRequest": 13,
    "sizePerSec": 933286.3279921882
  },
  "responseTimeHistogram": {
    "0.0000306": 1,
    "0.0016990415": 712275,
    "0.003367483": 3425,
    "0.0050359245": 880,
    "0.006704366000000001": 148,
    "0.008372807500000001": 570,
    "0.010041249": 650,
    "0.011709690500000002": 25,
    "0.013378132000000001": 97,
    "0.0150465735": 0,
    "0.016715015": 7
  },
  "latencyPercentiles": {
    "p10": 0.000474306,
    "p25": 0.000550207,
    "p50": 0.000726409,
    "p75": 0.00076151,
    "p90": 0.00080001,
    "p95": 0.000861411,
    "p99": 0.001522919
  },
  "rps": {
    "mean": 71760.325130538,
    "stddev": 7554.1548920484865,
    "max": 85503.25834573935,
    "percentiles": {
      "p10": 66115.68925305565,
      "p25": 71558.84264561727,
      "p50": 73513.69765061438,
      "p75": 74620.68485384462,
      "p90": 76117.1955774054,
      "p95": 77706.00667431766,
      "p99": 83920.61070169375
    }
  },
  "details": {
    "DNSDialup": {
      "average": 0.0016580712999999996,
      "fastest": 0.000126202,
      "slowest": 0.002698235
    },
    "DNSLookup": {
      "average": 0.00000906606,
      "fastest": 0.0000038,
      "slowest": 0.0000435
    }
  },
  "statusCodeDistribution": {
    "200": 718078
  },
  "errorDistribution": {}
}