{
  "summary": {
    "successRate": 1,
    "total": 10.001317161,
    "slowest": 0.012717256,
    "fastest": 0.0000268,
    "average": 0.0007395479358290416,
    "requestsPerSec": 67459.31452218247,
    "totalData": 8770866,
    "sizePerRequest": 13,
    "sizePerSec": 876971.0887883721
  },
  "responseTimeHistogram": {
    "0.0000268": 1,
    "0.0012958455999999999": 651346,
    "0.0025648911999999998": 22411,
    "0.0038339367999999994": 311,
    "0.005102982399999999": 281,
    "0.006372028": 24,
    "0.007641073599999999": 11,
    "0.0089101192": 232,
    "0.0101791648": 57,
    "0.011448210399999999": 2,
    "0.012717256": 6
  },
  "latencyPercentiles": {
    "p10": 0.000450198,
    "p25": 0.000570297,
    "p50": 0.000687396,
    "p75": 0.000856595,
    "p90": 0.001087894,
    "p95": 0.001198193,
    "p99": 0.001550891
  },
  "rps": {
    "mean": 67443.08252223712,
    "stddev": 9704.326772486296,
    "max": 91010.91147578099,
    "percentiles": {
      "p10": 58290.81498284633,
      "p25": 61962.70787461047,
      "p50": 64841.3099555606,
      "p75": 77259.18053228654,
      "p90": 80675.60399838057,
      "p95": 82020.19337160513,
      "p99": 86753.12889099878
    }
  },
  "details": {
    "DNSDialup": {
      "average": 0.00123763374,
      "fastest": 0.0000631,
      "slowest": 0.002660891
    },
    "DNSLookup": {
      "average": 0.000006605979999999999,
      "fastest": 0.000003,
      "slowest": 0.0000283
    }
  },
  "statusCodeDistribution": {
    "200": 674682
  },
  "errorDistribution": {}
}