{
  "summary": {
    "successRate": 1,
    "total": 10.002424379,
    "slowest": 0.016791245,
    "fastest": 0.0000318,
    "average": 0.0008085403737475345,
    "requestsPerSec": 61705.0403595958,
    "totalData": 8023600,
    "sizePerRequest": 13,
    "sizePerSec": 802165.5246747454
  },
  "responseTimeHistogram": {
    "0.0000318": 1,
    "0.0017077445000000001": 611186,
    "0.003383689": 5162,
    "0.005059633500000001": 255,
    "0.006735578000000001": 157,
    "0.008411522500000001": 181,
    "0.010087467000000001": 216,
    "0.011763411500000001": 2,
    "0.013439356000000001": 34,
    "0.015115300500000001": 0,
    "0.016791245": 6
  },
  "latencyPercentiles": {
    "p10": 0.000496408,
    "p25": 0.000619409,
    "p50": 0.000763511,
    "p75": 0.000915014,
    "p90": 0.001186717,
    "p95": 0.001338016,
    "p99": 0.001701825
  },
  "rps": {
    "mean": 61670.064208332595,
    "stddev": 8421.791698570369,
    "max": 81332.97238700496,
    "percentiles": {
      "p10": 53530.78019861422,
      "p25": 56160.19680961737,
      "p50": 58848.155445603996,
      "p75": 70425.00087531042,
      "p90": 72647.95427806102,
      "p95": 73624.70108721661,
      "p99": 77415.09594370918
    }
  },
  "details": {
    "DNSDialup": {
      "average": 0.001535505,
      "fastest": 0.000082101,
      "slowest": 0.002808642
    },
    "DNSLookup": {
      "average": 0.000008108099999999998,
      "fastest": 0.0000038,
      "slowest": 0.000069001
    }
  },
  "statusCodeDistribution": {
    "200": 617200
  },
  "errorDistribution": {}
}