{
  "summary": {
    "successRate": 1,
    "total": 10.001326353,
    "slowest": 0.016686128,
    "fastest": 0.0000314,
    "average": 0.0008591304492692742,
    "requestsPerSec": 58043.90132973396,
    "totalData": 7546708,
    "sizePerRequest": 13,
    "sizePerSec": 754570.7172865415
  },
  "responseTimeHistogram": {
    "0.0000314": 1,
    "0.0016968728000000001": 566467,
    "0.0033623456000000003": 13348,
    "0.005027818400000001": 239,
    "0.006693291200000001": 132,
    "0.008358764": 153,
    "0.010024236800000001": 144,
    "0.0116897096": 12,
    "0.0133551824": 15,
    "0.0150206552": 0,
    "0.016686128": 5
  },
  "latencyPercentiles": {
    "p10": 0.000506462,
    "p25": 0.000643809,
    "p50": 0.000775112,
    "p75": 0.001002813,
    "p90": 0.001306817,
    "p95": 0.00146262,
    "p99": 0.001957326
  },
  "rps": {
    "mean": 58028.360073529555,
    "stddev": 11069.659565360183,
    "max": 77371.86356870139,
    "percentiles": {
      "p10": 45407.55127577781,
      "p25": 48462.762196977914,
      "p50": 54947.06391691472,
      "p75": 69754.84823716726,
      "p90": 72013.42330210278,
      "p95": 72806.224932231,
      "p99": 74101.39971100216
    }
  },
  "details": {
    "DNSDialup": {
      "average": 0.0017915126599999996,
      "fastest": 0.000083801,
      "slowest": 0.00199663
    },
    "DNSLookup": {
      "average": 0.0000057441000000000015,
      "fastest": 0.000004,
      "slowest": 0.000038601
    }
  },
  "statusCodeDistribution": {
    "200": 580516
  },
  "errorDistribution": {}
}