{
  "summary": {
    "successRate": 1,
    "total": 10.001251269,
    "slowest": 0.013514828,
    "fastest": 0.000030501,
    "average": 0.0008005728374830417,
    "requestsPerSec": 62329.70087775123,
    "totalData": 8103875,
    "sizePerRequest": 13,
    "sizePerSec": 810286.111410766
  },
  "responseTimeHistogram": {
    "0.000030501": 1,
    "0.0013789337": 591374,
    "0.0027273664": 30816,
    "0.004075799099999999": 364,
    "0.005424231799999999": 327,
    "0.006772664499999999": 61,
    "0.0081210972": 97,
    "0.0094695299": 296,
    "0.0108179626": 19,
    "0.012166395299999999": 0,
    "0.013514828": 20
  },
  "latencyPercentiles": {
    "p10": 0.000493008,
    "p25": 0.00061481,
    "p50": 0.000754013,
    "p75": 0.000873315,
    "p90": 0.001232821,
    "p95": 0.001384323,
    "p99": 0.001804031
  },
  "rps": {
    "mean": 62314.172115372814,
    "stddev": 9456.279506223873,
    "max": 79259.43197273645,
    "percentiles": {
      "p10": 50807.27052040943,
      "p25": 53626.28219021938,
      "p50": 61177.27913900842,
      "p75": 72249.3607632747,
      "p90": 73733.41598412026,
      "p95": 74377.67417097646,
      "p99": 75467.00625812206
    }
  },
  "details": {
    "DNSDialup": {
      "average": 0.0017264910799999998,
      "fastest": 0.000141803,
      "slowest": 0.002036534
    },
    "DNSLookup": {
      "average": 0.000007680160000000002,
      "fastest": 0.0000042,
      "slowest": 0.000037701
    }
  },
  "statusCodeDistribution": {
    "200": 623375
  },
  "errorDistribution": {}
}