{
  "summary": {
    "successRate": 1,
    "total": 10.002221702,
    "slowest": 0.016829734,
    "fastest": 0.0000306,
    "average": 0.0008208589014913415,
    "requestsPerSec": 60770.99849511014,
    "totalData": 7901985,
    "sizePerRequest": 13,
    "sizePerSec": 790022.9804364318
  },
  "responseTimeHistogram": {
    "0.0000306": 2,
    "0.0017105134": 598018,
    "0.0033904268": 9021,
    "0.0050703402000000005": 317,
    "0.0067502536000000005": 107,
    "0.008430167": 215,
    "0.0101100804": 133,
    "0.0117899938": 6,
    "0.0134699072": 22,
    "0.0151498206": 0,
    "0.016829734": 4
  },
  "latencyPercentiles": {
    "p10": 0.000499504,
    "p25": 0.000629705,
    "p50": 0.000761906,
    "p75": 0.000908607,
    "p90": 0.001271513,
    "p95": 0.001412514,
    "p99": 0.001803118
  },
  "rps": {
    "mean": 60760.756476875904,
    "stddev": 9539.279505643897,
    "max": 79010.42937667742,
    "percentiles": {
      "p10": 49842.876754083365,
      "p25": 52210.02432467081,
      "p50": 57831.234649841484,
      "p75": 71044.19659470013,
      "p90": 72743.63890898127,
      "p95": 73532.54711578065,
      "p99": 74887.37736424427
    }
  },
  "details": {
    "DNSDialup": {
      "average": 0.0014632048600000005,
      "fastest": 0.000093701,
      "slowest": 0.002433424
    },
    "DNSLookup": {
      "average": 0.000007674080000000004,
      "fastest": 0.0000034,
      "slowest": 0.0000327
    }
  },
  "statusCodeDistribution": {
    "200": 607845
  },
  "errorDistribution": {}
}