{
  "summary": {
    "successRate": 1,
    "total": 10.001553219,
    "slowest": 0.012855223,
    "fastest": 0.0000315,
    "average": 0.0008087789735021658,
    "requestsPerSec": 61697.31705549004,
    "totalData": 8021897,
    "sizePerRequest": 13,
    "sizePerSec": 802065.1217213705
  },
  "responseTimeHistogram": {
    "0.0000315": 2,
    "0.0013138723": 577955,
    "0.0025962446": 37984,
    "0.0038786169": 320,
    "0.0051609892000000004": 305,
    "0.0064433615000000005": 35,
    "0.0077257338000000005": 23,
    "0.0090081061": 398,
    "0.0102904784": 7,
    "0.011572850700000002": 4,
    "0.012855223": 36
  },
  "latencyPercentiles": {
    "p10": 0.000490204,
    "p25": 0.000619206,
    "p50": 0.000758308,
    "p75": 0.000907208,
    "p90": 0.001236412,
    "p95": 0.001353913,
    "p99": 0.001767317
  },
  "rps": {
    "mean": 61669.11097778259,
    "stddev": 9805.446896848316,
    "max": 81035.68640497583,
    "percentiles": {
      "p10": 52259.073656858425,
      "p25": 54969.83918067932,
      "p50": 58734.82552870217,
      "p75": 71807.93477679079,
      "p90": 73622.40645352635,
      "p95": 74770.73838576343,
      "p99": 77660.00630546747
    }
  },
  "details": {
    "DNSDialup": {
      "average": 0.0014585668399999998,
      "fastest": 0.000073801,
      "slowest": 0.002422321
    },
    "DNSLookup": {
      "average": 0.000008004060000000004,
      "fastest": 0.0000034,
      "slowest": 0.0000347
    }
  },
  "statusCodeDistribution": {
    "200": 617069
  },
  "errorDistribution": {}
}