{
  "summary": {
    "successRate": 1,
    "total": 10.001736444,
    "slowest": 0.012719708,
    "fastest": 0.0000276,
    "average": 0.0007243146041416533,
    "requestsPerSec": 68883.13882868797,
    "totalData": 8956363,
    "sizePerRequest": 13,
    "sizePerSec": 895480.8047729436
  },
  "responseTimeHistogram": {
    "0.0000276": 1,
    "0.0012968108": 663119,
    "0.0025660216": 25103,
    "0.0038352324": 112,
    "0.0051044432": 161,
    "0.006373654": 40,
    "0.0076428648": 50,
    "0.0089120756": 337,
    "0.0101812864": 6,
    "0.0114504972": 1,
    "0.012719708": 21
  },
  "latencyPercentiles": {
    "p10": 0.0004481,
    "p25": 0.0005587,
    "p50": 0.000687301,
    "p75": 0.0008093,
    "p90": 0.001070201,
    "p95": 0.001226982,
    "p99": 0.001567301
  },
  "rps": {
    "mean": 68865.03886496913,
    "stddev": 8957.68413592621,
    "max": 88131.63925849125,
    "percentiles": {
      "p10": 60992.67586305182,
      "p25": 63192.03427294757,
      "p50": 65820.3384845923,
      "p75": 77934.09977652613,
      "p90": 80280.72434594629,
      "p95": 81472.06304808942,
      "p99": 85205.13742558977
    }
  },
  "details": {
    "DNSDialup": {
      "average": 0.0013405167799999998,
      "fastest": 0.0000707,
      "slowest": 0.001582601
    },
    "DNSLookup": {
      "average": 0.000004543999999999998,
      "fastest": 0.0000031,
      "slowest": 0.000037
    }
  },
  "statusCodeDistribution": {
    "200": 688951
  },
  "errorDistribution": {}
}