{
  "summary": {
    "successRate": 1,
    "total": 10.001500507,
    "slowest": 0.017069676,
    "fastest": 0.0000283,
    "average": 0.000646674185628267,
    "requestsPerSec": 77166.3211394966,
    "totalData": 10033127,
    "sizePerRequest": 13,
    "sizePerSec": 1003162.1748134558
  },
  "responseTimeHistogram": {
    "0.0000283": 1,
    "0.0017324376": 768478,
    "0.0034365752000000004": 1564,
    "0.005140712800000001": 432,
    "0.0068448504000000005": 127,
    "0.008548988": 715,
    "0.010253125600000001": 323,
    "0.0119572632": 7,
    "0.013661400800000001": 119,
    "0.015365538400000002": 0,
    "0.017069676": 13
  },
  "latencyPercentiles": {
    "p10": 0.000446999,
    "p25": 0.000526999,
    "p50": 0.000681099,
    "p75": 0.000713799,
    "p90": 0.000735499,
    "p95": 0.000788299,
    "p99": 0.001164898
  },
  "rps": {
    "mean": 77131.61140987636,
    "stddev": 7634.489548733009,
    "max": 93001.06951229952,
    "percentiles": {
      "p10": 72684.72823681279,
      "p25": 76034.32189290247,
      "p50": 77768.92160226335,
      "p75": 78843.20599581487,
      "p90": 82633.86534286193,
      "p95": 90184.21555532336,
      "p99": 91415.66864560514
    }
  },
  "details": {
    "DNSDialup": {
      "average": 0.0013555080800000004,
      "fastest": 0.0000935,
      "slowest": 0.002029897
    },
    "DNSLookup": {
      "average": 0.000007986,
      "fastest": 0.0000031,
      "slowest": 0.0000355
    }
  },
  "statusCodeDistribution": {
    "200": 771779
  },
  "errorDistribution": {}
}