{
  "summary": {
    "successRate": 1,
    "total": 10.000955307,
    "slowest": 0.017066919,
    "fastest": 0.0000454,
    "average": 0.0011783236346199408,
    "requestsPerSec": 42341.455091156124,
    "totalData": 5504915,
    "sizePerRequest": 13,
    "sizePerSec": 550438.9161850297
  },
  "responseTimeHistogram": {
    "0.0000454": 1,
    "0.0017475518999999998": 369652,
    "0.0034497038": 51881,
    "0.0051518557": 1369,
    "0.0068540076": 172,
    "0.008556159499999999": 144,
    "0.0102583114": 211,
    "0.011960463299999998": 8,
    "0.013662615199999999": 11,
    "0.0153647671": 1,
    "0.017066919": 5
  },
  "latencyPercentiles": {
    "p10": 0.000680605,
    "p25": 0.000857106,
    "p50": 0.001054608,
    "p75": 0.00134141,
    "p90": 0.001895813,
    "p95": 0.002179915,
    "p99": 0.00283572
  },
  "rps": {
    "mean": 42319.58021586673,
    "stddev": 7774.740611502768,
    "max": 59194.88940771822,
    "percentiles": {
      "p10": 33308.763535687234,
      "p25": 37266.81567382146,
      "p50": 41354.79098264757,
      "p75": 49202.11569096727,
      "p90": 52768.757691272105,
      "p95": 54139.300419981475,
      "p99": 56424.17324028054
    }
  },
  "details": {
    "DNSDialup": {
      "average": 0.0024120530800000005,
      "fastest": 0.000100901,
      "slowest": 0.004389831
    },
    "DNSLookup": {
      "average": 0.0000131281,
      "fastest": 0.0000062,
      "slowest": 0.000059001
    }
  },
  "statusCodeDistribution": {
    "200": 423455
  },
  "errorDistribution": {}
}