{
  "summary": {
    "successRate": 1,
    "total": 10.001184441,
    "slowest": 0.01322953,
    "fastest": 0.0000326,
    "average": 0.000832091475378603,
    "requestsPerSec": 59958.99821042007,
    "totalData": 7795593,
    "sizePerRequest": 13,
    "sizePerSec": 779466.9767354609
  },
  "responseTimeHistogram": {
    "0.0000326": 1,
    "0.0013522929999999999": 566535,
    "0.0026719859999999995": 32093,
    "0.003991678999999999": 303,
    "0.005311371999999999": 222,
    "0.006631064999999999": 115,
    "0.007950757999999999": 64,
    "0.009270450999999999": 294,
    "0.010590144": 3,
    "0.011909837": 0,
    "0.01322953": 31
  },
  "latencyPercentiles": {
    "p10": 0.000508205,
    "p25": 0.000634606,
    "p50": 0.000777508,
    "p75": 0.000954309,
    "p90": 0.001228212,
    "p95": 0.001377413,
    "p99": 0.001742816
  },
  "rps": {
    "mean": 59943.98358360211,
    "stddev": 8484.113721275527,
    "max": 79682.89411474766,
    "percentiles": {
      "p10": 52600.536525471354,
      "p25": 55029.29152615839,
      "p50": 57315.78935766139,
      "p75": 68156.22193282089,
      "p90": 71723.3259084745,
      "p95": 72741.60275881356,
      "p99": 76116.02242272225
    }
  },
  "details": {
    "DNSDialup": {
      "average": 0.00160171766,
      "fastest": 0.000085601,
      "slowest": 0.00308153
    },
    "DNSLookup": {
      "average": 0.0000084001,
      "fastest": 0.0000039,
      "slowest": 0.000038001
    }
  },
  "statusCodeDistribution": {
    "200": 599661
  },
  "errorDistribution": {}
}