{
  "summary": {
    "successRate": 1,
    "total": 10.001213002,
    "slowest": 0.016312698,
    "fastest": 0.0000263,
    "average": 0.0007352214141135248,
    "requestsPerSec": 67855.76908163924,
    "totalData": 8822320,
    "sizePerRequest": 13,
    "sizePerSec": 882124.9980613102
  },
  "responseTimeHistogram": {
    "0.0000263": 1,
    "0.0016549398": 673199,
    "0.0032835796": 4715,
    "0.004912219400000001": 245,
    "0.0065408592000000005": 87,
    "0.008169499": 74,
    "0.009798138800000002": 252,
    "0.011426778600000001": 54,
    "0.013055418400000001": 11,
    "0.0146840582": 1,
    "0.016312698": 1
  },
  "latencyPercentiles": {
    "p10": 0.0004504,
    "p25": 0.0005709,
    "p50": 0.00069,
    "p75": 0.0008329,
    "p90": 0.001076399,
    "p95": 0.0011996,
    "p99": 0.0015721
  },
  "rps": {
    "mean": 67824.69684810846,
    "stddev": 9826.647956611278,
    "max": 89823.46687744223,
    "percentiles": {
      "p10": 58638.597910791395,
      "p25": 61902.494670534026,
      "p50": 65167.79405615289,
      "p75": 77325.53289095954,
      "p90": 79819.16458141536,
      "p95": 81168.34649046596,
      "p99": 85931.80336042382
    }
  },
  "details": {
    "DNSDialup": {
      "average": 0.0012289280000000004,
      "fastest": 0.0000712,
      "slowest": 0.0026709
    },
    "DNSLookup": {
      "average": 0.0000058380000000000015,
      "fastest": 0.000003,
      "slowest": 0.0000299
    }
  },
  "statusCodeDistribution": {
    "200": 678640
  },
  "errorDistribution": {}
}