{
  "summary": {
    "successRate": 1,
    "total": 10.00102845,
    "slowest": 0.016535731,
    "fastest": 0.0000269,
    "average": 0.000711022158741863,
    "requestsPerSec": 70156.38476660868,
    "totalData": 9121268,
    "sizePerRequest": 13,
    "sizePerSec": 912033.0019659129
  },
  "responseTimeHistogram": {
    "0.0000269": 1,
    "0.0016777831000000002": 696915,
    "0.0033286662": 3945,
    "0.0049795493": 287,
    "0.0066304324000000005": 99,
    "0.0082813155": 182,
    "0.0099321986": 176,
    "0.011583081700000001": 12,
    "0.013233964800000001": 12,
    "0.014884847900000001": 2,
    "0.016535731": 5
  },
  "latencyPercentiles": {
    "p10": 0.000449598,
    "p25": 0.000560597,
    "p50": 0.000679497,
    "p75": 0.000767897,
    "p90": 0.001055995,
    "p95": 0.001169494,
    "p99": 0.001594693
  },
  "rps": {
    "mean": 70089.83290446117,
    "stddev": 10302.542232284715,
    "max": 91794.35851779948,
    "percentiles": {
      "p10": 57084.12484468161,
      "p25": 60526.543874640345,
      "p50": 72403.16431194221,
      "p75": 79924.30498114499,
      "p90": 81352.26075301606,
      "p95": 82142.80854828932,
      "p99": 85660.4420078774
    }
  },
  "details": {
    "DNSDialup": {
      "average": 0.0012720907399999997,
      "fastest": 0.0001383,
      "slowest": 0.001531194
    },
    "DNSLookup": {
      "average": 0.000006375920000000001,
      "fastest": 0.000003,
      "slowest": 0.0000353
    }
  },
  "statusCodeDistribution": {
    "200": 701636
  },
  "errorDistribution": {}
}