{
  "summary": {
    "successRate": 1,
    "total": 10.002013113,
    "slowest": 0.017074826,
    "fastest": 0.000037101,
    "average": 0.0012178094757797023,
    "requestsPerSec": 40959.45439898765,
    "totalData": 5325801,
    "sizePerRequest": 13,
    "sizePerSec": 532472.9071868394
  },
  "responseTimeHistogram": {
    "0.000037101": 1,
    "0.0017408735000000002": 349910,
    "0.003444646": 57462,
    "0.005148418500000001": 1508,
    "0.0068521910000000005": 370,
    "0.0085559635": 210,
    "0.010259736": 178,
    "0.0119635085": 5,
    "0.013667281": 27,
    "0.0153710535": 2,
    "0.017074826": 4
  },
  "latencyPercentiles": {
    "p10": 0.000670905,
    "p25": 0.000853906,
    "p50": 0.001067908,
    "p75": 0.001401111,
    "p90": 0.002042815,
    "p95": 0.002372618,
    "p99": 0.002960322
  },
  "rps": {
    "mean": 40965.022066052625,
    "stddev": 9942.330419599011,
    "max": 66567.40615547186,
    "percentiles": {
      "p10": 26248.102272222775,
      "p25": 35532.83601455117,
      "p50": 41901.5105995788,
      "p75": 48014.52919653544,
      "p90": 53310.80076823554,
      "p95": 56228.26032363591,
      "p99": 58909.57869749995
    }
  },
  "details": {
    "DNSDialup": {
      "average": 0.0021102055800000003,
      "fastest": 0.0000955,
      "slowest": 0.003459126
    },
    "DNSLookup": {
      "average": 0.000011178080000000004,
      "fastest": 0.0000054,
      "slowest": 0.000053
    }
  },
  "statusCodeDistribution": {
    "200": 409677
  },
  "errorDistribution": {}
}