{
  "summary": {
    "successRate": 1,
    "total": 10.001216686,
    "slowest": 0.016396577,
    "fastest": 0.000028501,
    "average": 0.0008176734881368453,
    "requestsPerSec": 61013.37658788928,
    "totalData": 7932704,
    "sizePerRequest": 13,
    "sizePerSec": 793173.8956425607
  },
  "responseTimeHistogram": {
    "0.000028501": 1,
    "0.0016653085999999999": 602384,
    "0.0033021161999999995": 7121,
    "0.0049389238": 190,
    "0.0065757314": 42,
    "0.008212539": 65,
    "0.0098493466": 383,
    "0.0114861542": 7,
    "0.0131229618": 12,
    "0.014759769399999999": 1,
    "0.016396577": 2
  },
  "latencyPercentiles": {
    "p10": 0.000500405,
    "p25": 0.000630207,
    "p50": 0.000769408,
    "p75": 0.00091331,
    "p90": 0.001243613,
    "p95": 0.001360214,
    "p99": 0.001704718
  },
  "rps": {
    "mean": 60999.401643394085,
    "stddev": 8325.283491851751,
    "max": 77439.68859591807,
    "percentiles": {
      "p10": 51975.125697738185,
      "p25": 54310.77769325307,
      "p50": 57782.58140071164,
      "p75": 69937.05265049291,
      "p90": 72331.7681125543,
      "p95": 73181.99537948749,
      "p99": 75377.60227494259
    }
  },
  "details": {
    "DNSDialup": {
      "average": 0.00147749786,
      "fastest": 0.000074401,
      "slowest": 0.001664618
    },
    "DNSLookup": {
      "average": 0.000004286020000000001,
      "fastest": 0.0000033,
      "slowest": 0.0000314
    }
  },
  "statusCodeDistribution": {
    "200": 610208
  },
  "errorDistribution": {}
}