{
  "summary": {
    "successRate": 1,
    "total": 10.00156087,
    "slowest": 0.032684643,
    "fastest": 0.001792591,
    "average": 0.007609583924661108,
    "requestsPerSec": 6563.9754487641285,
    "totalData": 853450,
    "sizePerRequest": 13,
    "sizePerSec": 85331.68083393367
  },
  "responseTimeHistogram": {
    "0.001792591": 1,
    "0.0048817962": 256,
    "0.0079710014": 49834,
    "0.011060206599999999": 11665,
    "0.0141494118": 1864,
    "0.017238617": 1364,
    "0.020327822199999998": 385,
    "0.0234170274": 222,
    "0.0265062326": 49,
    "0.0295954378": 2,
    "0.032684643": 8
  },
  "latencyPercentiles": {
    "p10": 0.006389968,
    "p25": 0.006435068,
    "p50": 0.006519567,
    "p75": 0.007791462,
    "p90": 0.01033385,
    "p95": 0.011712341,
    "p99": 0.017288013
  },
  "rps": {
    "mean": 6872.846365609111,
    "stddev": 6142.617199654803,
    "max": 147058.823529985,
    "percentiles": {
      "p10": 4536.952571302633,
      "p25": 5942.3391665615945,
      "p50": 7206.738300310318,
      "p75": 7710.257947466435,
      "p90": 8160.362786414168,
      "p95": 8235.453627867726,
      "p99": 8325.098506978653
    }
  },
  "details": {
    "DNSDialup": {
      "average": 0.00135507152,
      "fastest": 0.000059,
      "slowest": 0.004053181
    },
    "DNSLookup": {
      "average": 0.000004320000000000001,
      "fastest": 0.000003,
      "slowest": 0.0000333
    }
  },
  "statusCodeDistribution": {
    "200": 65650
  },
  "errorDistribution": {}
}