{
  "summary": {
    "successRate": 1,
    "total": 10.001601498,
    "slowest": 0.031622368,
    "fastest": 0.00173632,
    "average": 0.008746379550044559,
    "requestsPerSec": 5710.985386832496,
    "totalData": 742547,
    "sizePerRequest": 13,
    "sizePerSec": 74242.81002882245
  },
  "responseTimeHistogram": {
    "0.00173632": 1,
    "0.0047249248": 323,
    "0.0077135295999999996": 33511,
    "0.0107021344": 13470,
    "0.0136907392": 7115,
    "0.016679344": 1029,
    "0.0196679488": 1103,
    "0.0226565536": 404,
    "0.0256451584": 108,
    "0.0286337632": 39,
    "0.031622368": 16
  },
  "latencyPercentiles": {
    "p10": 0.007253362,
    "p25": 0.007324562,
    "p50": 0.007529364,
    "p75": 0.008998677,
    "p90": 0.012033938,
    "p95": 0.013484556,
    "p99": 0.019658829
  },
  "rps": {
    "mean": 5918.246146969678,
    "stddev": 4398.107826786549,
    "max": 139163.6266041398,
    "percentiles": {
      "p10": 3411.9472745766543,
      "p25": 5614.572788808124,
      "p50": 6324.847162076176,
      "p75": 6751.330681457476,
      "p90": 7080.064914080846,
      "p95": 7155.0113044144,
      "p99": 8157.486095855925
    }
  },
  "details": {
    "DNSDialup": {
      "average": 0.0014129824400000003,
      "fastest": 0.000071101,
      "slowest": 0.001559418
    },
    "DNSLookup": {
      "average": 0.000004344060000000001,
      "fastest": 0.0000033,
      "slowest": 0.000035601
    }
  },
  "statusCodeDistribution": {
    "200": 57119
  },
  "errorDistribution": {}
}