{
  "summary": {
    "successRate": 1,
    "total": 10.001543937,
    "slowest": 0.034664109,
    "fastest": 0.001936329,
    "average": 0.008643057918827813,
    "requestsPerSec": 5779.407695862028,
    "totalData": 751439,
    "sizePerRequest": 13,
    "sizePerSec": 75132.30004620636
  },
  "responseTimeHistogram": {
    "0.001936329": 1,
    "0.005209106999999999": 134,
    "0.008481885": 42331,
    "0.011754662999999999": 7612,
    "0.015027440999999999": 5372,
    "0.018300219": 799,
    "0.021572996999999997": 849,
    "0.024845774999999997": 510,
    "0.028118552999999998": 109,
    "0.031391330999999995": 62,
    "0.034664109": 24
  },
  "latencyPercentiles": {
    "p10": 0.007133305,
    "p25": 0.007206706,
    "p50": 0.007385408,
    "p75": 0.008613726,
    "p90": 0.012059777,
    "p95": 0.013875204,
    "p99": 0.022523231
  },
  "rps": {
    "mean": 5906.01240433343,
    "stddev": 1725.9091733891007,
    "max": 8550.015145740545,
    "percentiles": {
      "p10": 3331.164375195552,
      "p25": 5795.067632495905,
      "p50": 6522.799139833457,
      "p75": 6913.9336504857565,
      "p90": 7225.61770501073,
      "p95": 7321.8951580924295,
      "p99": 8221.685884095572
    }
  },
  "details": {
    "DNSDialup": {
      "average": 0.0014269170000000004,
      "fastest": 0.000066901,
      "slowest": 0.003088645
    },
    "DNSLookup": {
      "average": 0.000004638060000000001,
      "fastest": 0.0000033,
      "slowest": 0.0000377
    }
  },
  "statusCodeDistribution": {
    "200": 57803
  },
  "errorDistribution": {}
}