{
  "summary": {
    "successRate": 1,
    "total": 10.002156883,
    "slowest": 0.050109097,
    "fastest": 0.001472299,
    "average": 0.013278500773544323,
    "requestsPerSec": 3760.1889712331163,
    "totalData": 488930,
    "sizePerRequest": 13,
    "sizePerSec": 48882.45662603051
  },
  "responseTimeHistogram": {
    "0.001472299": 1,
    "0.006335978799999999": 251,
    "0.011199658599999999": 11575,
    "0.0160633384": 18815,
    "0.020927018199999998": 4725,
    "0.025790697999999997": 1557,
    "0.030654377799999997": 391,
    "0.0355180576": 203,
    "0.0403817374": 69,
    "0.0452454172": 17,
    "0.050109097": 6
  },
  "latencyPercentiles": {
    "p10": 0.010854699,
    "p25": 0.011095499,
    "p50": 0.0115383,
    "p75": 0.014219299,
    "p90": 0.018353199,
    "p95": 0.021693598,
    "p99": 0.028908498
  },
  "rps": {
    "mean": 3923.6858947996207,
    "stddev": 2916.8749742519526,
    "max": 90156.3937440979,
    "percentiles": {
      "p10": 1928.1120667442833,
      "p25": 3714.1885717629734,
      "p50": 4224.205117745098,
      "p75": 4435.7074449318625,
      "p90": 4801.356638641623,
      "p95": 4987.58700429896,
      "p99": 5378.311507069485
    }
  },
  "details": {
    "DNSDialup": {
      "average": 0.0021607339999999992,
      "fastest": 0.0000918,
      "slowest": 0.0024737
    },
    "DNSLookup": {
      "average": 0.000007046,
      "fastest": 0.0000059,
      "slowest": 0.0000355
    }
  },
  "statusCodeDistribution": {
    "200": 37610
  },
  "errorDistribution": {}
}