{
  "summary": {
    "successRate": 1,
    "total": 10.001607123,
    "slowest": 0.032084372,
    "fastest": 0.001587763,
    "average": 0.008907909468071861,
    "requestsPerSec": 5606.998886312884,
    "totalData": 729027,
    "sizePerRequest": 13,
    "sizePerSec": 72890.98552206748
  },
  "responseTimeHistogram": {
    "0.001587763": 1,
    "0.0046374239": 315,
    "0.0076870848": 29203,
    "0.0107367457": 16794,
    "0.0137864066": 6720,
    "0.0168360675": 1197,
    "0.019885728399999997": 1027,
    "0.022935389299999998": 495,
    "0.0259850502": 256,
    "0.0290347111": 58,
    "0.032084372": 13
  },
  "latencyPercentiles": {
    "p10": 0.007298289,
    "p25": 0.00740179,
    "p50": 0.007637903,
    "p75": 0.008876852,
    "p90": 0.012591099,
    "p95": 0.014176457,
    "p99": 0.021530254
  },
  "rps": {
    "mean": 5725.882638577174,
    "stddev": 1691.9745158845512,
    "max": 8488.630251471353,
    "percentiles": {
      "p10": 3025.019024848819,
      "p25": 5667.703226612308,
      "p50": 6247.681823159676,
      "p75": 6719.894246917949,
      "p90": 7038.716459887839,
      "p95": 7139.1266977797395,
      "p99": 8020.378176871212
    }
  },
  "details": {
    "DNSDialup": {
      "average": 0.0015762424999999998,
      "fastest": 0.000078103,
      "slowest": 0.003178826
    },
    "DNSLookup": {
      "average": 0.00000549624,
      "fastest": 0.0000038,
      "slowest": 0.000037202
    }
  },
  "statusCodeDistribution": {
    "200": 56079
  },
  "errorDistribution": {}
}