{
  "summary": {
    "successRate": 1,
    "total": 10.001401702,
    "slowest": 0.029046358,
    "fastest": 0.001597898,
    "average": 0.007633584875656998,
    "requestsPerSec": 6543.882742647186,
    "totalData": 850824,
    "sizePerRequest": 13,
    "sizePerSec": 85070.47565441341
  },
  "responseTimeHistogram": {
    "0.001597898": 1,
    "0.004342744": 288,
    "0.0070875899999999995": 43739,
    "0.009832436": 11124,
    "0.012577282": 7717,
    "0.015322128": 737,
    "0.018066974": 1148,
    "0.02081182": 416,
    "0.023556666": 216,
    "0.026301512": 43,
    "0.029046358": 19
  },
  "latencyPercentiles": {
    "p10": 0.006410091,
    "p25": 0.006447191,
    "p50": 0.006520991,
    "p75": 0.007717789,
    "p90": 0.010472985,
    "p95": 0.011624683,
    "p99": 0.018356373
  },
  "rps": {
    "mean": 6623.143947488837,
    "stddev": 1744.0073999938259,
    "max": 9357.955848124284,
    "percentiles": {
      "p10": 4425.49750386854,
      "p25": 6096.306028710033,
      "p50": 7265.189926479757,
      "p75": 7685.473221889682,
      "p90": 8003.878105468474,
      "p95": 8209.181435839226,
      "p99": 8424.19006176179
    }
  },
  "details": {
    "DNSDialup": {
      "average": 0.0007167010399999999,
      "fastest": 0.00004,
      "slowest": 0.001032998
    },
    "DNSLookup": {
      "average": 0.000004388,
      "fastest": 0.0000028,
      "slowest": 0.0000359
    }
  },
  "statusCodeDistribution": {
    "200": 65448
  },
  "errorDistribution": {}
}