{
  "summary": {
    "successRate": 1,
    "total": 10.001329304,
    "slowest": 0.036409766,
    "fastest": 0.00178597,
    "average": 0.00985305976946147,
    "requestsPerSec": 5068.326265362215,
    "totalData": 658970,
    "sizePerRequest": 13,
    "sizePerSec": 65888.24144970879
  },
  "responseTimeHistogram": {
    "0.00178597": 1,
    "0.0052483496000000004": 264,
    "0.008710729200000001": 30586,
    "0.0121731088": 11197,
    "0.0156354884": 5621,
    "0.019097868000000004": 1399,
    "0.022560247600000003": 903,
    "0.026022627200000006": 468,
    "0.029485006800000005": 197,
    "0.0329473864": 41,
    "0.036409766": 13
  },
  "latencyPercentiles": {
    "p10": 0.007951658,
    "p25": 0.008188679,
    "p50": 0.008460206,
    "p75": 0.009855639,
    "p90": 0.013838818,
    "p95": 0.016717993,
    "p99": 0.023961381
  },
  "rps": {
    "mean": 5187.326695154108,
    "stddev": 1574.8511443566981,
    "max": 9820.755021670768,
    "percentiles": {
      "p10": 2613.8145325674777,
      "p25": 5142.8165189283645,
      "p50": 5710.420947186657,
      "p75": 6106.996259148958,
      "p90": 6343.567622431019,
      "p95": 6561.91627338091,
      "p99": 7054.712825316782
    }
  },
  "details": {
    "DNSDialup": {
      "average": 0.0015530239,
      "fastest": 0.000070607,
      "slowest": 0.001669859
    },
    "DNSLookup": {
      "average": 0.0000049505,
      "fastest": 0.0000033,
      "slowest": 0.000060806
    }
  },
  "statusCodeDistribution": {
    "200": 50690
  },
  "errorDistribution": {}
}