{
  "summary": {
    "successRate": 1,
    "total": 10.00154284,
    "slowest": 0.03078275,
    "fastest": 0.001621197,
    "average": 0.007470783226706494,
    "requestsPerSec": 6686.468384911702,
    "totalData": 869375,
    "sizePerRequest": 13,
    "sizePerSec": 86924.08900385212
  },
  "responseTimeHistogram": {
    "0.001621197": 1,
    "0.0045373523": 217,
    "0.007453507599999999": 47552,
    "0.010369662899999998": 13296,
    "0.013285818199999999": 3490,
    "0.0162019735": 1320,
    "0.0191181288": 504,
    "0.0220342841": 389,
    "0.0249504394": 84,
    "0.0278665947": 13,
    "0.03078275": 9
  },
  "latencyPercentiles": {
    "p10": 0.006173489,
    "p25": 0.006214789,
    "p50": 0.00647689,
    "p75": 0.007692386,
    "p90": 0.010029982,
    "p95": 0.01208678,
    "p99": 0.018079668
  },
  "rps": {
    "mean": 6752.407047425755,
    "stddev": 1835.0737686471712,
    "max": 9831.005023643327,
    "percentiles": {
      "p10": 4632.668186249145,
      "p25": 6214.742213735889,
      "p50": 7415.288099474598,
      "p75": 7914.077180612925,
      "p90": 8200.587162041487,
      "p95": 8375.777955481493,
      "p99": 9008.125329048016
    }
  },
  "details": {
    "DNSDialup": {
      "average": 0.0012651639599999998,
      "fastest": 0.000062399,
      "slowest": 0.001433797
    },
    "DNSLookup": {
      "average": 0.00000399998,
      "fastest": 0.000003,
      "slowest": 0.0000337
    }
  },
  "statusCodeDistribution": {
    "200": 66875
  },
  "errorDistribution": {}
}