{
  "summary": {
    "successRate": 1,
    "total": 10.001442732,
    "slowest": 0.032479376,
    "fastest": 0.001711015,
    "average": 0.008861406521265583,
    "requestsPerSec": 5637.38667618459,
    "totalData": 732966,
    "sizePerRequest": 13,
    "sizePerSec": 73286.02679039967
  },
  "responseTimeHistogram": {
    "0.001711015": 1,
    "0.0047878511": 287,
    "0.0078646872": 36814,
    "0.010941523299999999": 9755,
    "0.0140183594": 6308,
    "0.0170951955": 1348,
    "0.020172031599999998": 970,
    "0.0232488677": 481,
    "0.0263257038": 345,
    "0.0294025399": 57,
    "0.032479376000000004": 16
  },
  "latencyPercentiles": {
    "p10": 0.007267962,
    "p25": 0.007349162,
    "p50": 0.007545165,
    "p75": 0.008784975,
    "p90": 0.012591907,
    "p95": 0.014783126,
    "p99": 0.022249189
  },
  "rps": {
    "mean": 5985.204645296101,
    "stddev": 5699.951184423261,
    "max": 137298.20024935834,
    "percentiles": {
      "p10": 3002.195806012409,
      "p25": 5667.164972386678,
      "p50": 6347.488736985651,
      "p75": 6800.145523113697,
      "p90": 7106.406425392525,
      "p95": 7182.248233874559,
      "p99": 8192.79112212757
    }
  },
  "details": {
    "DNSDialup": {
      "average": 0.0016452059799999996,
      "fastest": 0.0000792,
      "slowest": 0.003296228
    },
    "DNSLookup": {
      "average": 0.00000549202,
      "fastest": 0.0000039,
      "slowest": 0.0000399
    }
  },
  "statusCodeDistribution": {
    "200": 56382
  },
  "errorDistribution": {}
}