{
  "summary": {
    "successRate": 1,
    "total": 10.001502695,
    "slowest": 0.031078647,
    "fastest": 0.001171194,
    "average": 0.0072632390274586425,
    "requestsPerSec": 6874.766932210481,
    "totalData": 893854,
    "sizePerRequest": 13,
    "sizePerSec": 89371.97011873625
  },
  "responseTimeHistogram": {
    "0.001171194": 1,
    "0.0041619393000000005": 59,
    "0.0071526846000000005": 52795,
    "0.0101434299": 9223,
    "0.0131341752": 4269,
    "0.0161249205": 1249,
    "0.0191156658": 935,
    "0.0221064111": 191,
    "0.0250971564": 16,
    "0.0280879017": 10,
    "0.031078647": 10
  },
  "latencyPercentiles": {
    "p10": 0.006189769,
    "p25": 0.006225069,
    "p50": 0.006282369,
    "p75": 0.006582667,
    "p90": 0.010123648,
    "p95": 0.011000946,
    "p99": 0.016548319
  },
  "rps": {
    "mean": 6944.577142879501,
    "stddev": 1857.8479502670982,
    "max": 9992.27818946527,
    "percentiles": {
      "p10": 4649.118400816637,
      "p25": 6839.9789932174235,
      "p50": 7742.3895829657795,
      "p75": 7959.821335525871,
      "p90": 8150.73752602517,
      "p95": 8320.465303370564,
      "p99": 9717.039800994029
    }
  },
  "details": {
    "DNSDialup": {
      "average": 0.00129232564,
      "fastest": 0.000094999,
      "slowest": 0.001463293
    },
    "DNSLookup": {
      "average": 0.00000395596,
      "fastest": 0.000003,
      "slowest": 0.0000328
    }
  },
  "statusCodeDistribution": {
    "200": 68758
  },
  "errorDistribution": {}
}