{
  "summary": {
    "successRate": 1,
    "total": 10.002068947,
    "slowest": 0.048169153,
    "fastest": 0.003666427,
    "average": 0.014295592926369107,
    "requestsPerSec": 3492.3774456161027,
    "totalData": 454103,
    "sizePerRequest": 13,
    "sizePerSec": 45400.90679300934
  },
  "responseTimeHistogram": {
    "0.003666427": 1,
    "0.008116699599999999": 446,
    "0.0125669722": 16656,
    "0.0170172448": 11109,
    "0.0214675174": 4334,
    "0.02591779": 1230,
    "0.030368062600000002": 769,
    "0.0348183352": 280,
    "0.0392686078": 57,
    "0.0437188804": 43,
    "0.048169153": 6
  },
  "latencyPercentiles": {
    "p10": 0.011549095,
    "p25": 0.011874187,
    "p50": 0.012623304,
    "p75": 0.015249311,
    "p90": 0.019471761,
    "p95": 0.02311887,
    "p99": 0.030777926
  },
  "rps": {
    "mean": 3566.1126039689893,
    "stddev": 1082.3790795057275,
    "max": 5320.8753904185005,
    "percentiles": {
      "p10": 1855.9424055218874,
      "p25": 3355.165292218146,
      "p50": 3908.4915888259447,
      "p75": 4173.974515544022,
      "p90": 4516.380471346955,
      "p95": 4681.509131283917,
      "p99": 4968.828529956303
    }
  },
  "details": {
    "DNSDialup": {
      "average": 0.00908034462,
      "fastest": 0.0000898,
      "slowest": 0.01225769
    },
    "DNSLookup": {
      "average": 0.0000076001,
      "fastest": 0.0000056,
      "slowest": 0.000037301
    }
  },
  "statusCodeDistribution": {
    "200": 34931
  },
  "errorDistribution": {}
}