{
  "summary": {
    "successRate": 1,
    "total": 10.001408169,
    "slowest": 0.033832594,
    "fastest": 0.001765515,
    "average": 0.008683186436582736,
    "requestsPerSec": 5749.990304190334,
    "totalData": 747604,
    "sizePerRequest": 13,
    "sizePerSec": 74749.87395447434
  },
  "responseTimeHistogram": {
    "0.001765515": 1,
    "0.0049722229": 349,
    "0.0081789308": 37987,
    "0.0113856387": 10904,
    "0.0145923466": 5647,
    "0.017799054499999998": 886,
    "0.0210057624": 1167,
    "0.024212470299999997": 468,
    "0.027419178199999998": 76,
    "0.0306258861": 13,
    "0.033832594": 10
  },
  "latencyPercentiles": {
    "p10": 0.007185562,
    "p25": 0.007254963,
    "p50": 0.007451865,
    "p75": 0.008857077,
    "p90": 0.011986905,
    "p95": 0.013877021,
    "p99": 0.020965683
  },
  "rps": {
    "mean": 5996.889148382463,
    "stddev": 4716.748143788717,
    "max": 147953.45558364454,
    "percentiles": {
      "p10": 3407.8769668209525,
      "p25": 5710.450249586634,
      "p50": 6426.808144814529,
      "p75": 6827.940879486234,
      "p90": 7162.265507961894,
      "p95": 7248.647850317716,
      "p99": 8344.00670858173
    }
  },
  "details": {
    "DNSDialup": {
      "average": 0.0015246312800000002,
      "fastest": 0.000072101,
      "slowest": 0.003050026
    },
    "DNSLookup": {
      "average": 0.000005370039999999999,
      "fastest": 0.0000038,
      "slowest": 0.000036701
    }
  },
  "statusCodeDistribution": {
    "200": 57508
  },
  "errorDistribution": {}
}