{
  "summary": {
    "successRate": 1,
    "total": 10.002000931,
    "slowest": 0.042821602,
    "fastest": 0.002025714,
    "average": 0.01313821162406942,
    "requestsPerSec": 3800.7394982515025,
    "totalData": 494195,
    "sizePerRequest": 13,
    "sizePerSec": 49409.61347726954
  },
  "responseTimeHistogram": {
    "0.002025714": 1,
    "0.0061053028": 171,
    "0.0101848916": 909,
    "0.014264480400000001": 28674,
    "0.018344069200000004": 4993,
    "0.022423658000000003": 1653,
    "0.026503246800000005": 763,
    "0.030582835600000007": 470,
    "0.0346624244": 276,
    "0.0387420132": 86,
    "0.042821602": 19
  },
  "latencyPercentiles": {
    "p10": 0.010735676,
    "p25": 0.011010175,
    "p50": 0.011473881,
    "p75": 0.013469195,
    "p90": 0.017803722,
    "p95": 0.021582052,
    "p99": 0.03062801
  },
  "rps": {
    "mean": 4004.368970981669,
    "stddev": 3266.723146077406,
    "max": 102827.10265365185,
    "percentiles": {
      "p10": 2099.414630715888,
      "p25": 3718.7516398661305,
      "p50": 4255.677884903852,
      "p75": 4511.064055158846,
      "p90": 4893.374955388006,
      "p95": 5069.970137875642,
      "p99": 5535.017286865275
    }
  },
  "details": {
    "DNSDialup": {
      "average": 0.00220987954,
      "fastest": 0.000103001,
      "slowest": 0.002714019
    },
    "DNSLookup": {
      "average": 0.00000883802,
      "fastest": 0.0000061,
      "slowest": 0.0000421
    }
  },
  "statusCodeDistribution": {
    "200": 38015
  },
  "errorDistribution": {}
}