{
  "summary": {
    "successRate": 1,
    "total": 10.001628525,
    "slowest": 0.031002837,
    "fastest": 0.001647496,
    "average": 0.0076308217973885505,
    "requestsPerSec": 6546.933815460819,
    "totalData": 851240,
    "sizePerRequest": 13,
    "sizePerSec": 85110.13960099063
  },
  "responseTimeHistogram": {
    "0.001647496": 1,
    "0.0045830301": 151,
    "0.0075185642": 46762,
    "0.0104540983": 10512,
    "0.0133896324": 5618,
    "0.016325166500000002": 673,
    "0.0192607006": 1286,
    "0.022196234699999998": 377,
    "0.025131768800000003": 78,
    "0.0280673029": 13,
    "0.031002837": 9
  },
  "latencyPercentiles": {
    "p10": 0.00633869,
    "p25": 0.006385987,
    "p50": 0.006476389,
    "p75": 0.007695384,
    "p90": 0.010594978,
    "p95": 0.012055376,
    "p99": 0.018376362
  },
  "rps": {
    "mean": 6617.0736768735815,
    "stddev": 1811.6906768952342,
    "max": 9595.219661564506,
    "percentiles": {
      "p10": 4231.744857220373,
      "p25": 5858.242648410502,
      "p50": 7258.957250790587,
      "p75": 7730.783981815601,
      "p90": 8147.56876548031,
      "p95": 8303.366041077967,
      "p99": 8407.05709390103
    }
  },
  "details": {
    "DNSDialup": {
      "average": 0.0013241153199999996,
      "fastest": 0.0000767,
      "slowest": 0.001501997
    },
    "DNSLookup": {
      "average": 0.000005085979999999998,
      "fastest": 0.0000031,
      "slowest": 0.0000534
    }
  },
  "statusCodeDistribution": {
    "200": 65480
  },
  "errorDistribution": {}
}