{
  "summary": {
    "successRate": 1,
    "total": 10.001295505,
    "slowest": 0.031368006,
    "fastest": 0.0017052,
    "average": 0.007688618466112233,
    "requestsPerSec": 6492.6588727967,
    "totalData": 844155,
    "sizePerRequest": 13,
    "sizePerSec": 84404.56534635709
  },
  "responseTimeHistogram": {
    "0.0017052": 1,
    "0.0046714806": 155,
    "0.007637761199999999": 46786,
    "0.0106040418": 12524,
    "0.0135703224": 3116,
    "0.016536602999999997": 1319,
    "0.0195028836": 681,
    "0.0224691642": 280,
    "0.0254354448": 50,
    "0.028401725399999998": 13,
    "0.031368006": 10
  },
  "latencyPercentiles": {
    "p10": 0.006383802,
    "p25": 0.006424701,
    "p50": 0.006613902,
    "p75": 0.007818002,
    "p90": 0.010377002,
    "p95": 0.012679603,
    "p99": 0.017709303
  },
  "rps": {
    "mean": 6577.974604883019,
    "stddev": 1808.588256166019,
    "max": 9688.875842798394,
    "percentiles": {
      "p10": 4520.931006373303,
      "p25": 6039.982874635211,
      "p50": 7150.768309768951,
      "p75": 7660.395120823165,
      "p90": 8171.08682112625,
      "p95": 8268.228103876989,
      "p99": 8417.506941374391
    }
  },
  "details": {
    "DNSDialup": {
      "average": 0.001301178,
      "fastest": 0.000063,
      "slowest": 0.0014291
    },
    "DNSLookup": {
      "average": 0.000003989999999999998,
      "fastest": 0.0000029,
      "slowest": 0.0000343
    }
  },
  "statusCodeDistribution": {
    "200": 64935
  },
  "errorDistribution": {}
}