{
  "summary": {
    "successRate": 1,
    "total": 10.001508925,
    "slowest": 0.032463131,
    "fastest": 0.001695628,
    "average": 0.008544759001214642,
    "requestsPerSec": 5844.918045703789,
    "totalData": 759954,
    "sizePerRequest": 13,
    "sizePerSec": 75983.93459414925
  },
  "responseTimeHistogram": {
    "0.001695628": 1,
    "0.0047723782999999995": 80,
    "0.0078491286": 45011,
    "0.010925878899999998": 4159,
    "0.014002629199999998": 6912,
    "0.0170793795": 548,
    "0.0201561298": 1520,
    "0.0232328801": 64,
    "0.0263096304": 133,
    "0.0293863807": 19,
    "0.032463131": 11
  },
  "latencyPercentiles": {
    "p10": 0.007312218,
    "p25": 0.007376019,
    "p50": 0.007456222,
    "p75": 0.007709324,
    "p90": 0.012099296,
    "p95": 0.012795407,
    "p99": 0.019364113
  },
  "rps": {
    "mean": 5930.249426367864,
    "stddev": 1584.508083446936,
    "max": 8467.589531287864,
    "percentiles": {
      "p10": 3500.8528077439614,
      "p25": 6009.036388921735,
      "p50": 6467.481704100604,
      "p75": 6859.49929690053,
      "p90": 7058.543560288856,
      "p95": 7121.17767027372,
      "p99": 8141.535713456353
    }
  },
  "details": {
    "DNSDialup": {
      "average": 0.0014735941000000002,
      "fastest": 0.000076502,
      "slowest": 0.003138551
    },
    "DNSLookup": {
      "average": 0.000004460099999999999,
      "fastest": 0.0000033,
      "slowest": 0.0000335
    }
  },
  "statusCodeDistribution": {
    "200": 58458
  },
  "errorDistribution": {}
}