{
  "summary": {
    "successRate": 1,
    "total": 10.001446304,
    "slowest": 0.036084561,
    "fastest": 0.001676231,
    "average": 0.008569632404384627,
    "requestsPerSec": 5828.756984545822,
    "totalData": 757848,
    "sizePerRequest": 13,
    "sizePerSec": 75773.84079909569
  },
  "responseTimeHistogram": {
    "0.001676231": 1,
    "0.005117064": 195,
    "0.008557897": 44319,
    "0.011998729999999999": 7691,
    "0.015439563": 3677,
    "0.018880396": 1267,
    "0.022321228999999998": 975,
    "0.025762062": 136,
    "0.029202895": 13,
    "0.032643728": 12,
    "0.036084561": 10
  },
  "latencyPercentiles": {
    "p10": 0.007044629,
    "p25": 0.007142531,
    "p50": 0.007407335,
    "p75": 0.008355253,
    "p90": 0.012055221,
    "p95": 0.014577767,
    "p99": 0.019586359
  },
  "rps": {
    "mean": 5929.964162061472,
    "stddev": 1774.8440613623725,
    "max": 11735.066298382792,
    "percentiles": {
      "p10": 3239.823587555893,
      "p25": 5866.419009382286,
      "p50": 6552.3651921426035,
      "p75": 6936.14982566164,
      "p90": 7277.519408992499,
      "p95": 7421.129625799238,
      "p99": 8458.818243382748
    }
  },
  "details": {
    "DNSDialup": {
      "average": 0.0014454424799999997,
      "fastest": 0.000068501,
      "slowest": 0.001675131
    },
    "DNSLookup": {
      "average": 0.000004590060000000001,
      "fastest": 0.0000033,
      "slowest": 0.000033701
    }
  },
  "statusCodeDistribution": {
    "200": 58296
  },
  "errorDistribution": {}
}