{
  "summary": {
    "successRate": 1,
    "total": 10.001705027,
    "slowest": 0.034289355,
    "fastest": 0.001903619,
    "average": 0.008508705921744361,
    "requestsPerSec": 5869.499234532865,
    "totalData": 763165,
    "sizePerRequest": 13,
    "sizePerSec": 76303.49004892724
  },
  "responseTimeHistogram": {
    "0.001903619": 1,
    "0.0051421926": 74,
    "0.0083807662": 46411,
    "0.011619339800000001": 4312,
    "0.0148579134": 5838,
    "0.018096486999999998": 394,
    "0.0213350606": 1391,
    "0.0245736342": 242,
    "0.0278122078": 30,
    "0.031050781399999998": 10,
    "0.034289355": 2
  },
  "latencyPercentiles": {
    "p10": 0.007224775,
    "p25": 0.007304075,
    "p50": 0.007408375,
    "p75": 0.007684478,
    "p90": 0.012116426,
    "p95": 0.01284913,
    "p99": 0.019978402
  },
  "rps": {
    "mean": 5973.329825221225,
    "stddev": 1642.6210098773117,
    "max": 9722.16556527238,
    "percentiles": {
      "p10": 3417.5659472122084,
      "p25": 6061.15523800492,
      "p50": 6514.265590216184,
      "p75": 6927.391282991161,
      "p90": 7148.4658838460255,
      "p95": 7240.537382486523,
      "p99": 8372.454624284144
    }
  },
  "details": {
    "DNSDialup": {
      "average": 0.0016176967399999995,
      "fastest": 0.000125001,
      "slowest": 0.003345035
    },
    "DNSLookup": {
      "average": 0.00006431466,
      "fastest": 0.0000038,
      "slowest": 0.00295363
    }
  },
  "statusCodeDistribution": {
    "200": 58705
  },
  "errorDistribution": {}
}