{
  "summary": {
    "successRate": 1,
    "total": 10.001723693,
    "slowest": 0.033511256,
    "fastest": 0.001930221,
    "average": 0.008937264503748559,
    "requestsPerSec": 5587.936811243401,
    "totalData": 726557,
    "sizePerRequest": 13,
    "sizePerSec": 72643.17854616421
  },
  "responseTimeHistogram": {
    "0.001930221": 1,
    "0.0050883245": 165,
    "0.008246428": 39398,
    "0.011404531499999999": 7270,
    "0.014562634999999999": 6237,
    "0.0177207385": 1062,
    "0.020878841999999998": 764,
    "0.0240369455": 488,
    "0.027195049": 401,
    "0.030353152499999998": 86,
    "0.033511256": 17
  },
  "latencyPercentiles": {
    "p10": 0.007297181,
    "p25": 0.007397682,
    "p50": 0.007622985,
    "p75": 0.008663196,
    "p90": 0.012775373,
    "p95": 0.014578798,
    "p99": 0.02372392
  },
  "rps": {
    "mean": 5736.3264726422085,
    "stddev": 1746.8849500122326,
    "max": 10240.104344655436,
    "percentiles": {
      "p10": 2824.7923550625223,
      "p25": 5739.121294214348,
      "p50": 6337.050197685098,
      "p75": 6716.381253878418,
      "p90": 7067.772874089709,
      "p95": 7182.722719813713,
      "p99": 8235.451560103305
    }
  },
  "details": {
    "DNSDialup": {
      "average": 0.0016773407599999998,
      "fastest": 0.000081101,
      "slowest": 0.003600349
    },
    "DNSLookup": {
      "average": 0.0000054440399999999984,
      "fastest": 0.0000041,
      "slowest": 0.0000394
    }
  },
  "statusCodeDistribution": {
    "200": 55889
  },
  "errorDistribution": {}
}