{
  "summary": {
    "successRate": 1,
    "total": 10.00205333,
    "slowest": 0.046514475,
    "fastest": 0.00236722,
    "average": 0.013720333564230726,
    "requestsPerSec": 3639.252741316867,
    "totalData": 473200,
    "sizePerRequest": 13,
    "sizePerSec": 47310.28563711927
  },
  "responseTimeHistogram": {
    "0.00236722": 1,
    "0.006781945499999999": 230,
    "0.011196670999999998": 5712,
    "0.015611396499999998": 22555,
    "0.020026121999999997": 5344,
    "0.024440847499999998": 1202,
    "0.028855572999999995": 904,
    "0.033270298499999996": 269,
    "0.037685024": 158,
    "0.0420997495": 17,
    "0.046514475": 8
  },
  "latencyPercentiles": {
    "p10": 0.010974291,
    "p25": 0.011400417,
    "p50": 0.0120175,
    "p75": 0.01441452,
    "p90": 0.018739256,
    "p95": 0.021766222,
    "p99": 0.029633247
  },
  "rps": {
    "mean": 3721.0144675619376,
    "stddev": 1143.1829915415526,
    "max": 6521.388851153792,
    "percentiles": {
      "p10": 1908.4159233805817,
      "p25": 3525.417910593563,
      "p50": 4059.8494892000017,
      "p75": 4362.47013610198,
      "p90": 4723.961230450535,
      "p95": 4937.999488468164,
      "p99": 5224.310305860515
    }
  },
  "details": {
    "DNSDialup": {
      "average": 0.0011474577399999998,
      "fastest": 0.000086001,
      "slowest": 0.001485815
    },
    "DNSLookup": {
      "average": 0.000006534080000000001,
      "fastest": 0.0000049,
      "slowest": 0.000034101
    }
  },
  "statusCodeDistribution": {
    "200": 36400
  },
  "errorDistribution": {}
}