{
  "summary": {
    "successRate": 1,
    "total": 10.003617208,
    "slowest": 0.031000243,
    "fastest": 0.001658102,
    "average": 0.007817383242368716,
    "requestsPerSec": 6389.1888974806525,
    "totalData": 830895,
    "sizePerRequest": 13,
    "sizePerSec": 83059.45566724848
  },
  "responseTimeHistogram": {
    "0.001658102": 1,
    "0.0045923160999999995": 159,
    "0.007526530199999999": 45109,
    "0.0104607443": 11363,
    "0.013394958399999999": 4699,
    "0.0163291725": 733,
    "0.0192633866": 1103,
    "0.0221976007": 426,
    "0.0251318148": 245,
    "0.028066028899999998": 63,
    "0.031000242999999997": 14
  },
  "latencyPercentiles": {
    "p10": 0.006464407,
    "p25": 0.006519407,
    "p50": 0.00674881,
    "p75": 0.007752008,
    "p90": 0.010574212,
    "p95": 0.012665418,
    "p99": 0.020235023
  },
  "rps": {
    "mean": 6479.2526454476,
    "stddev": 1805.499887485469,
    "max": 11089.564191527148,
    "percentiles": {
      "p10": 4208.959190532945,
      "p25": 6134.715742917554,
      "p50": 7146.803702769079,
      "p75": 7531.5103432912565,
      "p90": 7854.103779294031,
      "p95": 8094.96863006922,
      "p99": 8285.745869707047
    }
  },
  "details": {
    "DNSDialup": {
      "average": 0.0012647258600000002,
      "fastest": 0.0000616,
      "slowest": 0.002728004
    },
    "DNSLookup": {
      "average": 0.000004084,
      "fastest": 0.0000029,
      "slowest": 0.0000315
    }
  },
  "statusCodeDistribution": {
    "200": 63915
  },
  "errorDistribution": {}
}