{
  "summary": {
    "successRate": 1,
    "total": 10.001751025,
    "slowest": 0.042017892,
    "fastest": 0.001281209,
    "average": 0.012688241534032961,
    "requestsPerSec": 3935.2109347273017,
    "totalData": 511667,
    "sizePerRequest": 13,
    "sizePerSec": 51157.74215145492
  },
  "responseTimeHistogram": {
    "0.001281209": 1,
    "0.005354877300000001": 202,
    "0.009428545600000001": 1221,
    "0.013502213900000002": 28333,
    "0.0175758822": 5807,
    "0.0216495505": 2146,
    "0.025723218800000003": 868,
    "0.029796887100000002": 540,
    "0.0338705554": 212,
    "0.0379442237": 19,
    "0.042017892": 10
  },
  "latencyPercentiles": {
    "p10": 0.009921769,
    "p25": 0.010494573,
    "p50": 0.011371379,
    "p75": 0.013391793,
    "p90": 0.017487821,
    "p95": 0.02025124,
    "p99": 0.027666292
  },
  "rps": {
    "mean": 4030.776775431546,
    "stddev": 1248.5993859505609,
    "max": 10719.436424181722,
    "percentiles": {
      "p10": 2111.365480380683,
      "p25": 3789.32655269206,
      "p50": 4342.614510452469,
      "p75": 4714.534911131135,
      "p90": 5053.752067976758,
      "p95": 5266.708710837513,
      "p99": 6117.411478504733
    }
  },
  "details": {
    "DNSDialup": {
      "average": 0.0011439339200000002,
      "fastest": 0.0000707,
      "slowest": 0.001510411
    },
    "DNSLookup": {
      "average": 0.0000086361,
      "fastest": 0.000004501,
      "slowest": 0.000128801
    }
  },
  "statusCodeDistribution": {
    "200": 39359
  },
  "errorDistribution": {}
}