{
  "summary": {
    "successRate": 1,
    "total": 10.001388579,
    "slowest": 0.040438468,
    "fastest": 0.002188187,
    "average": 0.007697364043152103,
    "requestsPerSec": 6490.098798510046,
    "totalData": 843830,
    "sizePerRequest": 13,
    "sizePerSec": 84371.2843806306
  },
  "responseTimeHistogram": {
    "0.002188187": 1,
    "0.0060132151": 457,
    "0.0098382432": 54365,
    "0.0136632713": 7604,
    "0.0174882994": 1572,
    "0.0213133275": 627,
    "0.025138355600000002": 206,
    "0.0289633837": 52,
    "0.0327884118": 19,
    "0.0366134399": 6,
    "0.040438468": 1
  },
  "latencyPercentiles": {
    "p10": 0.006378864,
    "p25": 0.006421864,
    "p50": 0.006609354,
    "p75": 0.007726447,
    "p90": 0.010442228,
    "p95": 0.012733713,
    "p99": 0.01910819
  },
  "rps": {
    "mean": 6569.386061106976,
    "stddev": 1844.425767171645,
    "max": 9664.240137048082,
    "percentiles": {
      "p10": 4324.109939791455,
      "p25": 6032.508542193685,
      "p50": 7148.659495453511,
      "p75": 7711.376775601372,
      "p90": 8193.977192650183,
      "p95": 8262.593702314478,
      "p99": 8344.735975847827
    }
  },
  "details": {
    "DNSDialup": {
      "average": 0.0006640914599999999,
      "fastest": 0.000041599,
      "slowest": 0.001000593
    },
    "DNSLookup": {
      "average": 0.000004356000000000001,
      "fastest": 0.0000029,
      "slowest": 0.0000335
    }
  },
  "statusCodeDistribution": {
    "200": 64910
  },
  "errorDistribution": {}
}