{
  "summary": {
    "successRate": 1,
    "total": 10.001473985,
    "slowest": 0.031032691,
    "fastest": 0.00185673,
    "average": 0.008892562189949773,
    "requestsPerSec": 5616.97206674282,
    "totalData": 730314,
    "sizePerRequest": 13,
    "sizePerSec": 73020.63686765666
  },
  "responseTimeHistogram": {
    "0.00185673": 1,
    "0.0047743261": 252,
    "0.0076919222": 31299,
    "0.010609518300000002": 14850,
    "0.013527114400000002": 6293,
    "0.0164447105": 1442,
    "0.019362306600000004": 457,
    "0.022279902700000003": 818,
    "0.025197498800000002": 668,
    "0.028115094900000002": 69,
    "0.031032691": 29
  },
  "latencyPercentiles": {
    "p10": 0.007285415,
    "p25": 0.007369417,
    "p50": 0.00759962,
    "p75": 0.008755938,
    "p90": 0.012567599,
    "p95": 0.014688432,
    "p99": 0.023040464
  },
  "rps": {
    "mean": 5757.0404301135195,
    "stddev": 1708.8493256659972,
    "max": 10105.297196790509,
    "percentiles": {
      "p10": 3001.9638847734655,
      "p25": 5722.168826467484,
      "p50": 6333.633483150602,
      "p75": 6735.254341800915,
      "p90": 7077.02921680733,
      "p95": 7165.596015605432,
      "p99": 7814.9727062080265
    }
  },
  "details": {
    "DNSDialup": {
      "average": 0.0016360798,
      "fastest": 0.000075101,
      "slowest": 0.003264952
    },
    "DNSLookup": {
      "average": 0.00000532812,
      "fastest": 0.0000038,
      "slowest": 0.000036001
    }
  },
  "statusCodeDistribution": {
    "200": 56178
  },
  "errorDistribution": {}
}