{
  "summary": {
    "successRate": 1,
    "total": 10.001549256,
    "slowest": 0.010392553,
    "fastest": 0.000430306,
    "average": 0.0015691087230911976,
    "requestsPerSec": 31821.070101621863,
    "totalData": 4137380,
    "sizePerRequest": 13,
    "sizePerSec": 413673.9113210842
  },
  "responseTimeHistogram": {
    "0.000430306": 1,
    "0.0014265306999999999": 111002,
    "0.0024227554": 192782,
    "0.0034189801": 9846,
    "0.0044152048": 3285,
    "0.0054114295": 312,
    "0.0064076542": 261,
    "0.0074038789": 242,
    "0.0084001036": 479,
    "0.0093963283": 10,
    "0.010392553": 40
  },
  "latencyPercentiles": {
    "p10": 0.001220318,
    "p25": 0.001311219,
    "p50": 0.001546523,
    "p75": 0.001610324,
    "p90": 0.001687725,
    "p95": 0.002297634,
    "p99": 0.003509751
  },
  "rps": {
    "mean": 31828.523138171317,
    "stddev": 4655.303513244118,
    "max": 36025.08007017155,
    "percentiles": {
      "p10": 27035.291870005465,
      "p25": 30919.33385946302,
      "p50": 33826.45249530305,
      "p75": 34360.14055401189,
      "p90": 34809.93475537953,
      "p95": 35054.57424890981,
      "p99": 35417.38929981067
    }
  },
  "details": {
    "DNSDialup": {
      "average": 0.0015661649799999997,
      "fastest": 0.000066301,
      "slowest": 0.003347249
    },
    "DNSLookup": {
      "average": 0.00000528208,
      "fastest": 0.0000038,
      "slowest": 0.000039901
    }
  },
  "statusCodeDistribution": {
    "200": 318260
  },
  "errorDistribution": {}
}