{
  "summary": {
    "successRate": 1,
    "total": 10.001799061,
    "slowest": 0.009610185,
    "fastest": 0.000395299,
    "average": 0.0015406072578574234,
    "requestsPerSec": 32422.1670543717,
    "totalData": 4215640,
    "sizePerRequest": 13,
    "sizePerSec": 421488.1717068321
  },
  "responseTimeHistogram": {
    "0.000395299": 1,
    "0.0013167876": 109330,
    "0.0022382762": 180334,
    "0.0031597648": 30817,
    "0.0040812534": 2495,
    "0.005002742": 164,
    "0.0059242306": 263,
    "0.0068457192": 413,
    "0.0077672078": 351,
    "0.0086886964": 63,
    "0.009610185": 49
  },
  "latencyPercentiles": {
    "p10": 0.001152998,
    "p25": 0.001232298,
    "p50": 0.001485698,
    "p75": 0.001543497,
    "p90": 0.002285296,
    "p95": 0.002424096,
    "p99": 0.003190395
  },
  "rps": {
    "mean": 32402.27863264746,
    "stddev": 6135.733349114762,
    "max": 37995.06348629759,
    "percentiles": {
      "p10": 21122.14653001384,
      "p25": 30405.825756214836,
      "p50": 35502.190485152045,
      "p75": 36264.24573774856,
      "p90": 36980.21578663203,
      "p95": 37290.49138697595,
      "p99": 37575.027471577254
    }
  },
  "details": {
    "DNSDialup": {
      "average": 0.0012681919200000001,
      "fastest": 0.0000678,
      "slowest": 0.001447198
    },
    "DNSLookup": {
      "average": 0.0000047959999999999995,
      "fastest": 0.000003,
      "slowest": 0.0000334
    }
  },
  "statusCodeDistribution": {
    "200": 324280
  },
  "errorDistribution": {}
}