{
  "summary": {
    "successRate": 1,
    "total": 10.001854926,
    "slowest": 0.01200072,
    "fastest": 0.000248505,
    "average": 0.0017033256469986351,
    "requestsPerSec": 29319.66141977213,
    "totalData": 3812263,
    "sizePerRequest": 13,
    "sizePerSec": 381155.59845703765
  },
  "responseTimeHistogram": {
    "0.000248505": 1,
    "0.0014237265": 86834,
    "0.002598948": 186410,
    "0.0037741694999999997": 17011,
    "0.004949390999999999": 1516,
    "0.0061246124999999995": 516,
    "0.007299834": 248,
    "0.008475055499999998": 598,
    "0.009650276999999999": 71,
    "0.010825498499999999": 45,
    "0.01200072": 1
  },
  "latencyPercentiles": {
    "p10": 0.001224922,
    "p25": 0.001355625,
    "p50": 0.001574528,
    "p75": 0.001742632,
    "p90": 0.002282942,
    "p95": 0.003012755,
    "p99": 0.003785069
  },
  "rps": {
    "mean": 29295.909753538133,
    "stddev": 5765.836415614552,
    "max": 37570.260908384436,
    "percentiles": {
      "p10": 21677.860371094863,
      "p25": 25756.453289552108,
      "p50": 31110.008089602397,
      "p75": 34125.953324201895,
      "p90": 34646.8882233465,
      "p95": 35002.85973363511,
      "p99": 35607.18196860351
    }
  },
  "details": {
    "DNSDialup": {
      "average": 0.0015633827000000001,
      "fastest": 0.000068302,
      "slowest": 0.003405963
    },
    "DNSLookup": {
      "average": 0.0000056241,
      "fastest": 0.0000039,
      "slowest": 0.0000434
    }
  },
  "statusCodeDistribution": {
    "200": 293251
  },
  "errorDistribution": {}
}