{
  "summary": {
    "successRate": 1,
    "total": 10.001781265,
    "slowest": 0.010975411,
    "fastest": 0.000280903,
    "average": 0.0016243697283865848,
    "requestsPerSec": 30739.324511712366,
    "totalData": 3996824,
    "sizePerRequest": 13,
    "sizePerSec": 399611.2186522607
  },
  "responseTimeHistogram": {
    "0.000280903": 1,
    "0.0013503537999999997": 76900,
    "0.0024198045999999996": 216531,
    "0.0034892553999999994": 7316,
    "0.004558706199999999": 5253,
    "0.005628156999999999": 406,
    "0.006697607799999999": 211,
    "0.007767058599999999": 257,
    "0.0088365094": 463,
    "0.0099059602": 61,
    "0.010975411": 49
  },
  "latencyPercentiles": {
    "p10": 0.001266814,
    "p25": 0.001350314,
    "p50": 0.001593416,
    "p75": 0.001676217,
    "p90": 0.001767518,
    "p95": 0.002244423,
    "p99": 0.003831941
  },
  "rps": {
    "mean": 30737.065139333845,
    "stddev": 4524.8036700276025,
    "max": 35111.92049700408,
    "percentiles": {
      "p10": 25459.221984434833,
      "p25": 29957.872228507313,
      "p50": 32544.15760050645,
      "p75": 33308.69772103758,
      "p90": 33669.684068484436,
      "p95": 34099.54815054103,
      "p99": 34667.89739406738
    }
  },
  "details": {
    "DNSDialup": {
      "average": 0.0014511326799999996,
      "fastest": 0.000071701,
      "slowest": 0.003125031
    },
    "DNSLookup": {
      "average": 0.000004418020000000002,
      "fastest": 0.0000032,
      "slowest": 0.0000326
    }
  },
  "statusCodeDistribution": {
    "200": 307448
  },
  "errorDistribution": {}
}