{
  "summary": {
    "successRate": 1,
    "total": 10.001465281,
    "slowest": 0.010394769,
    "fastest": 0.000405907,
    "average": 0.0016154497067251846,
    "requestsPerSec": 30906.071392080456,
    "totalData": 4018378,
    "sizePerRequest": 13,
    "sizePerSec": 401778.9280970459
  },
  "responseTimeHistogram": {
    "0.000405907": 1,
    "0.0014047932": 110109,
    "0.0024036794": 180133,
    "0.0034025655999999995": 11378,
    "0.004401451799999999": 6043,
    "0.005400337999999999": 249,
    "0.0063992241999999986": 356,
    "0.007398110399999999": 203,
    "0.0083969966": 547,
    "0.0093958828": 47,
    "0.010394769": 40
  },
  "latencyPercentiles": {
    "p10": 0.001249321,
    "p25": 0.001322121,
    "p50": 0.001576726,
    "p75": 0.001649727,
    "p90": 0.001746428,
    "p95": 0.00247354,
    "p99": 0.003691459
  },
  "rps": {
    "mean": 30885.236627493174,
    "stddev": 5173.485980152087,
    "max": 35354.39242971653,
    "percentiles": {
      "p10": 25507.43073626957,
      "p25": 29305.38633000736,
      "p50": 33302.948166125105,
      "p75": 33706.40845121276,
      "p90": 34277.60106104279,
      "p95": 34616.18422672765,
      "p99": 34927.79924926469
    }
  },
  "details": {
    "DNSDialup": {
      "average": 0.0016433227200000002,
      "fastest": 0.000079302,
      "slowest": 0.003493757
    },
    "DNSLookup": {
      "average": 0.00000533406,
      "fastest": 0.000004,
      "slowest": 0.0000404
    }
  },
  "statusCodeDistribution": {
    "200": 309106
  },
  "errorDistribution": {}
}