{
  "summary": {
    "successRate": 1,
    "total": 10.001733231,
    "slowest": 0.01185213,
    "fastest": 0.000431041,
    "average": 0.0018467542326483532,
    "requestsPerSec": 27037.413791625655,
    "totalData": 3515473,
    "sizePerRequest": 13,
    "sizePerSec": 351486.3792911335
  },
  "responseTimeHistogram": {
    "0.000431041": 1,
    "0.0015731499000000001": 81360,
    "0.0027152588": 174060,
    "0.0038573677000000002": 8780,
    "0.0049994766": 5020,
    "0.0061415855": 355,
    "0.0072836944": 175,
    "0.0084258033": 213,
    "0.0095679122": 407,
    "0.010710021100000001": 17,
    "0.01185213": 33
  },
  "latencyPercentiles": {
    "p10": 0.001414235,
    "p25": 0.001531446,
    "p50": 0.001810873,
    "p75": 0.001911882,
    "p90": 0.002036894,
    "p95": 0.002820068,
    "p99": 0.004236504
  },
  "rps": {
    "mean": 27018.23711890717,
    "stddev": 4472.584948200538,
    "max": 32572.830464303035,
    "percentiles": {
      "p10": 21511.504352526674,
      "p25": 26926.220415583808,
      "p50": 28806.184687853118,
      "p75": 29487.473566033786,
      "p90": 30189.447842043563,
      "p95": 30717.80585724289,
      "p99": 31479.01431515863
    }
  },
  "details": {
    "DNSDialup": {
      "average": 0.0018381611199999991,
      "fastest": 0.000085208,
      "slowest": 0.002534342
    },
    "DNSLookup": {
      "average": 0.000007396639999999999,
      "fastest": 0.000004,
      "slowest": 0.000050705
    }
  },
  "statusCodeDistribution": {
    "200": 270421
  },
  "errorDistribution": {}
}