{
  "summary": {
    "successRate": 1,
    "total": 10.001556478,
    "slowest": 0.010273488,
    "fastest": 0.000394203,
    "average": 0.0016051415208816174,
    "requestsPerSec": 31106.25837931703,
    "totalData": 4044443,
    "sizePerRequest": 13,
    "sizePerSec": 404381.35893112136
  },
  "responseTimeHistogram": {
    "0.000394203": 1,
    "0.0013821315000000002": 106901,
    "0.0023700600000000002": 188552,
    "0.0033579885000000003": 7054,
    "0.004345917": 7221,
    "0.005333845500000001": 351,
    "0.0063217740000000005": 231,
    "0.0073097025": 128,
    "0.008297631": 506,
    "0.0092855595": 118,
    "0.010273488": 48
  },
  "latencyPercentiles": {
    "p10": 0.00125961,
    "p25": 0.001328612,
    "p50": 0.001583014,
    "p75": 0.001657614,
    "p90": 0.001730613,
    "p95": 0.002373821,
    "p99": 0.003761332
  },
  "rps": {
    "mean": 31112.41567962386,
    "stddev": 4673.634298562026,
    "max": 34796.43622906314,
    "percentiles": {
      "p10": 25741.523763905036,
      "p25": 30575.1284257995,
      "p50": 33273.660508533205,
      "p75": 33613.17972777278,
      "p90": 33909.32424670833,
      "p95": 34223.28124264501,
      "p99": 34618.07409648459
    }
  },
  "details": {
    "DNSDialup": {
      "average": 0.0014657585200000005,
      "fastest": 0.0000725,
      "slowest": 0.003155427
    },
    "DNSLookup": {
      "average": 0.000004598039999999998,
      "fastest": 0.0000033,
      "slowest": 0.0000382
    }
  },
  "statusCodeDistribution": {
    "200": 311111
  },
  "errorDistribution": {}
}