{
  "summary": {
    "successRate": 1,
    "total": 10.001719094,
    "slowest": 0.010379587,
    "fastest": 0.0004146,
    "average": 0.0014522484409225532,
    "requestsPerSec": 34385.38882843774,
    "totalData": 4470869,
    "sizePerRequest": 13,
    "sizePerSec": 447010.05476969056
  },
  "responseTimeHistogram": {
    "0.0004146": 1,
    "0.0014110987": 137465,
    "0.0024075974": 194230,
    "0.0034040961": 10525,
    "0.0044005948": 533,
    "0.0053970935": 195,
    "0.0063935922": 352,
    "0.0073900909": 561,
    "0.0083865896": 0,
    "0.0093830883": 48,
    "0.010379587": 3
  },
  "latencyPercentiles": {
    "p10": 0.001147098,
    "p25": 0.001222499,
    "p50": 0.001452898,
    "p75": 0.001511199,
    "p90": 0.001570398,
    "p95": 0.001876698,
    "p99": 0.003072896
  },
  "rps": {
    "mean": 34378.58467879324,
    "stddev": 4260.598075085286,
    "max": 39024.253573600196,
    "percentiles": {
      "p10": 30511.794570835806,
      "p25": 33542.30691170844,
      "p50": 36200.32558231885,
      "p75": 36589.95308242695,
      "p90": 36885.99970831734,
      "p95": 37120.0893923772,
      "p99": 37577.462180540926
    }
  },
  "details": {
    "DNSDialup": {
      "average": 0.00129912238,
      "fastest": 0.0000611,
      "slowest": 0.002797596
    },
    "DNSLookup": {
      "average": 0.000004213980000000001,
      "fastest": 0.000003,
      "slowest": 0.0000342
    }
  },
  "statusCodeDistribution": {
    "200": 343913
  },
  "errorDistribution": {}
}