{
  "summary": {
    "successRate": 1,
    "total": 10.002184595,
    "slowest": 0.016836959,
    "fastest": 0.000311503,
    "average": 0.0022782176166390162,
    "requestsPerSec": 21906.414335677437,
    "totalData": 2848456,
    "sizePerRequest": 13,
    "sizePerSec": 284783.38636380667
  },
  "responseTimeHistogram": {
    "0.000311503": 1,
    "0.0019640485999999997": 61886,
    "0.0036165941999999995": 144441,
    "0.0052691398": 9457,
    "0.0069216854": 1915,
    "0.008574230999999998": 813,
    "0.0102267766": 473,
    "0.011879322199999999": 26,
    "0.013531867799999998": 49,
    "0.015184413399999997": 1,
    "0.016836959": 50
  },
  "latencyPercentiles": {
    "p10": 0.001654514,
    "p25": 0.001922118,
    "p50": 0.00211172,
    "p75": 0.002292722,
    "p90": 0.002895528,
    "p95": 0.003895137,
    "p99": 0.006191659
  },
  "rps": {
    "mean": 21914.031371148074,
    "stddev": 4102.143636305623,
    "max": 27828.987252461764,
    "percentiles": {
      "p10": 16503.4937896374,
      "p25": 19782.828948576353,
      "p50": 23406.827771660952,
      "p75": 24767.01242948786,
      "p90": 25492.32811396364,
      "p95": 25930.044046984192,
      "p99": 26757.37484825165
    }
  },
  "details": {
    "DNSDialup": {
      "average": 0.0021517823800000003,
      "fastest": 0.000090401,
      "slowest": 0.004633144
    },
    "DNSLookup": {
      "average": 0.000007158120000000002,
      "fastest": 0.0000057,
      "slowest": 0.000035401
    }
  },
  "statusCodeDistribution": {
    "200": 219112
  },
  "errorDistribution": {}
}