{
  "summary": {
    "successRate": 1,
    "total": 10.003322979,
    "slowest": 0.012389668,
    "fastest": 0.000208303,
    "average": 0.0016210712335829873,
    "requestsPerSec": 30791.6679933883,
    "totalData": 4004247,
    "sizePerRequest": 13,
    "sizePerSec": 400291.6839140479
  },
  "responseTimeHistogram": {
    "0.000208303": 1,
    "0.0014264395": 114275,
    "0.002644576": 180518,
    "0.0038627125": 10334,
    "0.005080849": 1659,
    "0.0062989855": 355,
    "0.007517122": 98,
    "0.0087352585": 604,
    "0.009953395": 77,
    "0.0111715315": 33,
    "0.012389668": 65
  },
  "latencyPercentiles": {
    "p10": 0.001258315,
    "p25": 0.001331018,
    "p50": 0.001572022,
    "p75": 0.00165432,
    "p90": 0.001755621,
    "p95": 0.002459029,
    "p99": 0.003850247
  },
  "rps": {
    "mean": 30797.820774303822,
    "stddev": 5195.671949136246,
    "max": 35123.278599900914,
    "percentiles": {
      "p10": 25245.334157340527,
      "p25": 28249.733438412735,
      "p50": 33330.916590137014,
      "p75": 33779.18761983613,
      "p90": 34144.05599463964,
      "p95": 34482.34084768879,
      "p99": 34860.58178392775
    }
  },
  "details": {
    "DNSDialup": {
      "average": 0.0016560547799999994,
      "fastest": 0.000087401,
      "slowest": 0.003546649
    },
    "DNSLookup": {
      "average": 0.0000056620800000000015,
      "fastest": 0.0000038,
      "slowest": 0.0000386
    }
  },
  "statusCodeDistribution": {
    "200": 308019
  },
  "errorDistribution": {}
}