{
  "summary": {
    "successRate": 1,
    "total": 10.002380584,
    "slowest": 0.010296589,
    "fastest": 0.000384603,
    "average": 0.0015751321773308912,
    "requestsPerSec": 31691.955463789418,
    "totalData": 4120935,
    "sizePerRequest": 13,
    "sizePerSec": 411995.4210292624
  },
  "responseTimeHistogram": {
    "0.000384603": 1,
    "0.0013758016": 103229,
    "0.0023670002": 200131,
    "0.0033581988": 7779,
    "0.0043493974": 4591,
    "0.0053405959999999995": 157,
    "0.0063317946": 319,
    "0.0073229932": 189,
    "0.0083141918": 518,
    "0.0093053904": 32,
    "0.010296589": 49
  },
  "latencyPercentiles": {
    "p10": 0.001231811,
    "p25": 0.001317111,
    "p50": 0.001558813,
    "p75": 0.001623714,
    "p90": 0.001697215,
    "p95": 0.002153918,
    "p99": 0.003517331
  },
  "rps": {
    "mean": 31663.230345129672,
    "stddev": 4546.948631482919,
    "max": 35585.06589609933,
    "percentiles": {
      "p10": 26971.84354083093,
      "p25": 31218.819817336105,
      "p50": 33453.90762675385,
      "p75": 34053.88221394206,
      "p90": 34670.98720506834,
      "p95": 34867.36477838591,
      "p99": 35155.70666281999
    }
  },
  "details": {
    "DNSDialup": {
      "average": 0.0015869938,
      "fastest": 0.0000813,
      "slowest": 0.003218228
    },
    "DNSLookup": {
      "average": 0.000005354039999999999,
      "fastest": 0.0000038,
      "slowest": 0.0000372
    }
  },
  "statusCodeDistribution": {
    "200": 316995
  },
  "errorDistribution": {}
}