{
  "summary": {
    "successRate": 1,
    "total": 10.001561119,
    "slowest": 0.011827699,
    "fastest": 0.000229404,
    "average": 0.0016038748358976488,
    "requestsPerSec": 31134.239574704938,
    "totalData": 4048083,
    "sizePerRequest": 13,
    "sizePerSec": 404745.1144711642
  },
  "responseTimeHistogram": {
    "0.000229404": 1,
    "0.0013892334999999999": 105179,
    "0.002549063": 193961,
    "0.0037088925": 7714,
    "0.004868722": 3123,
    "0.0060285515": 388,
    "0.007188381": 205,
    "0.0083482105": 506,
    "0.00950804": 175,
    "0.010667869500000001": 91,
    "0.011827699": 48
  },
  "latencyPercentiles": {
    "p10": 0.001252521,
    "p25": 0.001332922,
    "p50": 0.001574325,
    "p75": 0.001653626,
    "p90": 0.001733528,
    "p95": 0.002169035,
    "p99": 0.003821764
  },
  "rps": {
    "mean": 31115.05353067965,
    "stddev": 4800.972456469958,
    "max": 35581.87696400733,
    "percentiles": {
      "p10": 25914.592507040274,
      "p25": 30283.126562284837,
      "p50": 33173.75188519061,
      "p75": 33639.15597755965,
      "p90": 34026.075971230515,
      "p95": 34393.40443113841,
      "p99": 34925.05554210562
    }
  },
  "details": {
    "DNSDialup": {
      "average": 0.0015918108800000003,
      "fastest": 0.000074101,
      "slowest": 0.003460658
    },
    "DNSLookup": {
      "average": 0.00000514002,
      "fastest": 0.0000038,
      "slowest": 0.0000374
    }
  },
  "statusCodeDistribution": {
    "200": 311391
  },
  "errorDistribution": {}
}