{
  "summary": {
    "successRate": 1,
    "total": 10.001637128,
    "slowest": 0.010936727,
    "fastest": 0.000189302,
    "average": 0.001694793928100176,
    "requestsPerSec": 29462.576599089745,
    "totalData": 3830762,
    "sizePerRequest": 13,
    "sizePerSec": 383013.4957881667
  },
  "responseTimeHistogram": {
    "0.000189302": 1,
    "0.0012640445": 33217,
    "0.002338787": 238034,
    "0.0034135295000000004": 15504,
    "0.004488272": 6035,
    "0.0055630144999999995": 745,
    "0.006637757": 458,
    "0.0077124995": 479,
    "0.008787242": 149,
    "0.0098619845": 6,
    "0.010936727": 46
  },
  "latencyPercentiles": {
    "p10": 0.001254415,
    "p25": 0.001349515,
    "p50": 0.001592518,
    "p75": 0.00173472,
    "p90": 0.002265526,
    "p95": 0.002730232,
    "p99": 0.003798445
  },
  "rps": {
    "mean": 29456.86748663686,
    "stddev": 5189.75072560618,
    "max": 37168.17902823295,
    "percentiles": {
      "p10": 23455.944501422666,
      "p25": 25657.108464158042,
      "p50": 31391.298452417977,
      "p75": 33749.11709898959,
      "p90": 34201.997396649924,
      "p95": 34576.133005284755,
      "p99": 35054.70099198858
    }
  },
  "details": {
    "DNSDialup": {
      "average": 0.0016043087400000003,
      "fastest": 0.000069701,
      "slowest": 0.00347734
    },
    "DNSLookup": {
      "average": 0.00000533004,
      "fastest": 0.0000039,
      "slowest": 0.0000433
    }
  },
  "statusCodeDistribution": {
    "200": 294674
  },
  "errorDistribution": {}
}