{
  "summary": {
    "successRate": 1,
    "total": 10.002223627,
    "slowest": 0.014200802,
    "fastest": 0.000284802,
    "average": 0.0023102255520520793,
    "requestsPerSec": 21605.295788094263,
    "totalData": 2809313,
    "sizePerRequest": 13,
    "sizePerSec": 280868.8452452254
  },
  "responseTimeHistogram": {
    "0.000284802": 1,
    "0.001676402": 18022,
    "0.0030680020000000002": 181361,
    "0.004459602": 9680,
    "0.005851202": 5355,
    "0.007242802": 730,
    "0.008634402000000001": 325,
    "0.010026002000000001": 440,
    "0.011417602": 113,
    "0.012809202": 25,
    "0.014200802": 49
  },
  "latencyPercentiles": {
    "p10": 0.001703412,
    "p25": 0.001946613,
    "p50": 0.002199115,
    "p75": 0.002360216,
    "p90": 0.00272592,
    "p95": 0.003793527,
    "p99": 0.005450439
  },
  "rps": {
    "mean": 21623.09324449802,
    "stddev": 4091.98640133853,
    "max": 28313.21450648903,
    "percentiles": {
      "p10": 15890.394415479155,
      "p25": 20686.95085665584,
      "p50": 23220.731469055467,
      "p75": 24007.703161306657,
      "p90": 24782.728010164366,
      "p95": 25147.120921523725,
      "p99": 25966.10858349269
    }
  },
  "details": {
    "DNSDialup": {
      "average": 0.0021807556999999997,
      "fastest": 0.000106201,
      "slowest": 0.004620533
    },
    "DNSLookup": {
      "average": 0.000007654019999999998,
      "fastest": 0.0000055,
      "slowest": 0.0000363
    }
  },
  "statusCodeDistribution": {
    "200": 216101
  },
  "errorDistribution": {}
}