{
  "summary": {
    "successRate": 1,
    "total": 10.00178857,
    "slowest": 0.012485941,
    "fastest": 0.000378598,
    "average": 0.0014706142510428051,
    "requestsPerSec": 33964.625189032566,
    "totalData": 4416191,
    "sizePerRequest": 13,
    "sizePerSec": 441540.1274574233
  },
  "responseTimeHistogram": {
    "0.000378598": 1,
    "0.0015893322999999998": 301101,
    "0.0028000665999999997": 30826,
    "0.0040108009": 6327,
    "0.0052215351999999994": 302,
    "0.0064322695": 371,
    "0.007643003799999999": 642,
    "0.0088537381": 74,
    "0.0100644724": 14,
    "0.0112752067": 14,
    "0.012485941": 35
  },
  "latencyPercentiles": {
    "p10": 0.001158294,
    "p25": 0.001223193,
    "p50": 0.001476593,
    "p75": 0.001536992,
    "p90": 0.001601192,
    "p95": 0.00208529,
    "p99": 0.003040185
  },
  "rps": {
    "mean": 33945.28805100819,
    "stddev": 4542.915445662386,
    "max": 37741.12995071615,
    "percentiles": {
      "p10": 30035.054764762084,
      "p25": 32110.757103629196,
      "p50": 35797.88996719829,
      "p75": 36302.30160116737,
      "p90": 36999.95694156955,
      "p95": 37215.444409432705,
      "p99": 37534.3559201433
    }
  },
  "details": {
    "DNSDialup": {
      "average": 0.00073493248,
      "fastest": 0.000042299,
      "slowest": 0.001079795
    },
    "DNSLookup": {
      "average": 0.000004279980000000001,
      "fastest": 0.0000027,
      "slowest": 0.0000313
    }
  },
  "statusCodeDistribution": {
    "200": 339707
  },
  "errorDistribution": {}
}