{
  "summary": {
    "successRate": 1,
    "total": 10.001545807,
    "slowest": 0.01109654,
    "fastest": 0.000366615,
    "average": 0.0015623060739117893,
    "requestsPerSec": 31958.859777084457,
    "totalData": 4155294,
    "sizePerRequest": 13,
    "sizePerSec": 415465.17710209795
  },
  "responseTimeHistogram": {
    "0.000366615": 1,
    "0.0014396075": 131483,
    "0.0025126": 177277,
    "0.0035855925": 5935,
    "0.004658585": 3638,
    "0.0057315775": 369,
    "0.00680457": 224,
    "0.007877562500000001": 543,
    "0.008950555": 118,
    "0.0100235475": 1,
    "0.01109654": 49
  },
  "latencyPercentiles": {
    "p10": 0.001242349,
    "p25": 0.001305451,
    "p50": 0.001556861,
    "p75": 0.001634965,
    "p90": 0.001695467,
    "p95": 0.001900975,
    "p99": 0.003704447
  },
  "rps": {
    "mean": 31966.783968844353,
    "stddev": 4239.286889382247,
    "max": 35568.068289060924,
    "percentiles": {
      "p10": 26421.9487127936,
      "p25": 32308.227113996138,
      "p50": 33767.426747178084,
      "p75": 34127.65361723046,
      "p90": 34558.36568551593,
      "p95": 34914.96792565725,
      "p99": 35306.25787650266
    }
  },
  "details": {
    "DNSDialup": {
      "average": 0.0015979333399999999,
      "fastest": 0.000079103,
      "slowest": 0.001789171
    },
    "DNSLookup": {
      "average": 0.000004948220000000002,
      "fastest": 0.0000037,
      "slowest": 0.000042602
    }
  },
  "statusCodeDistribution": {
    "200": 319638
  },
  "errorDistribution": {}
}