{
  "summary": {
    "successRate": 1,
    "total": 10.001603169,
    "slowest": 0.010519447,
    "fastest": 0.000382398,
    "average": 0.0016749740758562194,
    "requestsPerSec": 29817.41976369749,
    "totalData": 3876886,
    "sizePerRequest": 13,
    "sizePerSec": 387626.4569280673
  },
  "responseTimeHistogram": {
    "0.000382398": 1,
    "0.0013961028999999998": 90840,
    "0.0024098077999999998": 183485,
    "0.0034235127": 20377,
    "0.0044372176": 1872,
    "0.005450922499999999": 638,
    "0.0064646274": 382,
    "0.0074783322999999995": 489,
    "0.0084920372": 38,
    "0.0095057421": 69,
    "0.010519447": 31
  },
  "latencyPercentiles": {
    "p10": 0.001158694,
    "p25": 0.001255794,
    "p50": 0.001497793,
    "p75": 0.002099889,
    "p90": 0.002394688,
    "p95": 0.002446688,
    "p99": 0.00382018
  },
  "rps": {
    "mean": 29746.192715593334,
    "stddev": 7441.811118814446,
    "max": 38023.38508783413,
    "percentiles": {
      "p10": 20710.682943054333,
      "p25": 21455.419821420357,
      "p50": 32794.778169459285,
      "p75": 36338.33694547764,
      "p90": 36949.16792841104,
      "p95": 37203.39998193109,
      "p99": 37607.7281099378
    }
  },
  "details": {
    "DNSDialup": {
      "average": 0.00129481346,
      "fastest": 0.0000664,
      "slowest": 0.002590487
    },
    "DNSLookup": {
      "average": 0.00000443996,
      "fastest": 0.000003,
      "slowest": 0.0000333
    }
  },
  "statusCodeDistribution": {
    "200": 298222
  },
  "errorDistribution": {}
}