{
  "summary": {
    "successRate": 1,
    "total": 10.001638992,
    "slowest": 0.011513722,
    "fastest": 0.000420597,
    "average": 0.0014624447455068175,
    "requestsPerSec": 34157.20166197336,
    "totalData": 4441164,
    "sizePerRequest": 13,
    "sizePerSec": 444043.6216056537
  },
  "responseTimeHistogram": {
    "0.000420597": 1,
    "0.0015299095": 259023,
    "0.002639222": 71543,
    "0.0037485345": 9460,
    "0.004857847": 377,
    "0.0059671595": 348,
    "0.007076472": 678,
    "0.008185784500000001": 145,
    "0.009295097": 26,
    "0.010404409500000001": 26,
    "0.011513722": 1
  },
  "latencyPercentiles": {
    "p10": 0.001150893,
    "p25": 0.001216892,
    "p50": 0.001470189,
    "p75": 0.001527989,
    "p90": 0.001589689,
    "p95": 0.001937289,
    "p99": 0.003103582
  },
  "rps": {
    "mean": 34167.93642122069,
    "stddev": 4457.223431042849,
    "max": 37951.69236642383,
    "percentiles": {
      "p10": 30008.627480400795,
      "p25": 32915.03558825608,
      "p50": 35909.225079921634,
      "p75": 36521.75966440569,
      "p90": 37109.40826918665,
      "p95": 37343.35920325534,
      "p99": 37642.53252376772
    }
  },
  "details": {
    "DNSDialup": {
      "average": 0.0012162076999999998,
      "fastest": 0.000058799,
      "slowest": 0.00139799
    },
    "DNSLookup": {
      "average": 0.000004119959999999999,
      "fastest": 0.0000029,
      "slowest": 0.000033799
    }
  },
  "statusCodeDistribution": {
    "200": 341628
  },
  "errorDistribution": {}
}