{
  "summary": {
    "successRate": 1,
    "total": 10.001682914,
    "slowest": 0.010610812,
    "fastest": 0.0001635,
    "average": 0.0016335148204495483,
    "requestsPerSec": 30582.353252955767,
    "totalData": 3976375,
    "sizePerRequest": 13,
    "sizePerSec": 397570.59228842496
  },
  "responseTimeHistogram": {
    "0.0001635": 1,
    "0.0012082312": 38315,
    "0.0022529624": 238762,
    "0.0032976935999999997": 24775,
    "0.0043424247999999995": 2175,
    "0.005387156": 555,
    "0.006431887199999999": 431,
    "0.007476618399999999": 659,
    "0.0085213496": 39,
    "0.0095660808": 62,
    "0.010610812": 101
  },
  "latencyPercentiles": {
    "p10": 0.001189902,
    "p25": 0.001288601,
    "p50": 0.001534402,
    "p75": 0.001682402,
    "p90": 0.002235202,
    "p95": 0.002751603,
    "p99": 0.003398105
  },
  "rps": {
    "mean": 30564.10976065136,
    "stddev": 5631.33325267866,
    "max": 38331.1049085242,
    "percentiles": {
      "p10": 23144.255538438643,
      "p25": 27179.80299803534,
      "p50": 31993.37586680523,
      "p75": 35305.71174988083,
      "p90": 35692.74987449183,
      "p95": 36091.59584570843,
      "p99": 36966.84691633712
    }
  },
  "details": {
    "DNSDialup": {
      "average": 0.0012900476799999996,
      "fastest": 0.000065001,
      "slowest": 0.002770603
    },
    "DNSLookup": {
      "average": 0.000004186000000000003,
      "fastest": 0.0000029,
      "slowest": 0.0000358
    }
  },
  "statusCodeDistribution": {
    "200": 305875
  },
  "errorDistribution": {}
}