{
  "summary": {
    "successRate": 1,
    "total": 10.001398868,
    "slowest": 0.009718703,
    "fastest": 0.000261802,
    "average": 0.0014456318142479017,
    "requestsPerSec": 34554.666258312056,
    "totalData": 4492735,
    "sizePerRequest": 13,
    "sizePerSec": 449210.6613580567
  },
  "responseTimeHistogram": {
    "0.000261802": 1,
    "0.0012074921000000001": 85226,
    "0.0021531822": 247028,
    "0.0030988723000000004": 10428,
    "0.0040445624": 1764,
    "0.0049902525": 237,
    "0.005935942600000001": 150,
    "0.0068816327": 464,
    "0.0078273228": 244,
    "0.0087730129": 3,
    "0.009718703": 50
  },
  "latencyPercentiles": {
    "p10": 0.001143,
    "p25": 0.001208901,
    "p50": 0.0014604,
    "p75": 0.001514499,
    "p90": 0.001567412,
    "p95": 0.001816614,
    "p99": 0.003074725
  },
  "rps": {
    "mean": 34533.056171497694,
    "stddev": 4248.072787609566,
    "max": 38604.25032796044,
    "percentiles": {
      "p10": 30679.474928330586,
      "p25": 33844.735972008086,
      "p50": 36144.76875956293,
      "p75": 36745.16003322603,
      "p90": 37217.23607131829,
      "p95": 37519.37916061431,
      "p99": 37814.39007552477
    }
  },
  "details": {
    "DNSDialup": {
      "average": 0.00130865404,
      "fastest": 0.0000671,
      "slowest": 0.002614801
    },
    "DNSLookup": {
      "average": 0.000004606,
      "fastest": 0.0000029,
      "slowest": 0.0000363
    }
  },
  "statusCodeDistribution": {
    "200": 345595
  },
  "errorDistribution": {}
}