{
  "summary": {
    "successRate": 1,
    "total": 10.001555082,
    "slowest": 0.009608985,
    "fastest": 0.000462599,
    "average": 0.0014319869115953653,
    "requestsPerSec": 34881.87558231557,
    "totalData": 4535349,
    "sizePerRequest": 13,
    "sizePerSec": 453464.38257010246
  },
  "responseTimeHistogram": {
    "0.000462599": 1,
    "0.0013772376000000001": 135904,
    "0.0022918762000000005": 199997,
    "0.003206514800000001": 10956,
    "0.004121153400000001": 664,
    "0.005035792000000001": 225,
    "0.0059504306000000015": 216,
    "0.0068650692000000015": 672,
    "0.007779707800000001": 187,
    "0.0086943464": 1,
    "0.009608985": 50
  },
  "latencyPercentiles": {
    "p10": 0.001128599,
    "p25": 0.001198598,
    "p50": 0.001442398,
    "p75": 0.001495098,
    "p90": 0.001548397,
    "p95": 0.001848297,
    "p99": 0.002927195
  },
  "rps": {
    "mean": 34869.86259128875,
    "stddev": 4393.608475956134,
    "max": 38466.247982033194,
    "percentiles": {
      "p10": 31263.5460368562,
      "p25": 33919.04893788363,
      "p50": 36729.79739722052,
      "p75": 37053.01600802872,
      "p90": 37337.46159862122,
      "p95": 37603.546216582945,
      "p99": 38019.823275034236
    }
  },
  "details": {
    "DNSDialup": {
      "average": 0.00128277792,
      "fastest": 0.000061,
      "slowest": 0.001451098
    },
    "DNSLookup": {
      "average": 0.000003993999999999999,
      "fastest": 0.000003,
      "slowest": 0.0000336
    }
  },
  "statusCodeDistribution": {
    "200": 348873
  },
  "errorDistribution": {}
}