{
  "summary": {
    "successRate": 1,
    "total": 10.001924156,
    "slowest": 0.014429699,
    "fastest": 0.000503204,
    "average": 0.0026763931386891908,
    "requestsPerSec": 18648.911658473888,
    "totalData": 2424825,
    "sizePerRequest": 13,
    "sizePerSec": 242435.85156016055
  },
  "responseTimeHistogram": {
    "0.000503204": 1,
    "0.0018958535": 31739,
    "0.0032885030000000003": 117683,
    "0.004681152500000001": 25539,
    "0.0060738020000000005": 7957,
    "0.0074664515": 2274,
    "0.008859101000000001": 678,
    "0.0102517505": 320,
    "0.011644400000000001": 264,
    "0.013037049500000002": 64,
    "0.014429699": 6
  },
  "latencyPercentiles": {
    "p10": 0.001738212,
    "p25": 0.002018414,
    "p50": 0.002314516,
    "p75": 0.002953221,
    "p90": 0.004120629,
    "p95": 0.004929734,
    "p99": 0.006927748
  },
  "rps": {
    "mean": 18644.833299941867,
    "stddev": 5397.271134895287,
    "max": 29608.19052525441,
    "percentiles": {
      "p10": 10902.21423971203,
      "p25": 14551.01709560055,
      "p50": 19606.532896762317,
      "p75": 23198.652380196654,
      "p90": 24895.65713194552,
      "p95": 25625.72529954564,
      "p99": 26833.65559108636
    }
  },
  "details": {
    "DNSDialup": {
      "average": 0.0021534389799999993,
      "fastest": 0.0000951,
      "slowest": 0.002758619
    },
    "DNSLookup": {
      "average": 0.0000092261,
      "fastest": 0.0000057,
      "slowest": 0.000098601
    }
  },
  "statusCodeDistribution": {
    "200": 186525
  },
  "errorDistribution": {}
}