{
  "summary": {
    "successRate": 1,
    "total": 10.002453977,
    "slowest": 0.017228099,
    "fastest": 0.0003085,
    "average": 0.002449889266200857,
    "requestsPerSec": 20373.60036532963,
    "totalData": 2649218,
    "sizePerRequest": 13,
    "sizePerSec": 264856.80474928516
  },
  "responseTimeHistogram": {
    "0.0003085": 1,
    "0.0020004599000000003": 53620,
    "0.0036924198000000004": 133176,
    "0.005384379700000001": 12225,
    "0.0070763396": 3447,
    "0.0087682995": 809,
    "0.010460259400000001": 353,
    "0.012152219300000001": 25,
    "0.0138441792": 47,
    "0.0155361391": 66,
    "0.017228099": 17
  },
  "latencyPercentiles": {
    "p10": 0.0017148,
    "p25": 0.0019803,
    "p50": 0.002209099,
    "p75": 0.0025126,
    "p90": 0.003435499,
    "p95": 0.0044517,
    "p99": 0.006496399
  },
  "rps": {
    "mean": 20388.998318036738,
    "stddev": 4823.514167513092,
    "max": 32241.289651584066,
    "percentiles": {
      "p10": 13792.959321219338,
      "p25": 17437.231008033184,
      "p50": 22174.83243763698,
      "p75": 24103.115819088336,
      "p90": 24873.854026011042,
      "p95": 25338.70336746395,
      "p99": 26105.418228297178
    }
  },
  "details": {
    "DNSDialup": {
      "average": 0.0022711120000000005,
      "fastest": 0.0001023,
      "slowest": 0.0025438
    },
    "DNSLookup": {
      "average": 0.000007943999999999999,
      "fastest": 0.0000066,
      "slowest": 0.000037
    }
  },
  "statusCodeDistribution": {
    "200": 203786
  },
  "errorDistribution": {}
}