{
  "summary": {
    "successRate": 1,
    "total": 10.003490249,
    "slowest": 0.015460619,
    "fastest": 0.000283402,
    "average": 0.0027264892929884915,
    "requestsPerSec": 18310.709106585145,
    "totalData": 2381223,
    "sizePerRequest": 13,
    "sizePerSec": 238039.2183856069
  },
  "responseTimeHistogram": {
    "0.000283402": 1,
    "0.0018011236999999998": 19131,
    "0.0033188453999999997": 127809,
    "0.0048365670999999995": 26021,
    "0.0063542888": 7538,
    "0.0078720105": 1620,
    "0.009389732199999999": 494,
    "0.010907453899999999": 249,
    "0.0124251756": 189,
    "0.0139428973": 71,
    "0.015460619": 48
  },
  "latencyPercentiles": {
    "p10": 0.001788814,
    "p25": 0.002112016,
    "p50": 0.002400218,
    "p75": 0.003011723,
    "p90": 0.004011827,
    "p95": 0.004943938,
    "p99": 0.006832147
  },
  "rps": {
    "mean": 18314.99723952456,
    "stddev": 4799.442344736121,
    "max": 26107.62607774419,
    "percentiles": {
      "p10": 11793.322922953887,
      "p25": 14768.667016485873,
      "p50": 19416.33875757357,
      "p75": 22261.957253231278,
      "p90": 23585.717710759738,
      "p95": 24175.725625376814,
      "p99": 25003.30793764123
    }
  },
  "details": {
    "DNSDialup": {
      "average": 0.0011922002999999997,
      "fastest": 0.0000865,
      "slowest": 0.00145121
    },
    "DNSLookup": {
      "average": 0.000007906040000000003,
      "fastest": 0.0000055,
      "slowest": 0.000057601
    }
  },
  "statusCodeDistribution": {
    "200": 183171
  },
  "errorDistribution": {}
}