{
  "summary": {
    "successRate": 1,
    "total": 10.001941195,
    "slowest": 0.017176374,
    "fastest": 0.0002017,
    "average": 0.0017486748523879224,
    "requestsPerSec": 28557.15649905898,
    "totalData": 3713151,
    "sizePerRequest": 13,
    "sizePerSec": 371243.03448776674
  },
  "responseTimeHistogram": {
    "0.0002017": 1,
    "0.0018991674000000001": 244929,
    "0.0035966348000000003": 38215,
    "0.0052941022": 1624,
    "0.006991569600000001": 115,
    "0.008689037000000002": 334,
    "0.010386504400000001": 308,
    "0.012083971800000003": 50,
    "0.013781439200000002": 0,
    "0.015478906600000002": 1,
    "0.017176374": 50
  },
  "latencyPercentiles": {
    "p10": 0.001378298,
    "p25": 0.001442498,
    "p50": 0.001760997,
    "p75": 0.001859897,
    "p90": 0.001923097,
    "p95": 0.002578897,
    "p99": 0.003524795
  },
  "rps": {
    "mean": 28581.017091538935,
    "stddev": 4216.100020173792,
    "max": 33552.62246578918,
    "percentiles": {
      "p10": 25130.209668375937,
      "p25": 27830.49090233343,
      "p50": 30292.944935227708,
      "p75": 30477.870509141325,
      "p90": 30718.677421305598,
      "p95": 31062.762476231743,
      "p99": 31858.20351284986
    }
  },
  "details": {
    "DNSDialup": {
      "average": 0.00130289802,
      "fastest": 0.000067199,
      "slowest": 0.001471697
    },
    "DNSLookup": {
      "average": 0.0000041,
      "fastest": 0.000003,
      "slowest": 0.000039
    }
  },
  "statusCodeDistribution": {
    "200": 285627
  },
  "errorDistribution": {}
}