{
  "summary": {
    "successRate": 1,
    "total": 10.001642257,
    "slowest": 0.017813901,
    "fastest": 0.000383604,
    "average": 0.0019299190172239486,
    "requestsPerSec": 25872.4510786109,
    "totalData": 3363971,
    "sizePerRequest": 13,
    "sizePerSec": 336341.86402194167
  },
  "responseTimeHistogram": {
    "0.000383604": 1,
    "0.0021266337": 231095,
    "0.0038696634000000003": 24643,
    "0.005612693100000001": 2108,
    "0.007355722800000001": 212,
    "0.0090987525": 167,
    "0.0108417822": 441,
    "0.0125848119": 50,
    "0.0143278416": 0,
    "0.0160708713": 0,
    "0.017813901": 50
  },
  "latencyPercentiles": {
    "p10": 0.001518817,
    "p25": 0.001596218,
    "p50": 0.001921021,
    "p75": 0.002056423,
    "p90": 0.002132723,
    "p95": 0.002820132,
    "p99": 0.003919844
  },
  "rps": {
    "mean": 25865.4562584982,
    "stddev": 3863.05206769954,
    "max": 29408.691655977895,
    "percentiles": {
      "p10": 22500.202501823765,
      "p25": 26126.8899397016,
      "p50": 27201.69899202175,
      "p75": 27705.522021723707,
      "p90": 28307.587153913646,
      "p95": 28587.379500571158,
      "p99": 28927.693783005358
    }
  },
  "details": {
    "DNSDialup": {
      "average": 0.00160734618,
      "fastest": 0.000077901,
      "slowest": 0.001750919
    },
    "DNSLookup": {
      "average": 0.000004726,
      "fastest": 0.0000036,
      "slowest": 0.0000387
    }
  },
  "statusCodeDistribution": {
    "200": 258767
  },
  "errorDistribution": {}
}