{
  "summary": {
    "successRate": 1,
    "total": 10.001767164,
    "slowest": 0.016668506,
    "fastest": 0.000507608,
    "average": 0.001903902658557195,
    "requestsPerSec": 26228.16505309321,
    "totalData": 3410264,
    "sizePerRequest": 13,
    "sizePerSec": 340966.14569021174
  },
  "responseTimeHistogram": {
    "0.000507608": 1,
    "0.0021236978": 243489,
    "0.0037397876000000003": 12351,
    "0.0053558774": 5574,
    "0.0069719672": 182,
    "0.008588057": 89,
    "0.010204146800000001": 322,
    "0.0118202366": 219,
    "0.0134363264": 51,
    "0.0150524162": 0,
    "0.016668506": 50
  },
  "latencyPercentiles": {
    "p10": 0.001483527,
    "p25": 0.001565925,
    "p50": 0.001904431,
    "p75": 0.002007931,
    "p90": 0.002084433,
    "p95": 0.002578747,
    "p99": 0.003995764
  },
  "rps": {
    "mean": 26245.647032221837,
    "stddev": 3908.4488387176743,
    "max": 29625.1148984288,
    "percentiles": {
      "p10": 22107.624085296673,
      "p25": 26754.890333007093,
      "p50": 27858.170635747916,
      "p75": 28055.418873099497,
      "p90": 28299.644753241,
      "p95": 28785.253284651317,
      "p99": 29208.679869781477
    }
  },
  "details": {
    "DNSDialup": {
      "average": 0.0015289582599999998,
      "fastest": 0.000070802,
      "slowest": 0.001706932
    },
    "DNSLookup": {
      "average": 0.000004872080000000001,
      "fastest": 0.0000037,
      "slowest": 0.000041901
    }
  },
  "statusCodeDistribution": {
    "200": 262328
  },
  "errorDistribution": {}
}