{
  "summary": {
    "successRate": 1,
    "total": 10.001567848,
    "slowest": 0.018147935,
    "fastest": 0.0001698,
    "average": 0.0017726064356606115,
    "requestsPerSec": 28181.281603400064,
    "totalData": 3664141,
    "sizePerRequest": 13,
    "sizePerSec": 366356.6608442009
  },
  "responseTimeHistogram": {
    "0.0001698": 1,
    "0.0019676134999999997": 258438,
    "0.0037654269999999996": 19857,
    "0.005563240499999999": 2273,
    "0.007361054": 484,
    "0.009158867499999999": 483,
    "0.010956680999999998": 271,
    "0.012754494499999998": 0,
    "0.014552307999999998": 8,
    "0.0163501215": 33,
    "0.018147935": 9
  },
  "latencyPercentiles": {
    "p10": 0.001353301,
    "p25": 0.001434602,
    "p50": 0.001767302,
    "p75": 0.001839202,
    "p90": 0.001926102,
    "p95": 0.002945204,
    "p99": 0.004158808
  },
  "rps": {
    "mean": 28183.228029303253,
    "stddev": 5023.977758123087,
    "max": 33142.13918730155,
    "percentiles": {
      "p10": 25343.511038085104,
      "p25": 27515.90694580545,
      "p50": 30126.495127741644,
      "p75": 30564.62311876648,
      "p90": 31158.620621059257,
      "p95": 31490.98996315019,
      "p99": 31905.391235729156
    }
  },
  "details": {
    "DNSDialup": {
      "average": 0.0012830624599999999,
      "fastest": 0.0000665,
      "slowest": 0.002769505
    },
    "DNSLookup": {
      "average": 0.000004236,
      "fastest": 0.000003,
      "slowest": 0.0000352
    }
  },
  "statusCodeDistribution": {
    "200": 281857
  },
  "errorDistribution": {}
}