{
  "summary": {
    "successRate": 1,
    "total": 10.002240307,
    "slowest": 0.022895259,
    "fastest": 0.000551404,
    "average": 0.0031614624180641114,
    "requestsPerSec": 15799.06052541115,
    "totalData": 2054338,
    "sizePerRequest": 13,
    "sizePerSec": 205387.78683034496
  },
  "responseTimeHistogram": {
    "0.000551404": 1,
    "0.0027857895000000005": 53579,
    "0.005020175000000001": 95970,
    "0.007254560500000002": 7118,
    "0.009488946000000002": 687,
    "0.011723331500000002": 431,
    "0.013957717000000003": 140,
    "0.0161921025": 0,
    "0.018426488": 18,
    "0.020660873500000003": 69,
    "0.022895259": 13
  },
  "latencyPercentiles": {
    "p10": 0.002248315,
    "p25": 0.002665418,
    "p50": 0.00295712,
    "p75": 0.003315323,
    "p90": 0.004149828,
    "p95": 0.005107834,
    "p99": 0.007063148
  },
  "rps": {
    "mean": 15800.931391597804,
    "stddev": 3345.609387915624,
    "max": 23471.785856113875,
    "percentiles": {
      "p10": 11702.49497192799,
      "p25": 13933.41719032221,
      "p50": 16811.31737885926,
      "p75": 18093.600002170206,
      "p90": 19060.52664972192,
      "p95": 19620.4592765625,
      "p99": 20778.55217670847
    }
  },
  "details": {
    "DNSDialup": {
      "average": 0.0021949672000000004,
      "fastest": 0.0000876,
      "slowest": 0.002662718
    },
    "DNSLookup": {
      "average": 0.000006444040000000001,
      "fastest": 0.0000051,
      "slowest": 0.000030501
    }
  },
  "statusCodeDistribution": {
    "200": 158026
  },
  "errorDistribution": {}
}