{
  "summary": {
    "successRate": 1,
    "total": 10.001724668,
    "slowest": 0.017269885,
    "fastest": 0.000371515,
    "average": 0.0019589655115375896,
    "requestsPerSec": 25490.503734390542,
    "totalData": 3314337,
    "sizePerRequest": 13,
    "sizePerSec": 331376.54854707705
  },
  "responseTimeHistogram": {
    "0.000371515": 1,
    "0.002061352": 176931,
    "0.0037511890000000003": 70807,
    "0.005441026000000001": 6213,
    "0.007130863": 297,
    "0.008820699999999999": 0,
    "0.010510537": 446,
    "0.012200374": 154,
    "0.013890211": 50,
    "0.015580047999999999": 0,
    "0.017269885": 50
  },
  "latencyPercentiles": {
    "p10": 0.001535861,
    "p25": 0.001618264,
    "p50": 0.001932377,
    "p75": 0.002086082,
    "p90": 0.002168486,
    "p95": 0.002670906,
    "p99": 0.004197766
  },
  "rps": {
    "mean": 25524.778161974406,
    "stddev": 3911.574789863307,
    "max": 29584.62371055653,
    "percentiles": {
      "p10": 21206.158268360698,
      "p25": 25737.071678045235,
      "p50": 26995.816899154008,
      "p75": 27416.536731028882,
      "p90": 28184.241630963723,
      "p95": 28438.922173153533,
      "p99": 28781.367794501828
    }
  },
  "details": {
    "DNSDialup": {
      "average": 0.0014210923999999998,
      "fastest": 0.000072303,
      "slowest": 0.001622764
    },
    "DNSLookup": {
      "average": 0.000004368119999999999,
      "fastest": 0.0000031,
      "slowest": 0.000046602
    }
  },
  "statusCodeDistribution": {
    "200": 254949
  },
  "errorDistribution": {}
}