{
  "summary": {
    "successRate": 1,
    "total": 10.001718648,
    "slowest": 0.019692922,
    "fastest": 0.000503208,
    "average": 0.0019462928385008632,
    "requestsPerSec": 25655.790672667197,
    "totalData": 3335826,
    "sizePerRequest": 13,
    "sizePerSec": 333525.2787446736
  },
  "responseTimeHistogram": {
    "0.000503208": 1,
    "0.0024221794": 241774,
    "0.0043411508": 12862,
    "0.006260122199999999": 1128,
    "0.0081790936": 137,
    "0.010098065": 212,
    "0.012017036399999998": 388,
    "0.013936007799999999": 50,
    "0.0158549792": 37,
    "0.0177739506": 1,
    "0.019692922": 12
  },
  "latencyPercentiles": {
    "p10": 0.001523525,
    "p25": 0.001601026,
    "p50": 0.001939232,
    "p75": 0.002062134,
    "p90": 0.002141035,
    "p95": 0.002701044,
    "p99": 0.004127767
  },
  "rps": {
    "mean": 25690.916884094408,
    "stddev": 3964.2612804722585,
    "max": 35914.638088185864,
    "percentiles": {
      "p10": 21902.271265529933,
      "p25": 25924.981311992015,
      "p50": 27078.377426130268,
      "p75": 27597.798317897807,
      "p90": 28155.772170505217,
      "p95": 28464.566206132622,
      "p99": 28879.528445433312
    }
  },
  "details": {
    "DNSDialup": {
      "average": 0.0017372362999999997,
      "fastest": 0.000084002,
      "slowest": 0.003977365
    },
    "DNSLookup": {
      "average": 0.000005408040000000002,
      "fastest": 0.000004,
      "slowest": 0.000046401
    }
  },
  "statusCodeDistribution": {
    "200": 256602
  },
  "errorDistribution": {}
}