{
  "summary": {
    "successRate": 1,
    "total": 10.001375407,
    "slowest": 0.017159885,
    "fastest": 0.0003686,
    "average": 0.0017559022330348646,
    "requestsPerSec": 28444.187766503666,
    "totalData": 3698253,
    "sizePerRequest": 13,
    "sizePerSec": 369774.4409645476
  },
  "responseTimeHistogram": {
    "0.0003686": 1,
    "0.0020477285": 264671,
    "0.003726857": 17370,
    "0.0054059855": 1473,
    "0.007085114": 172,
    "0.0087642425": 157,
    "0.010443371": 536,
    "0.0121224995": 24,
    "0.013801628": 27,
    "0.0154807565": 0,
    "0.017159885": 50
  },
  "latencyPercentiles": {
    "p10": 0.001367097,
    "p25": 0.001435699,
    "p50": 0.001767898,
    "p75": 0.001854597,
    "p90": 0.001929696,
    "p95": 0.002529998,
    "p99": 0.003579194
  },
  "rps": {
    "mean": 28471.093595520604,
    "stddev": 4244.83941590204,
    "max": 32260.741457342,
    "percentiles": {
      "p10": 24920.84516554268,
      "p25": 27006.5058672635,
      "p50": 30208.133012451297,
      "p75": 30509.372655694136,
      "p90": 30889.379697989374,
      "p95": 31354.060092034855,
      "p99": 31763.56631109193
    }
  },
  "details": {
    "DNSDialup": {
      "average": 0.0012832948199999995,
      "fastest": 0.000065799,
      "slowest": 0.001413898
    },
    "DNSLookup": {
      "average": 0.000003986000000000001,
      "fastest": 0.000003,
      "slowest": 0.0000345
    }
  },
  "statusCodeDistribution": {
    "200": 284481
  },
  "errorDistribution": {}
}