{
  "summary": {
    "successRate": 1,
    "total": 10.002143463,
    "slowest": 0.02582147,
    "fastest": 0.000703204,
    "average": 0.003304871216000319,
    "requestsPerSec": 15115.260099924044,
    "totalData": 1965405,
    "sizePerRequest": 13,
    "sizePerSec": 196498.38129901257
  },
  "responseTimeHistogram": {
    "0.000703204": 1,
    "0.0032150306": 79703,
    "0.0057268572": 66231,
    "0.0082386838": 4321,
    "0.010750510400000001": 403,
    "0.013262337": 442,
    "0.015774163600000002": 34,
    "0.0182859902": 0,
    "0.0207978168": 30,
    "0.0233096434": 0,
    "0.02582147": 20
  },
  "latencyPercentiles": {
    "p10": 0.002375816,
    "p25": 0.00292772,
    "p50": 0.003196521,
    "p75": 0.003396623,
    "p90": 0.003950926,
    "p95": 0.005347635,
    "p99": 0.007420549
  },
  "rps": {
    "mean": 15111.683280242047,
    "stddev": 2858.7174464305344,
    "max": 25252.365831023402,
    "percentiles": {
      "p10": 11404.82880451575,
      "p25": 14630.920988416956,
      "p50": 16110.36540910438,
      "p75": 16749.965402129506,
      "p90": 17306.46223299794,
      "p95": 17634.480657017644,
      "p99": 18345.492773772075
    }
  },
  "details": {
    "DNSDialup": {
      "average": 0.0022098666000000006,
      "fastest": 0.000084301,
      "slowest": 0.004765331
    },
    "DNSLookup": {
      "average": 0.00000704206,
      "fastest": 0.0000052,
      "slowest": 0.0000364
    }
  },
  "statusCodeDistribution": {
    "200": 151185
  },
  "errorDistribution": {}
}