{
  "summary": {
    "successRate": 1,
    "total": 10.001684418,
    "slowest": 0.018638888,
    "fastest": 0.000486609,
    "average": 0.001960336913219223,
    "requestsPerSec": 25473.70916257598,
    "totalData": 3312140,
    "sizePerRequest": 13,
    "sizePerSec": 331158.21911348775
  },
  "responseTimeHistogram": {
    "0.000486609": 1,
    "0.0023018369": 239309,
    "0.0041170648": 13350,
    "0.0059322927": 1316,
    "0.0077475206": 90,
    "0.0095627485": 111,
    "0.011377976400000002": 503,
    "0.0131932043": 50,
    "0.015008432200000001": 0,
    "0.0168236601": 46,
    "0.018638888": 4
  },
  "latencyPercentiles": {
    "p10": 0.001542915,
    "p25": 0.001623517,
    "p50": 0.001944319,
    "p75": 0.002099222,
    "p90": 0.002176622,
    "p95": 0.002656927,
    "p99": 0.004031941
  },
  "rps": {
    "mean": 25493.895535224234,
    "stddev": 3795.2639360779062,
    "max": 29080.258605726696,
    "percentiles": {
      "p10": 21868.88480023148,
      "p25": 25747.112065658504,
      "p50": 26879.525252394298,
      "p75": 27212.1695324416,
      "p90": 27930.06933613745,
      "p95": 28259.581457169137,
      "p99": 28590.816066409683
    }
  },
  "details": {
    "DNSDialup": {
      "average": 0.0016199082999999997,
      "fastest": 0.000075901,
      "slowest": 0.00402944
    },
    "DNSLookup": {
      "average": 0.0000061540399999999984,
      "fastest": 0.0000037,
      "slowest": 0.000063
    }
  },
  "statusCodeDistribution": {
    "200": 254780
  },
  "errorDistribution": {}
}