{
  "summary": {
    "successRate": 1,
    "total": 10.001521777,
    "slowest": 0.017671255,
    "fastest": 0.000245103,
    "average": 0.0019378758777814009,
    "requestsPerSec": 25769.578444822295,
    "totalData": 3350555,
    "sizePerRequest": 13,
    "sizePerSec": 335004.51978268987
  },
  "responseTimeHistogram": {
    "0.000245103": 1,
    "0.0019877182": 151818,
    "0.0037303334": 100437,
    "0.005472948599999999": 4563,
    "0.0072155638": 188,
    "0.008958179": 60,
    "0.010700794199999999": 497,
    "0.0124434094": 79,
    "0.0141860246": 42,
    "0.015928639799999998": 0,
    "0.017671255": 50
  },
  "latencyPercentiles": {
    "p10": 0.001520613,
    "p25": 0.001599514,
    "p50": 0.001937217,
    "p75": 0.002058218,
    "p90": 0.002136919,
    "p95": 0.002638023,
    "p99": 0.003970534
  },
  "rps": {
    "mean": 25791.730934329655,
    "stddev": 3768.8572730066385,
    "max": 32858.41687305061,
    "percentiles": {
      "p10": 22231.44798590921,
      "p25": 25955.80440036707,
      "p50": 27116.844984103966,
      "p75": 27585.965267659507,
      "p90": 28132.17210546828,
      "p95": 28472.669084945876,
      "p99": 28844.299512545116
    }
  },
  "details": {
    "DNSDialup": {
      "average": 0.0013778200199999998,
      "fastest": 0.0000681,
      "slowest": 0.001534814
    },
    "DNSLookup": {
      "average": 0.00000476404,
      "fastest": 0.0000033,
      "slowest": 0.000057501
    }
  },
  "statusCodeDistribution": {
    "200": 257735
  },
  "errorDistribution": {}
}