{
  "summary": {
    "successRate": 1,
    "total": 10.00166084,
    "slowest": 0.017924013,
    "fastest": 0.000506597,
    "average": 0.0018343287694352374,
    "requestsPerSec": 27232.07718769236,
    "totalData": 3540758,
    "sizePerRequest": 13,
    "sizePerSec": 354017.0034400007
  },
  "responseTimeHistogram": {
    "0.000506597": 1,
    "0.0022483385999999997": 250834,
    "0.003990080199999999": 18044,
    "0.005731821799999999": 1551,
    "0.007473563399999999": 682,
    "0.009215304999999998": 432,
    "0.010957046599999997": 309,
    "0.012698788199999998": 193,
    "0.014440529799999997": 215,
    "0.0161822714": 73,
    "0.017924013": 32
  },
  "latencyPercentiles": {
    "p10": 0.001392494,
    "p25": 0.001462893,
    "p50": 0.001812791,
    "p75": 0.00189749,
    "p90": 0.00199699,
    "p95": 0.002793586,
    "p99": 0.004840776
  },
  "rps": {
    "mean": 27171.72868377991,
    "stddev": 5626.93486229063,
    "max": 34971.90271104441,
    "percentiles": {
      "p10": 21224.626416109055,
      "p25": 25627.801038566777,
      "p50": 29636.977130209263,
      "p75": 29980.3991629203,
      "p90": 30305.033941637805,
      "p95": 30612.497278326016,
      "p99": 31154.417597759493
    }
  },
  "details": {
    "DNSDialup": {
      "average": 0.0012792217399999997,
      "fastest": 0.000067199,
      "slowest": 0.002780986
    },
    "DNSLookup": {
      "average": 0.000004225979999999999,
      "fastest": 0.000003,
      "slowest": 0.0000341
    }
  },
  "statusCodeDistribution": {
    "200": 272366
  },
  "errorDistribution": {}
}