{
  "summary": {
    "successRate": 1,
    "total": 10.001605064,
    "slowest": 0.025991175,
    "fastest": 0.000464844,
    "average": 0.002213954669929714,
    "requestsPerSec": 22551.880278883207,
    "totalData": 2932215,
    "sizePerRequest": 13,
    "sizePerSec": 293174.4436254817
  },
  "responseTimeHistogram": {
    "0.000464844": 1,
    "0.0030174770999999998": 211873,
    "0.0055701102": 12199,
    "0.0081227433": 721,
    "0.0106753764": 232,
    "0.0132280095": 429,
    "0.0157806426": 50,
    "0.0183332757": 2,
    "0.0208859088": 20,
    "0.0234385419": 27,
    "0.025991175": 1
  },
  "latencyPercentiles": {
    "p10": 0.00168196,
    "p25": 0.001810573,
    "p50": 0.002163406,
    "p75": 0.002332623,
    "p90": 0.002467735,
    "p95": 0.003495233,
    "p99": 0.004746352
  },
  "rps": {
    "mean": 22547.68193493066,
    "stddev": 4058.853184236061,
    "max": 27975.158059640562,
    "percentiles": {
      "p10": 18325.37698204479,
      "p25": 22494.806485272227,
      "p50": 23980.504364556647,
      "p75": 24578.829104667082,
      "p90": 25336.479922560316,
      "p95": 25719.216544766394,
      "p99": 26439.065367634095
    }
  },
  "details": {
    "DNSDialup": {
      "average": 0.0016453907400000003,
      "fastest": 0.000080608,
      "slowest": 0.004237804
    },
    "DNSLookup": {
      "average": 0.00000554654,
      "fastest": 0.0000037,
      "slowest": 0.000040604
    }
  },
  "statusCodeDistribution": {
    "200": 225555
  },
  "errorDistribution": {}
}