{
  "summary": {
    "successRate": 1,
    "total": 10.002377077,
    "slowest": 0.027942997,
    "fastest": 0.0002828,
    "average": 0.0031741868737816207,
    "requestsPerSec": 15734.059892811218,
    "totalData": 2045914,
    "sizePerRequest": 13,
    "sizePerSec": 204542.77860654582
  },
  "responseTimeHistogram": {
    "0.0002828": 1,
    "0.0030488197": 91464,
    "0.0058148394": 62258,
    "0.0085808591": 2555,
    "0.0113468788": 646,
    "0.0141128985": 311,
    "0.0168789182": 82,
    "0.0196449379": 11,
    "0.0224109576": 37,
    "0.0251769773": 0,
    "0.027942997": 13
  },
  "latencyPercentiles": {
    "p10": 0.0023114,
    "p25": 0.002806199,
    "p50": 0.0029988,
    "p75": 0.003198399,
    "p90": 0.003967599,
    "p95": 0.0050975,
    "p99": 0.007516699
  },
  "rps": {
    "mean": 15748.040305099561,
    "stddev": 3074.9448650010245,
    "max": 20027.174561180644,
    "percentiles": {
      "p10": 12019.440137963109,
      "p25": 14513.338224328278,
      "p50": 16878.999825726627,
      "p75": 17595.12216293232,
      "p90": 18169.639263636105,
      "p95": 18550.43269644625,
      "p99": 19197.26430636747
    }
  },
  "details": {
    "DNSDialup": {
      "average": 0.002275001940000001,
      "fastest": 0.0001007,
      "slowest": 0.004540299
    },
    "DNSLookup": {
      "average": 0.000007634,
      "fastest": 0.0000059,
      "slowest": 0.0000355
    }
  },
  "statusCodeDistribution": {
    "200": 157378
  },
  "errorDistribution": {}
}