{
  "summary": {
    "successRate": 1,
    "total": 10.001394336,
    "slowest": 0.017345866,
    "fastest": 0.000119199,
    "average": 0.0017361835111737558,
    "requestsPerSec": 28768.788664228905,
    "totalData": 3740464,
    "sizePerRequest": 13,
    "sizePerSec": 373994.25263497577
  },
  "responseTimeHistogram": {
    "0.000119199": 1,
    "0.0018418657": 227070,
    "0.0035645324": 57045,
    "0.005287199100000001": 2001,
    "0.007009865800000001": 808,
    "0.008732532500000001": 212,
    "0.010455199200000001": 541,
    "0.012177865900000001": 0,
    "0.013900532600000001": 7,
    "0.015623199300000001": 36,
    "0.017345866": 7
  },
  "latencyPercentiles": {
    "p10": 0.001350193,
    "p25": 0.001422792,
    "p50": 0.001741187,
    "p75": 0.00182749,
    "p90": 0.00190279,
    "p95": 0.002473386,
    "p99": 0.004000669
  },
  "rps": {
    "mean": 28769.30627027698,
    "stddev": 4601.899760067884,
    "max": 32840.05308764362,
    "percentiles": {
      "p10": 25614.995018083777,
      "p25": 27759.98032080815,
      "p50": 30444.986165409813,
      "p75": 30913.647985097436,
      "p90": 31598.7555908472,
      "p95": 31817.33127888134,
      "p99": 32259.879893515885
    }
  },
  "details": {
    "DNSDialup": {
      "average": 0.0006869986799999999,
      "fastest": 0.0000394,
      "slowest": 0.001016192
    },
    "DNSLookup": {
      "average": 0.00000435394,
      "fastest": 0.0000028,
      "slowest": 0.000033299
    }
  },
  "statusCodeDistribution": {
    "200": 287728
  },
  "errorDistribution": {}
}