{
  "summary": {
    "successRate": 1,
    "total": 10.001785164,
    "slowest": 0.01682681,
    "fastest": 0.000250899,
    "average": 0.0018220574416146647,
    "requestsPerSec": 27413.806186009377,
    "totalData": 3564431,
    "sizePerRequest": 13,
    "sizePerSec": 356379.4804181219
  },
  "responseTimeHistogram": {
    "0.000250899": 1,
    "0.0019084901000000001": 195009,
    "0.0035660812000000005": 75745,
    "0.0052236723": 2030,
    "0.0068812634000000004": 547,
    "0.008538854500000002": 185,
    "0.010196445600000001": 570,
    "0.011854036700000002": 28,
    "0.013511627800000002": 22,
    "0.015169218900000002": 0,
    "0.01682681": 50
  },
  "latencyPercentiles": {
    "p10": 0.001406693,
    "p25": 0.001487793,
    "p50": 0.001821391,
    "p75": 0.00192449,
    "p90": 0.00203179,
    "p95": 0.002734586,
    "p99": 0.003875481
  },
  "rps": {
    "mean": 27423.630666913792,
    "stddev": 4219.328678983588,
    "max": 34459.167953525095,
    "percentiles": {
      "p10": 24109.52567359429,
      "p25": 26037.105479018035,
      "p50": 29133.363527912366,
      "p75": 29613.770403235983,
      "p90": 30106.65902589902,
      "p95": 30408.583051670557,
      "p99": 30821.93242895369
    }
  },
  "details": {
    "DNSDialup": {
      "average": 0.0012429873600000004,
      "fastest": 0.0000644,
      "slowest": 0.001388992
    },
    "DNSLookup": {
      "average": 0.000004025999999999998,
      "fastest": 0.000003,
      "slowest": 0.0000362
    }
  },
  "statusCodeDistribution": {
    "200": 274187
  },
  "errorDistribution": {}
}