{
  "summary": {
    "successRate": 1,
    "total": 10.001765218,
    "slowest": 0.0171016,
    "fastest": 0.0003499,
    "average": 0.0017547865112896883,
    "requestsPerSec": 28463.375593706125,
    "totalData": 3700892,
    "sizePerRequest": 13,
    "sizePerSec": 370023.8827181796
  },
  "responseTimeHistogram": {
    "0.0003499": 1,
    "0.0020250700000000003": 266455,
    "0.0037002400000000005": 15991,
    "0.005375410000000001": 1293,
    "0.007050580000000001": 162,
    "0.00872575": 212,
    "0.010400920000000001": 470,
    "0.012076090000000001": 50,
    "0.013751260000000001": 0,
    "0.015426430000000001": 0,
    "0.0171016": 50
  },
  "latencyPercentiles": {
    "p10": 0.0013755,
    "p25": 0.0014426,
    "p50": 0.0017812,
    "p75": 0.001864299,
    "p90": 0.0019333,
    "p95": 0.0023912,
    "p99": 0.0034863
  },
  "rps": {
    "mean": 28467.892098958233,
    "stddev": 4042.734332126361,
    "max": 32990.43277449857,
    "percentiles": {
      "p10": 25360.282054641684,
      "p25": 27887.03035508399,
      "p50": 30089.458510104534,
      "p75": 30310.82051082884,
      "p90": 30508.97384644483,
      "p95": 30767.374639088062,
      "p99": 31460.86238371248
    }
  },
  "details": {
    "DNSDialup": {
      "average": 0.0012524079999999998,
      "fastest": 0.0000617,
      "slowest": 0.0014226
    },
    "DNSLookup": {
      "average": 0.000004000000000000001,
      "fastest": 0.0000029,
      "slowest": 0.0000345
    }
  },
  "statusCodeDistribution": {
    "200": 284684
  },
  "errorDistribution": {}
}