{
  "summary": {
    "successRate": 1,
    "total": 10.001499262,
    "slowest": 0.018751557,
    "fastest": 0.000402403,
    "average": 0.001961700954563977,
    "requestsPerSec": 25451.78411072506,
    "totalData": 3309228,
    "sizePerRequest": 13,
    "sizePerSec": 330873.1934394258
  },
  "responseTimeHistogram": {
    "0.000402403": 1,
    "0.0022373184": 236132,
    "0.0040722338": 15122,
    "0.0059071492000000005": 2471,
    "0.0077420646": 160,
    "0.00957698": 125,
    "0.011411895400000002": 485,
    "0.013246810800000001": 10,
    "0.015081726200000001": 35,
    "0.0169166416": 0,
    "0.018751557": 15
  },
  "latencyPercentiles": {
    "p10": 0.001534613,
    "p25": 0.001616013,
    "p50": 0.001932217,
    "p75": 0.002081818,
    "p90": 0.002166918,
    "p95": 0.003004026,
    "p99": 0.004150235
  },
  "rps": {
    "mean": 25443.237151029243,
    "stddev": 4128.61340413605,
    "max": 31990.25600496967,
    "percentiles": {
      "p10": 21401.7463825053,
      "p25": 25725.25448232591,
      "p50": 26966.01864440563,
      "p75": 27423.253068875943,
      "p90": 28174.65783443688,
      "p95": 28431.843281125115,
      "p99": 28822.05397691414
    }
  },
  "details": {
    "DNSDialup": {
      "average": 0.0015986314800000003,
      "fastest": 0.000198402,
      "slowest": 0.003290727
    },
    "DNSLookup": {
      "average": 0.00000496,
      "fastest": 0.0000034,
      "slowest": 0.000039
    }
  },
  "statusCodeDistribution": {
    "200": 254556
  },
  "errorDistribution": {}
}