{
  "summary": {
    "successRate": 1,
    "total": 10.001748799,
    "slowest": 0.022762163,
    "fastest": 0.000677605,
    "average": 0.003282770726761431,
    "requestsPerSec": 15216.638915708085,
    "totalData": 1978509,
    "sizePerRequest": 13,
    "sizePerSec": 197816.3059042051
  },
  "responseTimeHistogram": {
    "0.000677605": 1,
    "0.0028860607999999996": 38534,
    "0.0050945166": 105521,
    "0.007302972399999998": 6460,
    "0.009511428199999998": 1049,
    "0.011719883999999998": 221,
    "0.013928339799999996": 306,
    "0.016136795599999997": 51,
    "0.0183452514": 0,
    "0.020553707199999997": 16,
    "0.022762163": 34
  },
  "latencyPercentiles": {
    "p10": 0.002381217,
    "p25": 0.002880621,
    "p50": 0.003136822,
    "p75": 0.003382224,
    "p90": 0.004001629,
    "p95": 0.005218537,
    "p99": 0.007439353
  },
  "rps": {
    "mean": 15236.202357073735,
    "stddev": 2801.4783925644483,
    "max": 20677.92525465211,
    "percentiles": {
      "p10": 11655.656927393395,
      "p25": 14450.766341562681,
      "p50": 16186.02365760754,
      "p75": 16931.385193430022,
      "p90": 17487.702061496482,
      "p95": 17781.195598970542,
      "p99": 18626.177495939366
    }
  },
  "details": {
    "DNSDialup": {
      "average": 0.0025785503800000004,
      "fastest": 0.0000838,
      "slowest": 0.005138637
    },
    "DNSLookup": {
      "average": 0.000008978060000000002,
      "fastest": 0.0000054,
      "slowest": 0.0000801
    }
  },
  "statusCodeDistribution": {
    "200": 152193
  },
  "errorDistribution": {}
}