{
  "summary": {
    "successRate": 1,
    "total": 10.00215406,
    "slowest": 0.028160855,
    "fastest": 0.000451304,
    "average": 0.003211419140570639,
    "requestsPerSec": 15553.249736687218,
    "totalData": 2022358,
    "sizePerRequest": 13,
    "sizePerSec": 202192.24657693383
  },
  "responseTimeHistogram": {
    "0.000451304": 1,
    "0.0032222591": 113057,
    "0.005993214199999999": 38401,
    "0.0087641693": 2748,
    "0.0115351244": 848,
    "0.014306079499999999": 461,
    "0.0170770346": 0,
    "0.0198479897": 0,
    "0.0226189448": 22,
    "0.0253898999": 10,
    "0.028160855": 18
  },
  "latencyPercentiles": {
    "p10": 0.00227652,
    "p25": 0.002826036,
    "p50": 0.003013827,
    "p75": 0.003257128,
    "p90": 0.004038335,
    "p95": 0.005284446,
    "p99": 0.008324905
  },
  "rps": {
    "mean": 15593.2290784671,
    "stddev": 3226.745857034162,
    "max": 21926.86392119139,
    "percentiles": {
      "p10": 11619.490533420618,
      "p25": 14575.927186546456,
      "p50": 16708.293006527685,
      "p75": 17507.657849543717,
      "p90": 18180.74019247512,
      "p95": 18702.879485215857,
      "p99": 19654.801044556843
    }
  },
  "details": {
    "DNSDialup": {
      "average": 0.00240584628,
      "fastest": 0.000091801,
      "slowest": 0.00472246
    },
    "DNSLookup": {
      "average": 0.000008578080000000004,
      "fastest": 0.0000061,
      "slowest": 0.000030601
    }
  },
  "statusCodeDistribution": {
    "200": 155566
  },
  "errorDistribution": {}
}