{
  "summary": {
    "successRate": 1,
    "total": 10.001754604,
    "slowest": 0.019133689,
    "fastest": 0.000374103,
    "average": 0.0019551105180467656,
    "requestsPerSec": 25540.31868546732,
    "totalData": 3320824,
    "sizePerRequest": 13,
    "sizePerSec": 332024.14291107515
  },
  "responseTimeHistogram": {
    "0.000374103": 1,
    "0.0022500615999999996": 237834,
    "0.004126020199999999": 14931,
    "0.006001978799999999": 1909,
    "0.0078779374": 97,
    "0.009753896": 101,
    "0.0116298546": 475,
    "0.0135058132": 50,
    "0.0153817718": 0,
    "0.017257730399999997": 43,
    "0.019133689": 7
  },
  "latencyPercentiles": {
    "p10": 0.001530815,
    "p25": 0.001611316,
    "p50": 0.001936558,
    "p75": 0.002073821,
    "p90": 0.002160321,
    "p95": 0.002701727,
    "p99": 0.00413634
  },
  "rps": {
    "mean": 25570.960221064324,
    "stddev": 3949.700145054188,
    "max": 29851.4417518276,
    "percentiles": {
      "p10": 21608.21544351148,
      "p25": 25715.434403729963,
      "p50": 26981.175898036923,
      "p75": 27516.237331649314,
      "p90": 28203.954194380174,
      "p95": 28441.655116080616,
      "p99": 28775.064086399092
    }
  },
  "details": {
    "DNSDialup": {
      "average": 0.0016474842200000005,
      "fastest": 0.000084101,
      "slowest": 0.003682337
    },
    "DNSLookup": {
      "average": 0.000005504059999999999,
      "fastest": 0.0000037,
      "slowest": 0.000045201
    }
  },
  "statusCodeDistribution": {
    "200": 255448
  },
  "errorDistribution": {}
}