{
  "summary": {
    "successRate": 1,
    "total": 10.001518191,
    "slowest": 0.017398472,
    "fastest": 0.000379799,
    "average": 0.001766792447033149,
    "requestsPerSec": 28268.108361229893,
    "totalData": 3675412,
    "sizePerRequest": 13,
    "sizePerSec": 367485.40869598865
  },
  "responseTimeHistogram": {
    "0.000379799": 1,
    "0.0020816663000000003": 254836,
    "0.0037835336000000006": 25158,
    "0.005485400900000001": 1755,
    "0.007187268200000001": 220,
    "0.008889135500000001": 502,
    "0.010591002800000002": 152,
    "0.012292870100000002": 50,
    "0.013994737400000002": 0,
    "0.015696604700000002": 42,
    "0.017398472": 8
  },
  "latencyPercentiles": {
    "p10": 0.001361698,
    "p25": 0.001427998,
    "p50": 0.001763497,
    "p75": 0.001850897,
    "p90": 0.002055497,
    "p95": 0.002654796,
    "p99": 0.003742594
  },
  "rps": {
    "mean": 28275.525643622943,
    "stddev": 4771.712835064228,
    "max": 32908.938067579904,
    "percentiles": {
      "p10": 21243.583335571177,
      "p25": 26714.4756838904,
      "p50": 30367.837331458606,
      "p75": 30763.842299968732,
      "p90": 31404.12764805963,
      "p95": 31763.821193897937,
      "p99": 32171.1874844901
    }
  },
  "details": {
    "DNSDialup": {
      "average": 0.00128940792,
      "fastest": 0.0000681,
      "slowest": 0.003058995
    },
    "DNSLookup": {
      "average": 0.000004118000000000001,
      "fastest": 0.0000029,
      "slowest": 0.0000332
    }
  },
  "statusCodeDistribution": {
    "200": 282724
  },
  "errorDistribution": {}
}