{
  "summary": {
    "successRate": 1,
    "total": 10.001863414,
    "slowest": 0.021405517,
    "fastest": 0.000498507,
    "average": 0.0019326414421400413,
    "requestsPerSec": 25839.48503418345,
    "totalData": 3359759,
    "sizePerRequest": 13,
    "sizePerSec": 335913.30544438487
  },
  "responseTimeHistogram": {
    "0.000498507": 1,
    "0.002589208": 244790,
    "0.0046799089999999995": 12234,
    "0.00677061": 663,
    "0.008861311": 249,
    "0.010952012": 437,
    "0.013042713": 19,
    "0.015133414": 13,
    "0.017224114999999998": 27,
    "0.019314816": 0,
    "0.021405517": 10
  },
  "latencyPercentiles": {
    "p10": 0.001519822,
    "p25": 0.001590223,
    "p50": 0.001948729,
    "p75": 0.002059231,
    "p90": 0.002130232,
    "p95": 0.002783241,
    "p99": 0.003969159
  },
  "rps": {
    "mean": 25862.14440580979,
    "stddev": 3739.456965697609,
    "max": 30002.458265933587,
    "percentiles": {
      "p10": 22169.70330863123,
      "p25": 26051.45683754502,
      "p50": 27200.413446284747,
      "p75": 27649.63939760978,
      "p90": 28382.174911018425,
      "p95": 28620.250122185043,
      "p99": 28969.448861521785
    }
  },
  "details": {
    "DNSDialup": {
      "average": 0.0014838998800000005,
      "fastest": 0.000074801,
      "slowest": 0.003217248
    },
    "DNSLookup": {
      "average": 0.000004682080000000002,
      "fastest": 0.0000032,
      "slowest": 0.000042301
    }
  },
  "statusCodeDistribution": {
    "200": 258443
  },
  "errorDistribution": {}
}