{
  "summary": {
    "successRate": 1,
    "total": 10.001511216,
    "slowest": 0.017296941,
    "fastest": 0.000205103,
    "average": 0.0019734910447585185,
    "requestsPerSec": 25303.07615864598,
    "totalData": 3289897,
    "sizePerRequest": 13,
    "sizePerSec": 328939.9900623978
  },
  "responseTimeHistogram": {
    "0.000205103": 1,
    "0.0019142867999999997": 123555,
    "0.0036234705999999995": 118778,
    "0.005332654399999999": 8653,
    "0.007041838199999999": 1358,
    "0.008751021999999999": 93,
    "0.010460205799999999": 247,
    "0.012169389599999999": 334,
    "0.013878573399999998": 0,
    "0.015587757199999998": 5,
    "0.017296941": 45
  },
  "latencyPercentiles": {
    "p10": 0.00153042,
    "p25": 0.001601821,
    "p50": 0.001938725,
    "p75": 0.002075427,
    "p90": 0.00215683,
    "p95": 0.003351144,
    "p99": 0.004758167
  },
  "rps": {
    "mean": 25332.870841858396,
    "stddev": 4679.396739311672,
    "max": 30785.120893861542,
    "percentiles": {
      "p10": 21009.17680842834,
      "p25": 25481.09970056017,
      "p50": 27154.755675342873,
      "p75": 27619.691834059544,
      "p90": 28413.831853345528,
      "p95": 28682.754803200234,
      "p99": 29081.34699005231
    }
  },
  "details": {
    "DNSDialup": {
      "average": 0.0008952385200000003,
      "fastest": 0.000043001,
      "slowest": 0.001358119
    },
    "DNSLookup": {
      "average": 0.000005170099999999999,
      "fastest": 0.0000033,
      "slowest": 0.0000403
    }
  },
  "statusCodeDistribution": {
    "200": 253069
  },
  "errorDistribution": {}
}