{
  "summary": {
    "successRate": 1,
    "total": 10.002415595,
    "slowest": 0.013183491,
    "fastest": 0.000062701,
    "average": 0.0013654819636544318,
    "requestsPerSec": 36515.579314918476,
    "totalData": 4748172,
    "sizePerRequest": 13,
    "sizePerSec": 474702.5310939402
  },
  "responseTimeHistogram": {
    "0.000062701": 1,
    "0.0013747800000000001": 306978,
    "0.002686859": 28360,
    "0.0039989380000000005": 25019,
    "0.005311017": 1037,
    "0.006623096": 2107,
    "0.007935175000000001": 829,
    "0.009247254": 398,
    "0.010559333": 145,
    "0.011871412000000001": 220,
    "0.013183491": 150
  },
  "latencyPercentiles": {
    "p10": 0.001025715,
    "p25": 0.001083716,
    "p50": 0.001128516,
    "p75": 0.001221818,
    "p90": 0.002233332,
    "p95": 0.00274924,
    "p99": 0.00550418
  },
  "rps": {
    "mean": 36602.91355947882,
    "stddev": 11665.718933133081,
    "max": 51774.50968305498,
    "percentiles": {
      "p10": 18055.348671351996,
      "p25": 26373.66481613755,
      "p50": 43906.9318726279,
      "p75": 44819.96729542715,
      "p90": 45414.3282205542,
      "p95": 45666.47714242389,
      "p99": 46405.60877716376
    }
  },
  "details": {
    "DNSDialup": {
      "average": 0.0016689602199999997,
      "fastest": 0.000082001,
      "slowest": 0.002688639
    },
    "DNSLookup": {
      "average": 0.000006554060000000002,
      "fastest": 0.0000034,
      "slowest": 0.0000446
    }
  },
  "statusCodeDistribution": {
    "200": 365244
  },
  "errorDistribution": {}
}