{
  "summary": {
    "successRate": 1,
    "total": 10.002229252,
    "slowest": 0.011612659,
    "fastest": 0.000132805,
    "average": 0.0011717837063745379,
    "requestsPerSec": 42525.320034526245,
    "totalData": 5529524,
    "sizePerRequest": 13,
    "sizePerSec": 552829.1604488412
  },
  "responseTimeHistogram": {
    "0.000132805": 1,
    "0.0012807903999999999": 395577,
    "0.0024287758": 20773,
    "0.0035767612": 3307,
    "0.0047247465999999995": 1473,
    "0.005872731999999999": 1621,
    "0.007020717399999999": 2228,
    "0.0081687028": 80,
    "0.0093166882": 126,
    "0.010464673599999998": 34,
    "0.011612659": 128
  },
  "latencyPercentiles": {
    "p10": 0.000975438,
    "p25": 0.001034841,
    "p50": 0.001077042,
    "p75": 0.001135645,
    "p90": 0.001230448,
    "p95": 0.001353754,
    "p99": 0.004636784
  },
  "rps": {
    "mean": 42532.9177359982,
    "stddev": 8378.769196485024,
    "max": 48854.71946159531,
    "percentiles": {
      "p10": 25531.92511916919,
      "p25": 44365.331300374964,
      "p50": 45970.961880061965,
      "p75": 46785.36051338001,
      "p90": 47465.20740088236,
      "p95": 47836.7881451951,
      "p99": 48383.87194781267
    }
  },
  "details": {
    "DNSDialup": {
      "average": 0.00174931328,
      "fastest": 0.000080603,
      "slowest": 0.00326843
    },
    "DNSLookup": {
      "average": 0.000008418240000000005,
      "fastest": 0.000004,
      "slowest": 0.000039601
    }
  },
  "statusCodeDistribution": {
    "200": 425348
  },
  "errorDistribution": {}
}