{
  "summary": {
    "successRate": 1,
    "total": 10.001646553,
    "slowest": 0.012796583,
    "fastest": 0.000130399,
    "average": 0.0010742054952421222,
    "requestsPerSec": 46463.149596164294,
    "totalData": 6041204,
    "sizePerRequest": 13,
    "sizePerSec": 604020.9447501359
  },
  "responseTimeHistogram": {
    "0.000130399": 1,
    "0.0013970174": 442060,
    "0.0026636358000000004": 15494,
    "0.0039302542": 2223,
    "0.0051968726": 3618,
    "0.006463491": 851,
    "0.007730109400000001": 181,
    "0.0089967278": 59,
    "0.0102633462": 164,
    "0.011529964600000001": 53,
    "0.012796583": 4
  },
  "latencyPercentiles": {
    "p10": 0.000917499,
    "p25": 0.000962699,
    "p50": 0.000992799,
    "p75": 0.001032499,
    "p90": 0.001103798,
    "p95": 0.001356798,
    "p99": 0.004300394
  },
  "rps": {
    "mean": 46483.29070950252,
    "stddev": 8386.160068783043,
    "max": 52905.439654545386,
    "percentiles": {
      "p10": 31315.385248772505,
      "p25": 48208.24663460708,
      "p50": 50314.66169241583,
      "p75": 50827.26394528118,
      "p90": 51317.06963095109,
      "p95": 51567.6257844533,
      "p99": 52129.96089650131
    }
  },
  "details": {
    "DNSDialup": {
      "average": 0.00180057562,
      "fastest": 0.000068,
      "slowest": 0.006765191
    },
    "DNSLookup": {
      "average": 0.000004496,
      "fastest": 0.0000031,
      "slowest": 0.0000343
    }
  },
  "statusCodeDistribution": {
    "200": 464708
  },
  "errorDistribution": {}
}