{
  "summary": {
    "successRate": 1,
    "total": 10.001767007,
    "slowest": 0.011903483,
    "fastest": 0.000072101,
    "average": 0.0012480943375277468,
    "requestsPerSec": 39974.83641842248,
    "totalData": 5197647,
    "sizePerRequest": 13,
    "sizePerSec": 519672.87343949225
  },
  "responseTimeHistogram": {
    "0.000072101": 1,
    "0.0012552391999999999": 351304,
    "0.0024383774": 33573,
    "0.0036215156": 9104,
    "0.004804653799999999": 1939,
    "0.005987791999999999": 2089,
    "0.007170930199999999": 1486,
    "0.0083540684": 92,
    "0.009537206599999999": 28,
    "0.010720344799999998": 52,
    "0.011903482999999998": 151
  },
  "latencyPercentiles": {
    "p10": 0.001033716,
    "p25": 0.00108671,
    "p50": 0.001124217,
    "p75": 0.001177518,
    "p90": 0.00128532,
    "p95": 0.001869228,
    "p99": 0.004584141
  },
  "rps": {
    "mean": 40013.286238110224,
    "stddev": 9186.851182545342,
    "max": 47177.82848078489,
    "percentiles": {
      "p10": 22572.56402156005,
      "p25": 42057.07054135083,
      "p50": 44205.95454207769,
      "p75": 45002.46163465021,
      "p90": 45504.93310724418,
      "p95": 45745.44003070667,
      "p99": 46375.43377334446
    }
  },
  "details": {
    "DNSDialup": {
      "average": 0.0014133896400000002,
      "fastest": 0.000149302,
      "slowest": 0.001598725
    },
    "DNSLookup": {
      "average": 0.000006806099999999999,
      "fastest": 0.0000034,
      "slowest": 0.0000295
    }
  },
  "statusCodeDistribution": {
    "200": 399819
  },
  "errorDistribution": {}
}