{
  "summary": {
    "successRate": 1,
    "total": 10.002429937,
    "slowest": 0.019973547,
    "fastest": 0.000149701,
    "average": 0.001873100710365389,
    "requestsPerSec": 26529.05360710651,
    "totalData": 3449615,
    "sizePerRequest": 13,
    "sizePerSec": 344877.6968923846
  },
  "responseTimeHistogram": {
    "0.000149701": 1,
    "0.0021320856000000003": 229637,
    "0.004114470200000001": 27356,
    "0.006096854800000002": 3813,
    "0.008079239400000002": 2817,
    "0.010061624000000003": 1091,
    "0.012044008600000003": 457,
    "0.014026393200000003": 114,
    "0.016008777800000002": 27,
    "0.017991162400000003": 5,
    "0.019973547000000005": 37
  },
  "latencyPercentiles": {
    "p10": 0.00134511,
    "p25": 0.001477413,
    "p50": 0.001647312,
    "p75": 0.001866513,
    "p90": 0.002324117,
    "p95": 0.003213416,
    "p99": 0.007394155
  },
  "rps": {
    "mean": 26507.395297318795,
    "stddev": 6975.976530555424,
    "max": 35254.040024852206,
    "percentiles": {
      "p10": 14711.822152794302,
      "p25": 25115.453538562277,
      "p50": 29164.529437835296,
      "p75": 30924.18375980069,
      "p90": 32106.186862207647,
      "p95": 32886.91023768545,
      "p99": 34023.37476940416
    }
  },
  "details": {
    "DNSDialup": {
      "average": 0.0020370316400000004,
      "fastest": 0.0001093,
      "slowest": 0.003389516
    },
    "DNSLookup": {
      "average": 0.000010662019999999999,
      "fastest": 0.0000062,
      "slowest": 0.0000397
    }
  },
  "statusCodeDistribution": {
    "200": 265355
  },
  "errorDistribution": {}
}