{
  "summary": {
    "successRate": 1,
    "total": 10.001861486,
    "slowest": 0.011648656,
    "fastest": 0.000053301,
    "average": 0.0012807935852563305,
    "requestsPerSec": 38947.649949488616,
    "totalData": 5064137,
    "sizePerRequest": 13,
    "sizePerSec": 506319.449343352
  },
  "responseTimeHistogram": {
    "0.000053301": 1,
    "0.0012128364999999999": 295943,
    "0.0023723719999999998": 70882,
    "0.0035319074999999997": 17207,
    "0.004691443": 1401,
    "0.0058509784999999995": 1882,
    "0.007010514": 1329,
    "0.0081700495": 460,
    "0.009329585": 167,
    "0.010489120499999999": 119,
    "0.011648655999999999": 158
  },
  "latencyPercentiles": {
    "p10": 0.000967009,
    "p25": 0.00104161,
    "p50": 0.001089915,
    "p75": 0.001203316,
    "p90": 0.001770918,
    "p95": 0.002674327,
    "p99": 0.005140569
  },
  "rps": {
    "mean": 38995.05150494101,
    "stddev": 10868.433269720088,
    "max": 51630.06112894389,
    "percentiles": {
      "p10": 20113.407597504498,
      "p25": 31170.309511053278,
      "p50": 45234.196290133696,
      "p75": 46440.72002575417,
      "p90": 47245.70761546077,
      "p95": 47675.33179176086,
      "p99": 48413.94406313546
    }
  },
  "details": {
    "DNSDialup": {
      "average": 0.00137928432,
      "fastest": 0.000113002,
      "slowest": 0.001569421
    },
    "DNSLookup": {
      "average": 0.000007232039999999998,
      "fastest": 0.0000035,
      "slowest": 0.0000351
    }
  },
  "statusCodeDistribution": {
    "200": 389549
  },
  "errorDistribution": {}
}