{
  "summary": {
    "successRate": 1,
    "total": 10.001947301,
    "slowest": 0.014921999,
    "fastest": 0.0000948,
    "average": 0.001892306797410238,
    "requestsPerSec": 26314.075857376887,
    "totalData": 3421496,
    "sizePerRequest": 13,
    "sizePerSec": 342082.9861458995
  },
  "responseTimeHistogram": {
    "0.0000948": 1,
    "0.0015775198999999998": 92500,
    "0.0030602397999999996": 156004,
    "0.004542959699999999": 6328,
    "0.006025679599999999": 4627,
    "0.0075083994999999995": 2326,
    "0.008991119399999999": 750,
    "0.0104738393": 306,
    "0.0119565592": 94,
    "0.0134392791": 249,
    "0.014921999": 7
  },
  "latencyPercentiles": {
    "p10": 0.00139621,
    "p25": 0.001521011,
    "p50": 0.001663711,
    "p75": 0.001886212,
    "p90": 0.002345515,
    "p95": 0.003212722,
    "p99": 0.00696475
  },
  "rps": {
    "mean": 26331.30229209549,
    "stddev": 6904.609884667068,
    "max": 37455.71797742082,
    "percentiles": {
      "p10": 14219.38528796277,
      "p25": 25309.701208473347,
      "p50": 29211.474267092533,
      "p75": 30672.742187113992,
      "p90": 31619.583228846954,
      "p95": 32296.031452892483,
      "p99": 33192.85391149128
    }
  },
  "details": {
    "DNSDialup": {
      "average": 0.00242592618,
      "fastest": 0.000096501,
      "slowest": 0.00305972
    },
    "DNSLookup": {
      "average": 0.00000910206,
      "fastest": 0.0000064,
      "slowest": 0.0000403
    }
  },
  "statusCodeDistribution": {
    "200": 263192
  },
  "errorDistribution": {}
}