{
  "summary": {
    "successRate": 1,
    "total": 10.001956241,
    "slowest": 0.010374725,
    "fastest": 0.0001328,
    "average": 0.0010851239238309118,
    "requestsPerSec": 46005.700176308135,
    "totalData": 5981911,
    "sizePerRequest": 13,
    "sizePerSec": 598074.1022920058
  },
  "responseTimeHistogram": {
    "0.0001328": 1,
    "0.0011569924999999999": 425861,
    "0.002181185": 22138,
    "0.0032053775": 6237,
    "0.004229569999999999": 1357,
    "0.005253762499999999": 3498,
    "0.006277954999999999": 391,
    "0.007302147499999999": 111,
    "0.00832634": 79,
    "0.0093505325": 214,
    "0.010374725": 260
  },
  "latencyPercentiles": {
    "p10": 0.000919301,
    "p25": 0.0009628,
    "p50": 0.0009899,
    "p75": 0.001030903,
    "p90": 0.001109,
    "p95": 0.001633803,
    "p99": 0.004125601
  },
  "rps": {
    "mean": 46005.11231888017,
    "stddev": 9397.208613073724,
    "max": 53838.69925703856,
    "percentiles": {
      "p10": 30513.386202252037,
      "p25": 47421.325370015395,
      "p50": 50470.261710515115,
      "p75": 50949.188476233576,
      "p90": 51378.30244037698,
      "p95": 51673.752036164,
      "p99": 52003.8955268644
    }
  },
  "details": {
    "DNSDialup": {
      "average": 0.0013919252800000002,
      "fastest": 0.0000651,
      "slowest": 0.001620404
    },
    "DNSLookup": {
      "average": 0.000004694019999999999,
      "fastest": 0.0000031,
      "slowest": 0.0000371
    }
  },
  "statusCodeDistribution": {
    "200": 460147
  },
  "errorDistribution": {}
}