{
  "summary": {
    "successRate": 1,
    "total": 10.001754443,
    "slowest": 0.012475229,
    "fastest": 0.000175403,
    "average": 0.001188894412475927,
    "requestsPerSec": 41951.93977129318,
    "totalData": 5454709,
    "sizePerRequest": 13,
    "sizePerSec": 545375.2170268114
  },
  "responseTimeHistogram": {
    "0.000175403": 1,
    "0.0014053855999999999": 391151,
    "0.0026353682": 15908,
    "0.0038653508": 7298,
    "0.0050953334": 1331,
    "0.006325316": 3018,
    "0.0075552985999999996": 423,
    "0.008785281199999998": 160,
    "0.010015263799999998": 6,
    "0.011245246399999999": 160,
    "0.012475229": 137
  },
  "latencyPercentiles": {
    "p10": 0.000976518,
    "p25": 0.001029419,
    "p50": 0.00106862,
    "p75": 0.00112352,
    "p90": 0.001236822,
    "p95": 0.001816233,
    "p99": 0.004460582
  },
  "rps": {
    "mean": 41955.43871679038,
    "stddev": 9644.125768036953,
    "max": 50262.06257690725,
    "percentiles": {
      "p10": 25228.87127443027,
      "p25": 43529.59740563572,
      "p50": 46274.0209728235,
      "p75": 47270.98684093981,
      "p90": 48203.45618781309,
      "p95": 48545.258724439926,
      "p99": 49045.75417224337
    }
  },
  "details": {
    "DNSDialup": {
      "average": 0.0016395020599999995,
      "fastest": 0.000071602,
      "slowest": 0.004145676
    },
    "DNSLookup": {
      "average": 0.00000478206,
      "fastest": 0.0000035,
      "slowest": 0.000035601
    }
  },
  "statusCodeDistribution": {
    "200": 419593
  },
  "errorDistribution": {}
}