{
  "summary": {
    "successRate": 1,
    "total": 10.001719112,
    "slowest": 0.011135997,
    "fastest": 0.000142201,
    "average": 0.0012094906717598005,
    "requestsPerSec": 41218.21412734751,
    "totalData": 5359289,
    "sizePerRequest": 13,
    "sizePerSec": 535836.7836555176
  },
  "responseTimeHistogram": {
    "0.000142201": 1,
    "0.0012415806": 360010,
    "0.0023409601999999996": 35248,
    "0.0034403398": 10635,
    "0.0045397193999999995": 2074,
    "0.005639099": 2363,
    "0.006738478599999999": 1040,
    "0.007837858199999999": 371,
    "0.0089372378": 98,
    "0.0100366174": 189,
    "0.011135997": 224
  },
  "latencyPercentiles": {
    "p10": 0.000966008,
    "p25": 0.001029509,
    "p50": 0.001071609,
    "p75": 0.00113841,
    "p90": 0.001307512,
    "p95": 0.001933817,
    "p99": 0.004897742
  },
  "rps": {
    "mean": 41252.640049033085,
    "stddev": 10167.01484049934,
    "max": 56613.77827719674,
    "percentiles": {
      "p10": 24630.32732203115,
      "p25": 41700.556722481095,
      "p50": 46171.33731980867,
      "p75": 47155.91644461343,
      "p90": 47809.08037559004,
      "p95": 48148.41184512692,
      "p99": 48688.289918402894
    }
  },
  "details": {
    "DNSDialup": {
      "average": 0.0017044948799999997,
      "fastest": 0.000087001,
      "slowest": 0.007036961
    },
    "DNSLookup": {
      "average": 0.00000626404,
      "fastest": 0.0000035,
      "slowest": 0.0000378
    }
  },
  "statusCodeDistribution": {
    "200": 412253
  },
  "errorDistribution": {}
}