{
  "summary": {
    "successRate": 1,
    "total": 10.002473026,
    "slowest": 0.018691216,
    "fastest": 0.000096201,
    "average": 0.001948329200455835,
    "requestsPerSec": 25572.875761334744,
    "totalData": 3325296,
    "sizePerRequest": 13,
    "sizePerSec": 332447.3848973517
  },
  "responseTimeHistogram": {
    "0.000096201": 1,
    "0.0019557025": 195046,
    "0.003815204": 47940,
    "0.005674705499999999": 7543,
    "0.007534206999999999": 3229,
    "0.0093937085": 1173,
    "0.01125321": 400,
    "0.0131127115": 215,
    "0.014972213": 187,
    "0.0168317145": 34,
    "0.018691216": 24
  },
  "latencyPercentiles": {
    "p10": 0.001338409,
    "p25": 0.001475509,
    "p50": 0.001641411,
    "p75": 0.001929512,
    "p90": 0.002730718,
    "p95": 0.003819624,
    "p99": 0.007305246
  },
  "rps": {
    "mean": 25623.129907700662,
    "stddev": 7927.768752494239,
    "max": 45454.26625140754,
    "percentiles": {
      "p10": 11316.111880094491,
      "p25": 22591.233088569934,
      "p50": 28708.24147042788,
      "p75": 31211.805439790194,
      "p90": 32744.931837480934,
      "p95": 33661.00066696999,
      "p99": 35307.808863583145
    }
  },
  "details": {
    "DNSDialup": {
      "average": 0.00203164354,
      "fastest": 0.000117401,
      "slowest": 0.003331222
    },
    "DNSLookup": {
      "average": 0.000010686079999999998,
      "fastest": 0.0000061,
      "slowest": 0.0000424
    }
  },
  "statusCodeDistribution": {
    "200": 255792
  },
  "errorDistribution": {}
}