{
  "summary": {
    "successRate": 1,
    "total": 10.001525264,
    "slowest": 0.013095413,
    "fastest": 0.000071301,
    "average": 0.0012840351202758969,
    "requestsPerSec": 38845.575024285616,
    "totalData": 5050695,
    "sizePerRequest": 13,
    "sizePerSec": 504992.47531571303
  },
  "responseTimeHistogram": {
    "0.000071301": 1,
    "0.0013737122": 341899,
    "0.0026761234000000004": 29404,
    "0.003978534600000001": 11808,
    "0.005280945800000001": 1480,
    "0.006583357000000001": 2566,
    "0.0078857682": 591,
    "0.0091881794": 269,
    "0.0104905906": 170,
    "0.011793001800000001": 205,
    "0.013095413": 122
  },
  "latencyPercentiles": {
    "p10": 0.001018209,
    "p25": 0.001079008,
    "p50": 0.001119609,
    "p75": 0.001194809,
    "p90": 0.001488411,
    "p95": 0.002234819,
    "p99": 0.005353046
  },
  "rps": {
    "mean": 38940.26308132706,
    "stddev": 10192.90815074049,
    "max": 51428.1306160088,
    "percentiles": {
      "p10": 21290.52946031895,
      "p25": 36722.45210721812,
      "p50": 44233.10176579015,
      "p75": 45134.59587837003,
      "p90": 45722.17422173586,
      "p95": 46001.98283711417,
      "p99": 46651.68629184557
    }
  },
  "details": {
    "DNSDialup": {
      "average": 0.001705348580000001,
      "fastest": 0.000091301,
      "slowest": 0.002769724
    },
    "DNSLookup": {
      "average": 0.0000071680000000000015,
      "fastest": 0.0000034,
      "slowest": 0.000039
    }
  },
  "statusCodeDistribution": {
    "200": 388515
  },
  "errorDistribution": {}
}