{
  "summary": {
    "successRate": 1,
    "total": 10.002100328,
    "slowest": 0.010439682,
    "fastest": 0.0000452,
    "average": 0.0011752140884729494,
    "requestsPerSec": 42487.6761944034,
    "totalData": 5524558,
    "sizePerRequest": 13,
    "sizePerSec": 552339.7905272442
  },
  "responseTimeHistogram": {
    "0.0000452": 1,
    "0.0010846482": 263082,
    "0.0021240964": 140939,
    "0.0031635445999999997": 15300,
    "0.004202992799999999": 1551,
    "0.005242441": 2862,
    "0.006281889199999999": 514,
    "0.007321337399999999": 118,
    "0.0083607856": 96,
    "0.0094002338": 342,
    "0.010439682": 161
  },
  "latencyPercentiles": {
    "p10": 0.000781899,
    "p25": 0.000951198,
    "p50": 0.001014898,
    "p75": 0.001240198,
    "p90": 0.001594298,
    "p95": 0.002097597,
    "p99": 0.004130693
  },
  "rps": {
    "mean": 42495.66718185366,
    "stddev": 10713.052723760273,
    "max": 54248.12927412739,
    "percentiles": {
      "p10": 25743.805659711492,
      "p25": 33652.16161395499,
      "p50": 48812.38151024047,
      "p75": 50635.784920845304,
      "p90": 51506.967134874736,
      "p95": 51843.80739310844,
      "p99": 52551.95924535376
    }
  },
  "details": {
    "DNSDialup": {
      "average": 0.0015687834800000003,
      "fastest": 0.000137899,
      "slowest": 0.002523396
    },
    "DNSLookup": {
      "average": 0.00000675,
      "fastest": 0.0000032,
      "slowest": 0.0000392
    }
  },
  "statusCodeDistribution": {
    "200": 424966
  },
  "errorDistribution": {}
}