{
  "summary": {
    "successRate": 1,
    "total": 10.001696497,
    "slowest": 0.011406678,
    "fastest": 0.000064301,
    "average": 0.0012283263663701296,
    "requestsPerSec": 40593.31335656706,
    "totalData": 5278026,
    "sizePerRequest": 13,
    "sizePerSec": 527713.0736353718
  },
  "responseTimeHistogram": {
    "0.000064301": 1,
    "0.0011985387": 317521,
    "0.0023327764": 79009,
    "0.0034670141": 3686,
    "0.0046012518": 1756,
    "0.0057354895000000005": 1839,
    "0.0068697272": 1462,
    "0.008003964899999999": 174,
    "0.009138202599999999": 46,
    "0.0102724403": 210,
    "0.011406678": 298
  },
  "latencyPercentiles": {
    "p10": 0.001022216,
    "p25": 0.001083617,
    "p50": 0.001126318,
    "p75": 0.00118522,
    "p90": 0.00129632,
    "p95": 0.001549024,
    "p99": 0.004558174
  },
  "rps": {
    "mean": 40622.9334512731,
    "stddev": 8316.507834055343,
    "max": 47668.31257000596,
    "percentiles": {
      "p10": 25437.111320939945,
      "p25": 42189.631872915386,
      "p50": 44042.01347244228,
      "p75": 44813.193004020366,
      "p90": 45497.03692964079,
      "p95": 45812.1550997334,
      "p99": 46393.764485247004
    }
  },
  "details": {
    "DNSDialup": {
      "average": 0.0018019820599999997,
      "fastest": 0.000157002,
      "slowest": 0.002952346
    },
    "DNSLookup": {
      "average": 0.000008224120000000001,
      "fastest": 0.0000035,
      "slowest": 0.0000375
    }
  },
  "statusCodeDistribution": {
    "200": 406002
  },
  "errorDistribution": {}
}