{
  "summary": {
    "successRate": 1,
    "total": 10.002434934,
    "slowest": 0.017388198,
    "fastest": 0.0001082,
    "average": 0.0018892701624405373,
    "requestsPerSec": 26361.381177668354,
    "totalData": 3427814,
    "sizePerRequest": 13,
    "sizePerSec": 342697.9553096886
  },
  "responseTimeHistogram": {
    "0.0001082": 1,
    "0.0018361998": 189704,
    "0.0035641996000000003": 61900,
    "0.0052921994": 4894,
    "0.0070201992000000005": 5337,
    "0.008748199": 1114,
    "0.0104761988": 283,
    "0.0122041986": 276,
    "0.0139321984": 79,
    "0.0156601982": 65,
    "0.017388198": 25
  },
  "latencyPercentiles": {
    "p10": 0.0013616,
    "p25": 0.0014775,
    "p50": 0.0016122,
    "p75": 0.001890099,
    "p90": 0.002418,
    "p95": 0.0033538,
    "p99": 0.006722699
  },
  "rps": {
    "mean": 26362.51381935462,
    "stddev": 7560.977349829343,
    "max": 36117.504639078536,
    "percentiles": {
      "p10": 13762.116985287079,
      "p25": 24127.024680344875,
      "p50": 29710.698822647882,
      "p75": 31430.490719046433,
      "p90": 32612.069727003112,
      "p95": 33073.75778724057,
      "p99": 34409.22604069431
    }
  },
  "details": {
    "DNSDialup": {
      "average": 0.002086595179999999,
      "fastest": 0.0000976,
      "slowest": 0.004220699
    },
    "DNSLookup": {
      "average": 0.000011064,
      "fastest": 0.0000062,
      "slowest": 0.0000421
    }
  },
  "statusCodeDistribution": {
    "200": 263678
  },
  "errorDistribution": {}
}