{
  "summary": {
    "successRate": 1,
    "total": 10.002432141,
    "slowest": 0.014929123,
    "fastest": 0.000051905,
    "average": 0.0013977865306425412,
    "requestsPerSec": 35703.11649865359,
    "totalData": 4642534,
    "sizePerRequest": 13,
    "sizePerSec": 464140.5144824966
  },
  "responseTimeHistogram": {
    "0.000051905": 1,
    "0.0015396268000000002": 317396,
    "0.0030273486000000002": 24367,
    "0.0045150704": 10380,
    "0.0060027922": 1762,
    "0.007490514": 2625,
    "0.0089782358": 259,
    "0.0104659576": 133,
    "0.0119536794": 123,
    "0.0134414012": 36,
    "0.014929123": 36
  },
  "latencyPercentiles": {
    "p10": 0.001076803,
    "p25": 0.00115921,
    "p50": 0.001227817,
    "p75": 0.001309025,
    "p90": 0.001637056,
    "p95": 0.002540742,
    "p99": 0.005418317
  },
  "rps": {
    "mean": 35780.25824093818,
    "stddev": 9617.653370326545,
    "max": 45701.12881788282,
    "percentiles": {
      "p10": 17265.17603954919,
      "p25": 33310.149602581216,
      "p50": 40399.98592516545,
      "p75": 41584.93789492323,
      "p90": 42863.52864814281,
      "p95": 43733.88501410902,
      "p99": 45205.66828144468
    }
  },
  "details": {
    "DNSDialup": {
      "average": 0.0020601784200000007,
      "fastest": 0.000097809,
      "slowest": 0.003104696
    },
    "DNSLookup": {
      "average": 0.000007950819999999998,
      "fastest": 0.0000041,
      "slowest": 0.000057705
    }
  },
  "statusCodeDistribution": {
    "200": 357118
  },
  "errorDistribution": {}
}