{
  "summary": {
    "successRate": 1,
    "total": 10.001699255,
    "slowest": 0.011348633,
    "fastest": 0.0000523,
    "average": 0.001180555198725465,
    "requestsPerSec": 42203.82849334135,
    "totalData": 5487430,
    "sizePerRequest": 13,
    "sizePerSec": 548649.7704134376
  },
  "responseTimeHistogram": {
    "0.0000523": 1,
    "0.0011819333": 353347,
    "0.0023115666": 60056,
    "0.0034411998999999997": 2921,
    "0.0045708332": 1587,
    "0.0057004665": 1852,
    "0.0068300997999999995": 1546,
    "0.0079597331": 126,
    "0.0090893664": 80,
    "0.0102189997": 221,
    "0.011348633": 373
  },
  "latencyPercentiles": {
    "p10": 0.000984011,
    "p25": 0.001041912,
    "p50": 0.001080512,
    "p75": 0.001140913,
    "p90": 0.001244415,
    "p95": 0.001429517,
    "p99": 0.004550253
  },
  "rps": {
    "mean": 42282.934999791345,
    "stddev": 8654.295246501335,
    "max": 55876.69512516609,
    "percentiles": {
      "p10": 27616.522965690005,
      "p25": 43826.43241656835,
      "p50": 45776.36871593035,
      "p75": 46585.71725389127,
      "p90": 47243.0606386161,
      "p95": 47515.90474107939,
      "p99": 48106.695919737875
    }
  },
  "details": {
    "DNSDialup": {
      "average": 0.0015130756800000003,
      "fastest": 0.000042101,
      "slowest": 0.002421328
    },
    "DNSLookup": {
      "average": 0.000005878079999999999,
      "fastest": 0.0000034,
      "slowest": 0.000040201
    }
  },
  "statusCodeDistribution": {
    "200": 422110
  },
  "errorDistribution": {}
}