{
  "summary": {
    "successRate": 1,
    "total": 10.001694629,
    "slowest": 0.013251319,
    "fastest": 0.0000452,
    "average": 0.0011621378434632523,
    "requestsPerSec": 42977.51690535042,
    "totalData": 5588024,
    "sizePerRequest": 13,
    "sizePerSec": 558707.7197695555
  },
  "responseTimeHistogram": {
    "0.0000452": 1,
    "0.0013658118999999999": 360723,
    "0.0026864237999999997": 61192,
    "0.004007035699999999": 3054,
    "0.005327647599999999": 3846,
    "0.006648259499999999": 460,
    "0.007968871399999999": 115,
    "0.0092894833": 191,
    "0.0106100952": 265,
    "0.011930707099999998": 0,
    "0.013251319": 1
  },
  "latencyPercentiles": {
    "p10": 0.000844602,
    "p25": 0.000966201,
    "p50": 0.001010102,
    "p75": 0.001143501,
    "p90": 0.001581802,
    "p95": 0.002011403,
    "p99": 0.004368507
  },
  "rps": {
    "mean": 43004.41591895926,
    "stddev": 10826.19498815445,
    "max": 54406.875288015435,
    "percentiles": {
      "p10": 26180.888417386224,
      "p25": 33518.06623770319,
      "p50": 49535.59627948608,
      "p75": 50575.12737533249,
      "p90": 51121.87516262789,
      "p95": 51516.235435454684,
      "p99": 53033.333638712444
    }
  },
  "details": {
    "DNSDialup": {
      "average": 0.00116873176,
      "fastest": 0.000081,
      "slowest": 0.001969803
    },
    "DNSLookup": {
      "average": 0.0000068699999999999994,
      "fastest": 0.0000031,
      "slowest": 0.0000339
    }
  },
  "statusCodeDistribution": {
    "200": 429848
  },
  "errorDistribution": {}
}