{
  "summary": {
    "successRate": 1,
    "total": 10.001840854,
    "slowest": 0.015291324,
    "fastest": 0.000189999,
    "average": 0.0011008666558850954,
    "requestsPerSec": 45362.24947216102,
    "totalData": 5898178,
    "sizePerRequest": 13,
    "sizePerSec": 589709.2431380933
  },
  "responseTimeHistogram": {
    "0.000189999": 1,
    "0.0017001315": 432670,
    "0.0032102640000000004": 14700,
    "0.0047203965": 3669,
    "0.006230529": 2037,
    "0.007740661500000001": 182,
    "0.009250794": 80,
    "0.0107609265": 248,
    "0.012271059": 118,
    "0.013781191500000001": 0,
    "0.015291324000000002": 1
  },
  "latencyPercentiles": {
    "p10": 0.000922696,
    "p25": 0.000964995,
    "p50": 0.000992795,
    "p75": 0.001032595,
    "p90": 0.001116594,
    "p95": 0.001643092,
    "p99": 0.004355479
  },
  "rps": {
    "mean": 45369.04721099494,
    "stddev": 9936.161575958919,
    "max": 53649.273125238455,
    "percentiles": {
      "p10": 30399.59969807031,
      "p25": 45652.72433133072,
      "p50": 50328.36792997731,
      "p75": 50886.61963757112,
      "p90": 51313.840996256586,
      "p95": 51516.05097271507,
      "p99": 51903.19629778628
    }
  },
  "details": {
    "DNSDialup": {
      "average": 0.0012414877399999997,
      "fastest": 0.000115799,
      "slowest": 0.001422193
    },
    "DNSLookup": {
      "average": 0.00000585,
      "fastest": 0.000003,
      "slowest": 0.000034
    }
  },
  "statusCodeDistribution": {
    "200": 453706
  },
  "errorDistribution": {}
}