{
  "summary": {
    "successRate": 1,
    "total": 10.001759454,
    "slowest": 0.011563316,
    "fastest": 0.00005,
    "average": 0.0011567675660072315,
    "requestsPerSec": 43171.004260387,
    "totalData": 5613218,
    "sizePerRequest": 13,
    "sizePerSec": 561223.055385031
  },
  "responseTimeHistogram": {
    "0.00005": 1,
    "0.0012013316": 371804,
    "0.0023526632": 33421,
    "0.0035039948": 21307,
    "0.0046553264": 1837,
    "0.005806657999999999": 2112,
    "0.0069579896": 716,
    "0.0081093212": 191,
    "0.0092606528": 166,
    "0.0104119844": 157,
    "0.011563315999999999": 74
  },
  "latencyPercentiles": {
    "p10": 0.000907394,
    "p25": 0.000963993,
    "p50": 0.000997193,
    "p75": 0.001059992,
    "p90": 0.001561389,
    "p95": 0.002387683,
    "p99": 0.004426768
  },
  "rps": {
    "mean": 43197.164061341326,
    "stddev": 11564.227981652992,
    "max": 55026.25853056975,
    "percentiles": {
      "p10": 21164.70473531539,
      "p25": 35181.35231069982,
      "p50": 50004.860472441425,
      "p75": 50736.54753420882,
      "p90": 51213.172027844834,
      "p95": 51411.171647599804,
      "p99": 52100.89613541243
    }
  },
  "details": {
    "DNSDialup": {
      "average": 0.0012580269799999997,
      "fastest": 0.0000764,
      "slowest": 0.001997586
    },
    "DNSLookup": {
      "average": 0.000006481960000000001,
      "fastest": 0.0000029,
      "slowest": 0.0000309
    }
  },
  "statusCodeDistribution": {
    "200": 431786
  },
  "errorDistribution": {}
}