{
  "summary": {
    "successRate": 1,
    "total": 10.001636803,
    "slowest": 0.012772288,
    "fastest": 0.0000559,
    "average": 0.0012697596605858864,
    "requestsPerSec": 39325.16324548243,
    "totalData": 5113108,
    "sizePerRequest": 13,
    "sizePerSec": 511227.12219127157
  },
  "responseTimeHistogram": {
    "0.0000559": 1,
    "0.0013275388000000001": 314712,
    "0.0025991776": 69659,
    "0.0038708164": 3993,
    "0.005142455200000001": 2498,
    "0.006414094000000001": 857,
    "0.007685732800000001": 1016,
    "0.0089573716": 130,
    "0.0102290104": 237,
    "0.011500649200000001": 153,
    "0.012772288000000001": 60
  },
  "latencyPercentiles": {
    "p10": 0.000915299,
    "p25": 0.000966499,
    "p50": 0.001006598,
    "p75": 0.001113198,
    "p90": 0.002389697,
    "p95": 0.002446598,
    "p99": 0.004576193
  },
  "rps": {
    "mean": 39441.53185803574,
    "stddev": 13475.782319738824,
    "max": 54579.74100160465,
    "percentiles": {
      "p10": 20509.249671602585,
      "p25": 25439.27737561007,
      "p50": 48335.84102612088,
      "p75": 50652.262070132354,
      "p90": 51302.64721659778,
      "p95": 51699.19533679021,
      "p99": 52515.83877697142
    }
  },
  "details": {
    "DNSDialup": {
      "average": 0.0012300708000000003,
      "fastest": 0.0001317,
      "slowest": 0.001463898
    },
    "DNSLookup": {
      "average": 0.000005443980000000001,
      "fastest": 0.000003,
      "slowest": 0.000030199
    }
  },
  "statusCodeDistribution": {
    "200": 393316
  },
  "errorDistribution": {}
}