{
  "summary": {
    "successRate": 1,
    "total": 10.003160109,
    "slowest": 0.04611042,
    "fastest": 0.000093901,
    "average": 0.0018719794263979395,
    "requestsPerSec": 26617.188678250317,
    "totalData": 3461328,
    "sizePerRequest": 13,
    "sizePerSec": 346023.4528172541
  },
  "responseTimeHistogram": {
    "0.000093901": 1,
    "0.0046955529": 259118,
    "0.0092972048": 6663,
    "0.0138988567": 347,
    "0.0185005086": 27,
    "0.0231021605": 50,
    "0.0277038124": 0,
    "0.032305464299999996": 0,
    "0.0369071162": 0,
    "0.0415087681": 0,
    "0.04611042": 50
  },
  "latencyPercentiles": {
    "p10": 0.001292509,
    "p25": 0.00143531,
    "p50": 0.001632111,
    "p75": 0.001929213,
    "p90": 0.002477817,
    "p95": 0.003371524,
    "p99": 0.006277844
  },
  "rps": {
    "mean": 26702.504853568305,
    "stddev": 7392.868210432009,
    "max": 38906.72113608468,
    "percentiles": {
      "p10": 13907.551800627845,
      "p25": 23860.362794166304,
      "p50": 29303.021141477828,
      "p75": 31759.6489549962,
      "p90": 33748.02343735096,
      "p95": 34606.682550400874,
      "p99": 36450.77958103439
    }
  },
  "details": {
    "DNSDialup": {
      "average": 0.00203036808,
      "fastest": 0.000179601,
      "slowest": 0.003437524
    },
    "DNSLookup": {
      "average": 0.00001127806,
      "fastest": 0.0000059,
      "slowest": 0.0000508
    }
  },
  "statusCodeDistribution": {
    "200": 266256
  },
  "errorDistribution": {}
}