{
  "summary": {
    "successRate": 1,
    "total": 10.00184973,
    "slowest": 0.011298244,
    "fastest": 0.000049099,
    "average": 0.0011398335594623474,
    "requestsPerSec": 43812.8957972257,
    "totalData": 5696730,
    "sizePerRequest": 13,
    "sizePerSec": 569567.6453639341
  },
  "responseTimeHistogram": {
    "0.000049099": 1,
    "0.0011740135": 358168,
    "0.002298928": 63346,
    "0.0034238425": 11219,
    "0.0045487570000000005": 1756,
    "0.0056736715000000005": 2288,
    "0.0067985860000000006": 386,
    "0.0079235005": 226,
    "0.009048415": 339,
    "0.010173329500000002": 380,
    "0.011298244": 101
  },
  "latencyPercentiles": {
    "p10": 0.000886495,
    "p25": 0.000957295,
    "p50": 0.000996695,
    "p75": 0.001082695,
    "p90": 0.001554092,
    "p95": 0.001795191,
    "p99": 0.004392678
  },
  "rps": {
    "mean": 43865.641930003374,
    "stddev": 10786.907275797877,
    "max": 52796.36392343093,
    "percentiles": {
      "p10": 29009.177347403325,
      "p25": 36981.401169013574,
      "p50": 49912.355318580485,
      "p75": 50912.0900940364,
      "p90": 51377.692833327455,
      "p95": 51707.50275864758,
      "p99": 52211.803895446654
    }
  },
  "details": {
    "DNSDialup": {
      "average": 0.0013329133999999997,
      "fastest": 0.000075299,
      "slowest": 0.001573592
    },
    "DNSLookup": {
      "average": 0.000004191979999999999,
      "fastest": 0.0000031,
      "slowest": 0.000029
    }
  },
  "statusCodeDistribution": {
    "200": 438210
  },
  "errorDistribution": {}
}