{
  "summary": {
    "successRate": 1,
    "total": 10.002241268,
    "slowest": 0.013554899,
    "fastest": 0.000051201,
    "average": 0.0013197699346195683,
    "requestsPerSec": 37816.32434823606,
    "totalData": 4917224,
    "sizePerRequest": 13,
    "sizePerSec": 491612.2165270689
  },
  "responseTimeHistogram": {
    "0.000051201": 1,
    "0.0014015708": 300572,
    "0.0027519406": 62106,
    "0.0041023104": 10817,
    "0.0054526802": 1842,
    "0.00680305": 1822,
    "0.0081534198": 666,
    "0.0095037896": 152,
    "0.0108541594": 150,
    "0.012204529200000001": 84,
    "0.013554899": 36
  },
  "latencyPercentiles": {
    "p10": 0.000950114,
    "p25": 0.001031815,
    "p50": 0.001087816,
    "p75": 0.001279318,
    "p90": 0.001817526,
    "p95": 0.00272084,
    "p99": 0.004945073
  },
  "rps": {
    "mean": 37841.14282109279,
    "stddev": 11425.551082883909,
    "max": 52513.71319455835,
    "percentiles": {
      "p10": 18203.737227252845,
      "p25": 29129.492244823738,
      "p50": 43407.844052760265,
      "p75": 46883.154347122494,
      "p90": 47925.65939804173,
      "p95": 48385.8991520231,
      "p99": 49220.15731157728
    }
  },
  "details": {
    "DNSDialup": {
      "average": 0.0015014201599999992,
      "fastest": 0.000070401,
      "slowest": 0.001755526
    },
    "DNSLookup": {
      "average": 0.00000484206,
      "fastest": 0.0000036,
      "slowest": 0.0000376
    }
  },
  "statusCodeDistribution": {
    "200": 378248
  },
  "errorDistribution": {}
}