{
  "summary": {
    "successRate": 1,
    "total": 10.001527653,
    "slowest": 0.008415886,
    "fastest": 0.0002637,
    "average": 0.0010263846196676845,
    "requestsPerSec": 48658.16672056348,
    "totalData": 6326528,
    "sizePerRequest": 13,
    "sizePerSec": 632556.1673673253
  },
  "responseTimeHistogram": {
    "0.0002637": 1,
    "0.0010789185999999999": 441460,
    "0.0018941371999999998": 24369,
    "0.0027093558": 13576,
    "0.0035245743999999996": 4697,
    "0.004339793": 881,
    "0.0051550116": 375,
    "0.0059702302": 193,
    "0.0067854488": 135,
    "0.0076006673999999995": 641,
    "0.008415886": 328
  },
  "latencyPercentiles": {
    "p10": 0.000805598,
    "p25": 0.000852398,
    "p50": 0.000952298,
    "p75": 0.000997498,
    "p90": 0.001062098,
    "p95": 0.001751398,
    "p99": 0.003284195
  },
  "rps": {
    "mean": 48667.800208461704,
    "stddev": 10466.700207747375,
    "max": 56785.37485051918,
    "percentiles": {
      "p10": 29138.8234680404,
      "p25": 46172.49622094735,
      "p50": 54122.66308048696,
      "p75": 54628.43426070314,
      "p90": 55026.500762771684,
      "p95": 55272.16082723337,
      "p99": 55720.14840565902
    }
  },
  "details": {
    "DNSDialup": {
      "average": 0.0012462239399999996,
      "fastest": 0.0000625,
      "slowest": 0.001366598
    },
    "DNSLookup": {
      "average": 0.000003822,
      "fastest": 0.0000029,
      "slowest": 0.00003
    }
  },
  "statusCodeDistribution": {
    "200": 486656
  },
  "errorDistribution": {}
}