{
  "summary": {
    "successRate": 1,
    "total": 10.00157641,
    "slowest": 0.00939511,
    "fastest": 0.000163602,
    "average": 0.001084129407551859,
    "requestsPerSec": 46029.34388820012,
    "totalData": 5984758,
    "sizePerRequest": 13,
    "sizePerSec": 598381.4705466016
  },
  "responseTimeHistogram": {
    "0.000163602": 1,
    "0.0010867528": 353247,
    "0.0020099035999999997": 97834,
    "0.0029330543999999997": 1683,
    "0.0038562051999999998": 1470,
    "0.004779355999999999": 4904,
    "0.005702506799999999": 287,
    "0.006625657599999999": 59,
    "0.007548808399999999": 41,
    "0.0084719592": 351,
    "0.00939511": 489
  },
  "latencyPercentiles": {
    "p10": 0.000881211,
    "p25": 0.000945611,
    "p50": 0.001030712,
    "p75": 0.001082913,
    "p90": 0.001130013,
    "p95": 0.001199714,
    "p99": 0.00419465
  },
  "rps": {
    "mean": 46052.70627702831,
    "stddev": 7897.235897948626,
    "max": 51823.922633996845,
    "percentiles": {
      "p10": 33165.09918023415,
      "p25": 47969.716858245105,
      "p50": 49359.24149552563,
      "p75": 49823.95162196149,
      "p90": 50138.957990657735,
      "p95": 50339.844086874014,
      "p99": 51000.63240783472
    }
  },
  "details": {
    "DNSDialup": {
      "average": 0.0016192549200000003,
      "fastest": 0.000078701,
      "slowest": 0.001761621
    },
    "DNSLookup": {
      "average": 0.000004672080000000001,
      "fastest": 0.0000036,
      "slowest": 0.000036801
    }
  },
  "statusCodeDistribution": {
    "200": 460366
  },
  "errorDistribution": {}
}