{
  "summary": {
    "successRate": 1,
    "total": 10.001802243,
    "slowest": 0.008782099,
    "fastest": 0.000255397,
    "average": 0.0010368227837625485,
    "requestsPerSec": 48168.918790329255,
    "totalData": 6263088,
    "sizePerRequest": 13,
    "sizePerSec": 626195.9442742803
  },
  "responseTimeHistogram": {
    "0.000255397": 1,
    "0.0011080672": 442940,
    "0.0019607374000000003": 21797,
    "0.0028134076000000006": 9820,
    "0.0036660778000000005": 3932,
    "0.004518748": 1832,
    "0.005371418200000001": 296,
    "0.006224088400000001": 165,
    "0.007076758600000001": 57,
    "0.0079294288": 507,
    "0.008782099": 429
  },
  "latencyPercentiles": {
    "p10": 0.00081699,
    "p25": 0.000866389,
    "p50": 0.000963589,
    "p75": 0.001010088,
    "p90": 0.001066386,
    "p95": 0.00169058,
    "p99": 0.003562551
  },
  "rps": {
    "mean": 48156.968591714365,
    "stddev": 10187.262322545243,
    "max": 55814.59551672686,
    "percentiles": {
      "p10": 32445.147422638674,
      "p25": 45352.548236180584,
      "p50": 53324.0758202321,
      "p75": 53913.01999432727,
      "p90": 54220.68519140358,
      "p95": 54460.68434607371,
      "p99": 54855.67184024875
    }
  },
  "details": {
    "DNSDialup": {
      "average": 0.0012297197999999998,
      "fastest": 0.000062599,
      "slowest": 0.001393384
    },
    "DNSLookup": {
      "average": 0.000004303919999999999,
      "fastest": 0.0000031,
      "slowest": 0.0000352
    }
  },
  "statusCodeDistribution": {
    "200": 481776
  },
  "errorDistribution": {}
}