{
  "summary": {
    "successRate": 1,
    "total": 10.001572597,
    "slowest": 0.011188865,
    "fastest": 0.000221703,
    "average": 0.0011125527882281927,
    "requestsPerSec": 44871.44353025187,
    "totalData": 5834205,
    "sizePerRequest": 13,
    "sizePerSec": 583328.7658932743
  },
  "responseTimeHistogram": {
    "0.000221703": 1,
    "0.0013184191999999998": 420752,
    "0.0024151354": 16369,
    "0.0035118515999999996": 4985,
    "0.0046085677999999995": 4306,
    "0.005705284": 1236,
    "0.006802000199999999": 162,
    "0.007898716399999998": 84,
    "0.008995432599999999": 310,
    "0.010092148799999999": 530,
    "0.011188865": 50
  },
  "latencyPercentiles": {
    "p10": 0.000875913,
    "p25": 0.000936713,
    "p50": 0.001032016,
    "p75": 0.001082716,
    "p90": 0.001140617,
    "p95": 0.001642324,
    "p99": 0.004363864
  },
  "rps": {
    "mean": 44898.04314470033,
    "stddev": 9679.28855514158,
    "max": 52022.6454575677,
    "percentiles": {
      "p10": 31502.550251834215,
      "p25": 46444.368305042,
      "p50": 49608.61912600967,
      "p75": 50116.64623894484,
      "p90": 50482.053529809236,
      "p95": 50658.01862873626,
      "p99": 51047.85263891687
    }
  },
  "details": {
    "DNSDialup": {
      "average": 0.00143550908,
      "fastest": 0.000061401,
      "slowest": 0.003081145
    },
    "DNSLookup": {
      "average": 0.000004688059999999999,
      "fastest": 0.0000034,
      "slowest": 0.0000371
    }
  },
  "statusCodeDistribution": {
    "200": 448785
  },
  "errorDistribution": {}
}