{
  "summary": {
    "successRate": 1,
    "total": 10.001591293,
    "slowest": 0.013672024,
    "fastest": 0.000197402,
    "average": 0.0016045715158797985,
    "requestsPerSec": 31069.155986956204,
    "totalData": 4039633,
    "sizePerRequest": 13,
    "sizePerSec": 403899.02783043066
  },
  "responseTimeHistogram": {
    "0.000197402": 1,
    "0.0015448642": 227545,
    "0.0028923264000000003": 69715,
    "0.004239788600000001": 5864,
    "0.0055872508000000005": 3898,
    "0.006934713": 2427,
    "0.0082821752": 343,
    "0.0096296374": 291,
    "0.0109770996": 508,
    "0.0123245618": 107,
    "0.013672024": 42
  },
  "latencyPercentiles": {
    "p10": 0.00117171,
    "p25": 0.001294411,
    "p50": 0.001427412,
    "p75": 0.001559114,
    "p90": 0.001947818,
    "p95": 0.002636322,
    "p99": 0.005807149
  },
  "rps": {
    "mean": 31052.698405051895,
    "stddev": 7321.045410053694,
    "max": 38749.16873927423,
    "percentiles": {
      "p10": 19932.78423546298,
      "p25": 28922.009649346153,
      "p50": 34124.95192396415,
      "p75": 35921.247417848506,
      "p90": 36827.454998869325,
      "p95": 37328.05203110243,
      "p99": 37899.11941648947
    }
  },
  "details": {
    "DNSDialup": {
      "average": 0.0013517883199999998,
      "fastest": 0.000090101,
      "slowest": 0.001928318
    },
    "DNSLookup": {
      "average": 0.0000081321,
      "fastest": 0.0000061,
      "slowest": 0.000039201
    }
  },
  "statusCodeDistribution": {
    "200": 310741
  },
  "errorDistribution": {}
}