{
  "summary": {
    "successRate": 1,
    "total": 10.002078582,
    "slowest": 0.013035708,
    "fastest": 0.000248402,
    "average": 0.0016546868890732153,
    "requestsPerSec": 30136.13595702502,
    "totalData": 3918512,
    "sizePerRequest": 13,
    "sizePerSec": 391769.76744132524
  },
  "responseTimeHistogram": {
    "0.000248402": 1,
    "0.0015271326": 184383,
    "0.0028058632": 100111,
    "0.0040845938": 8815,
    "0.0053633244": 3918,
    "0.006642055": 2841,
    "0.0079207856": 410,
    "0.0091995162": 290,
    "0.0104782468": 173,
    "0.0117569774": 378,
    "0.013035708": 104
  },
  "latencyPercentiles": {
    "p10": 0.001190309,
    "p25": 0.00132151,
    "p50": 0.001463811,
    "p75": 0.001631312,
    "p90": 0.002073917,
    "p95": 0.002939323,
    "p99": 0.005714345
  },
  "rps": {
    "mean": 30162.14523040189,
    "stddev": 7544.848125749343,
    "max": 39925.236742141475,
    "percentiles": {
      "p10": 18815.65650778247,
      "p25": 27918.19428721691,
      "p50": 33284.27031682618,
      "p75": 34999.367868563815,
      "p90": 36248.38115736511,
      "p95": 37055.532842825705,
      "p99": 38320.390279667576
    }
  },
  "details": {
    "DNSDialup": {
      "average": 0.00260169354,
      "fastest": 0.000088101,
      "slowest": 0.005057842
    },
    "DNSLookup": {
      "average": 0.00007220458,
      "fastest": 0.0000063,
      "slowest": 0.003117726
    }
  },
  "statusCodeDistribution": {
    "200": 301424
  },
  "errorDistribution": {}
}