{
  "summary": {
    "successRate": 1,
    "total": 10.001515854,
    "slowest": 0.009469752,
    "fastest": 0.000328598,
    "average": 0.0010253255160828255,
    "requestsPerSec": 48709.21639394923,
    "totalData": 6333158,
    "sizePerRequest": 13,
    "sizePerSec": 633219.81312134
  },
  "responseTimeHistogram": {
    "0.000328598": 1,
    "0.0012427134": 452116,
    "0.0021568288": 20964,
    "0.0030709441999999996": 6511,
    "0.0039850596": 5894,
    "0.004899175": 82,
    "0.0058132904": 336,
    "0.0067274058": 91,
    "0.0076415212": 543,
    "0.0085556366": 601,
    "0.009469752": 27
  },
  "latencyPercentiles": {
    "p10": 0.000805096,
    "p25": 0.000851795,
    "p50": 0.000952695,
    "p75": 0.000997094,
    "p90": 0.001053694,
    "p95": 0.001686291,
    "p99": 0.003483882
  },
  "rps": {
    "mean": 48698.79620391508,
    "stddev": 10535.140574744875,
    "max": 55980.75771528132,
    "percentiles": {
      "p10": 31559.850643509126,
      "p25": 45642.50407702717,
      "p50": 54186.51729858674,
      "p75": 54635.7251392792,
      "p90": 54952.50712055544,
      "p95": 55176.86945504009,
      "p99": 55455.95696939183
    }
  },
  "details": {
    "DNSDialup": {
      "average": 0.00127974152,
      "fastest": 0.0000649,
      "slowest": 0.003312983
    },
    "DNSLookup": {
      "average": 0.00000428996,
      "fastest": 0.000003,
      "slowest": 0.000034
    }
  },
  "statusCodeDistribution": {
    "200": 487166
  },
  "errorDistribution": {}
}