{
  "summary": {
    "successRate": 1,
    "total": 10.00168542,
    "slowest": 0.010128782,
    "fastest": 0.000367699,
    "average": 0.0009994370933347906,
    "requestsPerSec": 49968.67817904235,
    "totalData": 6497023,
    "sizePerRequest": 13,
    "sizePerSec": 649592.8163275506
  },
  "responseTimeHistogram": {
    "0.000367699": 1,
    "0.0013438073": 477464,
    "0.0023199156": 12885,
    "0.0032960239000000002": 2562,
    "0.004272132200000001": 5360,
    "0.0052482405": 256,
    "0.0062243488000000005": 127,
    "0.0072004571": 110,
    "0.0081765654": 769,
    "0.009152673699999999": 186,
    "0.010128782": 51
  },
  "latencyPercentiles": {
    "p10": 0.000805198,
    "p25": 0.000852899,
    "p50": 0.000944199,
    "p75": 0.000987898,
    "p90": 0.001029398,
    "p95": 0.001215698,
    "p99": 0.003603693
  },
  "rps": {
    "mean": 49997.98327708678,
    "stddev": 9270.454483363024,
    "max": 56007.33354806136,
    "percentiles": {
      "p10": 38862.26235095723,
      "p25": 51124.839421526296,
      "p50": 54208.7764008996,
      "p75": 54691.95717295859,
      "p90": 55145.63353693705,
      "p95": 55415.463558930256,
      "p99": 55719.997086349475
    }
  },
  "details": {
    "DNSDialup": {
      "average": 0.0012686874999999999,
      "fastest": 0.000065899,
      "slowest": 0.001426597
    },
    "DNSLookup": {
      "average": 0.000004043979999999999,
      "fastest": 0.000003,
      "slowest": 0.0000351
    }
  },
  "statusCodeDistribution": {
    "200": 499771
  },
  "errorDistribution": {}
}