{
  "summary": {
    "successRate": 1,
    "total": 10.00241394,
    "slowest": 0.015972904,
    "fastest": 0.000174901,
    "average": 0.0015469101813487482,
    "requestsPerSec": 32195.92809613316,
    "totalData": 4186481,
    "sizePerRequest": 13,
    "sizePerSec": 418547.06524973107
  },
  "responseTimeHistogram": {
    "0.000174901": 1,
    "0.0017547012999999999": 281511,
    "0.0033345015999999995": 30955,
    "0.004914301899999999": 5280,
    "0.006494102199999999": 2778,
    "0.008073902499999999": 423,
    "0.009653702799999999": 490,
    "0.011233503099999998": 434,
    "0.012813303399999998": 109,
    "0.014393103699999998": 43,
    "0.015972904": 13
  },
  "latencyPercentiles": {
    "p10": 0.001109807,
    "p25": 0.001229608,
    "p50": 0.00137551,
    "p75": 0.00156141,
    "p90": 0.001861112,
    "p95": 0.00272662,
    "p99": 0.005239637
  },
  "rps": {
    "mean": 32149.221349509848,
    "stddev": 8232.711293650666,
    "max": 43532.167094808785,
    "percentiles": {
      "p10": 19813.528677381477,
      "p25": 29707.828012680577,
      "p50": 34841.228921434194,
      "p75": 37575.65858856796,
      "p90": 39679.895469527764,
      "p95": 40412.36862172501,
      "p99": 42281.29438769788
    }
  },
  "details": {
    "DNSDialup": {
      "average": 0.00207856292,
      "fastest": 0.000110701,
      "slowest": 0.002597319
    },
    "DNSLookup": {
      "average": 0.00000739802,
      "fastest": 0.0000049,
      "slowest": 0.0000347
    }
  },
  "statusCodeDistribution": {
    "200": 322037
  },
  "errorDistribution": {}
}