{
  "summary": {
    "successRate": 1,
    "total": 10.001610626,
    "slowest": 0.009002596,
    "fastest": 0.000267999,
    "average": 0.001014996036623627,
    "requestsPerSec": 49203.47516036164,
    "totalData": 6397482,
    "sizePerRequest": 13,
    "sizePerSec": 639645.1770847013
  },
  "responseTimeHistogram": {
    "0.000267999": 1,
    "0.0011414587": 452572,
    "0.0020149184000000002": 25809,
    "0.0028883781000000005": 6671,
    "0.0037618378000000004": 5146,
    "0.0046352975": 604,
    "0.0055087572000000005": 208,
    "0.0063822169": 91,
    "0.0072556766": 43,
    "0.008129136300000001": 817,
    "0.009002596": 152
  },
  "latencyPercentiles": {
    "p10": 0.0008001,
    "p25": 0.0008478,
    "p50": 0.000941999,
    "p75": 0.000986799,
    "p90": 0.0010484,
    "p95": 0.001718399,
    "p99": 0.003492998
  },
  "rps": {
    "mean": 49226.877230331236,
    "stddev": 10201.601984190575,
    "max": 56432.40946471891,
    "percentiles": {
      "p10": 31903.84122248149,
      "p25": 46167.511861421415,
      "p50": 54507.10772684863,
      "p75": 55083.19766174727,
      "p90": 55563.98707406243,
      "p95": 55762.10419455614,
      "p99": 56049.50096616459
    }
  },
  "details": {
    "DNSDialup": {
      "average": 0.00126568558,
      "fastest": 0.000058,
      "slowest": 0.002540799
    },
    "DNSLookup": {
      "average": 0.0000042979999999999985,
      "fastest": 0.0000029,
      "slowest": 0.0000327
    }
  },
  "statusCodeDistribution": {
    "200": 492114
  },
  "errorDistribution": {}
}