{
  "summary": {
    "successRate": 1,
    "total": 10.001300776,
    "slowest": 0.0098026,
    "fastest": 0.000147901,
    "average": 0.0011366623800751574,
    "requestsPerSec": 43921.38681141489,
    "totalData": 5710523,
    "sizePerRequest": 13,
    "sizePerSec": 570978.0285483936
  },
  "responseTimeHistogram": {
    "0.000147901": 1,
    "0.0011133709": 335604,
    "0.0020788408": 90329,
    "0.0030443107": 5621,
    "0.0040097805999999995": 1915,
    "0.004975250499999999": 4646,
    "0.005940720399999999": 231,
    "0.006906190299999999": 55,
    "0.0078716602": 62,
    "0.0088371301": 127,
    "0.0098026": 680
  },
  "latencyPercentiles": {
    "p10": 0.000896909,
    "p25": 0.00095061,
    "p50": 0.001053611,
    "p75": 0.001110011,
    "p90": 0.001175212,
    "p95": 0.001777018,
    "p99": 0.004418145
  },
  "rps": {
    "mean": 43943.29808679697,
    "stddev": 9391.425572103912,
    "max": 51226.00572889295,
    "percentiles": {
      "p10": 30458.39581111865,
      "p25": 43960.65691441051,
      "p50": 48610.19841963139,
      "p75": 49134.12633808315,
      "p90": 49526.41750205089,
      "p95": 49807.95931189851,
      "p99": 50276.41008805203
    }
  },
  "details": {
    "DNSDialup": {
      "average": 0.00092024142,
      "fastest": 0.000043501,
      "slowest": 0.001305613
    },
    "DNSLookup": {
      "average": 0.000004912039999999999,
      "fastest": 0.0000033,
      "slowest": 0.0000371
    }
  },
  "statusCodeDistribution": {
    "200": 439271
  },
  "errorDistribution": {}
}