{
  "summary": {
    "successRate": 1,
    "total": 10.001768821,
    "slowest": 0.009583485,
    "fastest": 0.000363,
    "average": 0.0009991655051575102,
    "requestsPerSec": 49957.163472015025,
    "totalData": 6495580,
    "sizePerRequest": 13,
    "sizePerSec": 649443.1251361953
  },
  "responseTimeHistogram": {
    "0.000363": 1,
    "0.0012850485": 481632,
    "0.002207097": 9224,
    "0.0031291455": 2240,
    "0.004051193999999999": 5157,
    "0.004973242499999999": 225,
    "0.0058952909999999996": 131,
    "0.006817339499999999": 57,
    "0.007739387999999999": 533,
    "0.0086614365": 386,
    "0.009583485": 74
  },
  "latencyPercentiles": {
    "p10": 0.000818499,
    "p25": 0.000867099,
    "p50": 0.000959298,
    "p75": 0.001003199,
    "p90": 0.001040799,
    "p95": 0.001099999,
    "p99": 0.003534202
  },
  "rps": {
    "mean": 49964.469417505716,
    "stddev": 8201.283270166932,
    "max": 55148.277148040615,
    "percentiles": {
      "p10": 38721.27734189813,
      "p25": 51901.634901497484,
      "p50": 53401.68215298585,
      "p75": 53881.12138955446,
      "p90": 54216.78551679675,
      "p95": 54403.070931559436,
      "p99": 54694.89045009527
    }
  },
  "details": {
    "DNSDialup": {
      "average": 0.00128215488,
      "fastest": 0.0000671,
      "slowest": 0.002603601
    },
    "DNSLookup": {
      "average": 0.0000045720000000000004,
      "fastest": 0.000003,
      "slowest": 0.0000339
    }
  },
  "statusCodeDistribution": {
    "200": 499660
  },
  "errorDistribution": {}
}