{
  "summary": {
    "successRate": 1,
    "total": 10.001663971,
    "slowest": 0.01101985,
    "fastest": 0.000172917,
    "average": 0.001274288833206594,
    "requestsPerSec": 39188.07921726368,
    "totalData": 5095298,
    "sizePerRequest": 13,
    "sizePerSec": 509445.02982442785
  },
  "responseTimeHistogram": {
    "0.000172917": 1,
    "0.0012576103": 318723,
    "0.0023423035999999998": 56375,
    "0.0034269968999999997": 10134,
    "0.0045116902": 1537,
    "0.0055963835": 3934,
    "0.0066810768": 260,
    "0.0077657700999999996": 167,
    "0.0088504634": 123,
    "0.0099351567": 360,
    "0.01101985": 332
  },
  "latencyPercentiles": {
    "p10": 0.000963391,
    "p25": 0.001041299,
    "p50": 0.00114941,
    "p75": 0.001231217,
    "p90": 0.001381232,
    "p95": 0.002255915,
    "p99": 0.004821959
  },
  "rps": {
    "mean": 39222.84968494451,
    "stddev": 9779.732724819562,
    "max": 49302.701788057064,
    "percentiles": {
      "p10": 23520.404772813712,
      "p25": 35823.09873406347,
      "p50": 43916.46428245944,
      "p75": 45156.2754098302,
      "p90": 46224.428846936484,
      "p95": 46814.26898918867,
      "p99": 48102.34246331703
    }
  },
  "details": {
    "DNSDialup": {
      "average": 0.00080840502,
      "fastest": 0.000054106,
      "slowest": 0.002223812
    },
    "DNSLookup": {
      "average": 0.000006124620000000001,
      "fastest": 0.0000037,
      "slowest": 0.000055405
    }
  },
  "statusCodeDistribution": {
    "200": 391946
  },
  "errorDistribution": {}
}