{
  "summary": {
    "successRate": 1,
    "total": 10.002380879,
    "slowest": 0.015027203,
    "fastest": 0.0003422,
    "average": 0.0016089960189520375,
    "requestsPerSec": 30965.527482589277,
    "totalData": 4026477,
    "sizePerRequest": 13,
    "sizePerSec": 402551.8572736606
  },
  "responseTimeHistogram": {
    "0.0003422": 1,
    "0.0018107002999999998": 266167,
    "0.0032792005999999997": 30844,
    "0.0047477008999999995": 5245,
    "0.006216201199999999": 5332,
    "0.007684701499999999": 900,
    "0.0091532018": 459,
    "0.0106217021": 467,
    "0.0120902024": 198,
    "0.0135587027": 98,
    "0.015027203": 18
  },
  "latencyPercentiles": {
    "p10": 0.0011517,
    "p25": 0.0012491,
    "p50": 0.0013791,
    "p75": 0.0015229,
    "p90": 0.0021754,
    "p95": 0.002990201,
    "p99": 0.005527001
  },
  "rps": {
    "mean": 30971.797713087344,
    "stddev": 8936.814269188215,
    "max": 44256.120527339044,
    "percentiles": {
      "p10": 16519.638215517833,
      "p25": 26053.404268068178,
      "p50": 35440.74977409021,
      "p75": 37418.71684216516,
      "p90": 38208.78037773188,
      "p95": 38653.97230570975,
      "p99": 39611.69049764738
    }
  },
  "details": {
    "DNSDialup": {
      "average": 0.0012605560400000002,
      "fastest": 0.0000836,
      "slowest": 0.001663501
    },
    "DNSLookup": {
      "average": 0.000008138000000000004,
      "fastest": 0.0000062,
      "slowest": 0.0000365
    }
  },
  "statusCodeDistribution": {
    "200": 309729
  },
  "errorDistribution": {}
}