{
  "summary": {
    "successRate": 1,
    "total": 10.001463743,
    "slowest": 0.010243698,
    "fastest": 0.000137001,
    "average": 0.0011464781017654778,
    "requestsPerSec": 43550.62530770602,
    "totalData": 5662410,
    "sizePerRequest": 13,
    "sizePerSec": 566158.1290001783
  },
  "responseTimeHistogram": {
    "0.000137001": 1,
    "0.0011476707000000002": 380053,
    "0.0021583404": 39443,
    "0.0031690101": 8378,
    "0.004179679800000001": 1950,
    "0.005190349500000001": 4569,
    "0.0062010192": 291,
    "0.007211688900000001": 48,
    "0.0082223586": 87,
    "0.0092330283": 448,
    "0.010243698": 302
  },
  "latencyPercentiles": {
    "p10": 0.000887009,
    "p25": 0.000946109,
    "p50": 0.00104271,
    "p75": 0.001097411,
    "p90": 0.001193011,
    "p95": 0.001960219,
    "p99": 0.004425342
  },
  "rps": {
    "mean": 43569.897879853896,
    "stddev": 10090.53413079614,
    "max": 51202.10413700148,
    "percentiles": {
      "p10": 27330.379575764517,
      "p25": 38902.72263912883,
      "p50": 48966.128756878905,
      "p75": 49784.2647853656,
      "p90": 50169.593293167476,
      "p95": 50337.823861229095,
      "p99": 50696.72356612653
    }
  },
  "details": {
    "DNSDialup": {
      "average": 0.0006419401999999999,
      "fastest": 0.000043001,
      "slowest": 0.001142811
    },
    "DNSLookup": {
      "average": 0.000005160020000000001,
      "fastest": 0.0000032,
      "slowest": 0.0000358
    }
  },
  "statusCodeDistribution": {
    "200": 435570
  },
  "errorDistribution": {}
}