{
  "summary": {
    "successRate": 1,
    "total": 10.001759195,
    "slowest": 0.012652296,
    "fastest": 0.000334603,
    "average": 0.001146922551219782,
    "requestsPerSec": 43508.74596316453,
    "totalData": 5657132,
    "sizePerRequest": 13,
    "sizePerSec": 565613.6975211389
  },
  "responseTimeHistogram": {
    "0.000334603": 1,
    "0.0015663723": 410111,
    "0.0027981416000000003": 15934,
    "0.0040299109": 3353,
    "0.0052616802": 4495,
    "0.006493449500000001": 270,
    "0.0077252188": 101,
    "0.0089569881": 261,
    "0.0101887574": 585,
    "0.0114205267": 51,
    "0.012652296": 2
  },
  "latencyPercentiles": {
    "p10": 0.000900409,
    "p25": 0.000961809,
    "p50": 0.00105721,
    "p75": 0.00111341,
    "p90": 0.00117421,
    "p95": 0.001771417,
    "p99": 0.004386841
  },
  "rps": {
    "mean": 43519.39843480103,
    "stddev": 9700.292542118454,
    "max": 50740.63309898677,
    "percentiles": {
      "p10": 29958.14276347599,
      "p25": 44745.99392341331,
      "p50": 48214.02063720619,
      "p75": 48704.89971291093,
      "p90": 49127.52739439774,
      "p95": 49413.38114361593,
      "p99": 49835.51260506218
    }
  },
  "details": {
    "DNSDialup": {
      "average": 0.0018539341799999997,
      "fastest": 0.000081601,
      "slowest": 0.008551066
    },
    "DNSLookup": {
      "average": 0.00000595602,
      "fastest": 0.0000034,
      "slowest": 0.0000317
    }
  },
  "statusCodeDistribution": {
    "200": 435164
  },
  "errorDistribution": {}
}