{
  "summary": {
    "successRate": 1,
    "total": 10.001509148,
    "slowest": 0.009859761,
    "fastest": 0.000103301,
    "average": 0.0011329472171170052,
    "requestsPerSec": 44061.750429746244,
    "totalData": 5728892,
    "sizePerRequest": 13,
    "sizePerSec": 572802.7555867012
  },
  "responseTimeHistogram": {
    "0.000103301": 1,
    "0.001078947": 290613,
    "0.002054593": 134580,
    "0.0030302389999999997": 8234,
    "0.004005885": 1586,
    "0.004981531": 4463,
    "0.005957176999999999": 247,
    "0.006932822999999999": 77,
    "0.007908469": 80,
    "0.008884115": 194,
    "0.009859761": 609
  },
  "latencyPercentiles": {
    "p10": 0.000886914,
    "p25": 0.000949815,
    "p50": 0.001046117,
    "p75": 0.001098318,
    "p90": 0.001164219,
    "p95": 0.001807429,
    "p99": 0.004395772
  },
  "rps": {
    "mean": 44058.8648678624,
    "stddev": 9546.103629160913,
    "max": 51092.580057387735,
    "percentiles": {
      "p10": 30101.017414393224,
      "p25": 44168.00626221929,
      "p50": 48925.053160701,
      "p75": 49518.500111638525,
      "p90": 49917.1565267001,
      "p95": 50147.11659595845,
      "p99": 50554.895143231544
    }
  },
  "details": {
    "DNSDialup": {
      "average": 0.0014682539600000004,
      "fastest": 0.000074102,
      "slowest": 0.001610827
    },
    "DNSLookup": {
      "average": 0.000004428060000000001,
      "fastest": 0.0000034,
      "slowest": 0.000037101
    }
  },
  "statusCodeDistribution": {
    "200": 440684
  },
  "errorDistribution": {}
}