{
  "summary": {
    "successRate": 1,
    "total": 10.00166531,
    "slowest": 0.010462892,
    "fastest": 0.000327506,
    "average": 0.0010817414808582746,
    "requestsPerSec": 46158.513176642184,
    "totalData": 6001606,
    "sizePerRequest": 13,
    "sizePerSec": 600060.6712963483
  },
  "responseTimeHistogram": {
    "0.000327506": 1,
    "0.0013410446": 438585,
    "0.0023545832": 13356,
    "0.0033681218000000002": 3011,
    "0.0043816604": 2529,
    "0.005395199": 3089,
    "0.0064087376000000005": 126,
    "0.0074222762": 65,
    "0.0084358148": 66,
    "0.0094493534": 792,
    "0.010462892": 42
  },
  "latencyPercentiles": {
    "p10": 0.000865516,
    "p25": 0.000921616,
    "p50": 0.001015318,
    "p75": 0.00106472,
    "p90": 0.00111352,
    "p95": 0.001340724,
    "p99": 0.00434378
  },
  "rps": {
    "mean": 46188.67216010949,
    "stddev": 9115.830716302105,
    "max": 52874.04028268284,
    "percentiles": {
      "p10": 32503.308836839806,
      "p25": 48315.538277109205,
      "p50": 50301.795713865016,
      "p75": 50809.830529672625,
      "p90": 51276.47310985417,
      "p95": 51502.66268766279,
      "p99": 51887.18215322572
    }
  },
  "details": {
    "DNSDialup": {
      "average": 0.0015770249199999998,
      "fastest": 0.000077301,
      "slowest": 0.001718631
    },
    "DNSLookup": {
      "average": 0.000004942059999999998,
      "fastest": 0.0000039,
      "slowest": 0.0000374
    }
  },
  "statusCodeDistribution": {
    "200": 461662
  },
  "errorDistribution": {}
}