{
  "summary": {
    "successRate": 1,
    "total": 10.001544751,
    "slowest": 0.010174125,
    "fastest": 0.000240203,
    "average": 0.0011396765198169584,
    "requestsPerSec": 43789.03568433376,
    "totalData": 5693454,
    "sizePerRequest": 13,
    "sizePerSec": 569257.4638963388
  },
  "responseTimeHistogram": {
    "0.000240203": 1,
    "0.0012335952": 401314,
    "0.0022269874": 23326,
    "0.0032203795999999995": 6131,
    "0.004213771799999999": 1495,
    "0.005207163999999999": 4358,
    "0.006200556199999999": 309,
    "0.007193948399999999": 138,
    "0.008187340599999999": 71,
    "0.009180732799999999": 360,
    "0.010174125": 455
  },
  "latencyPercentiles": {
    "p10": 0.00088841,
    "p25": 0.000955411,
    "p50": 0.001038913,
    "p75": 0.001094214,
    "p90": 0.001173914,
    "p95": 0.001866023,
    "p99": 0.004557756
  },
  "rps": {
    "mean": 43777.79197170028,
    "stddev": 10044.280214307897,
    "max": 51275.75588758855,
    "percentiles": {
      "p10": 29222.144541133755,
      "p25": 41902.98496615138,
      "p50": 49009.203928494244,
      "p75": 49645.849576887056,
      "p90": 49990.82325714286,
      "p95": 50186.209871314706,
      "p99": 50569.08598975118
    }
  },
  "details": {
    "DNSDialup": {
      "average": 0.0016558198200000002,
      "fastest": 0.000081601,
      "slowest": 0.00334684
    },
    "DNSLookup": {
      "average": 0.000005656079999999999,
      "fastest": 0.000004,
      "slowest": 0.000036201
    }
  },
  "statusCodeDistribution": {
    "200": 437958
  },
  "errorDistribution": {}
}