{
  "summary": {
    "successRate": 1,
    "total": 10.001506818,
    "slowest": 0.008499004,
    "fastest": 0.0003097,
    "average": 0.0010258775826104103,
    "requestsPerSec": 48685.0640469163,
    "totalData": 6330012,
    "sizePerRequest": 13,
    "sizePerSec": 632905.8326099119
  },
  "responseTimeHistogram": {
    "0.0003097": 1,
    "0.0011286304": 450633,
    "0.0019475608": 22410,
    "0.0027664912": 6897,
    "0.0035854216": 2830,
    "0.004404352": 2609,
    "0.005223282399999999": 175,
    "0.0060422128": 173,
    "0.006861143199999999": 115,
    "0.0076800736": 487,
    "0.008499004": 594
  },
  "latencyPercentiles": {
    "p10": 0.0008148,
    "p25": 0.000861901,
    "p50": 0.0009607,
    "p75": 0.001006501,
    "p90": 0.0010577,
    "p95": 0.001662601,
    "p99": 0.003527503
  },
  "rps": {
    "mean": 48700.98683594163,
    "stddev": 9754.621764346128,
    "max": 55269.142121939774,
    "percentiles": {
      "p10": 34586.73725310369,
      "p25": 48109.35432882352,
      "p50": 53430.96324319985,
      "p75": 54128.09789562156,
      "p90": 54471.23953728078,
      "p95": 54663.42176570723,
      "p99": 54943.37718357107
    }
  },
  "details": {
    "DNSDialup": {
      "average": 0.0012665171,
      "fastest": 0.0000549,
      "slowest": 0.002737402
    },
    "DNSLookup": {
      "average": 0.000004072,
      "fastest": 0.0000028,
      "slowest": 0.000035
    }
  },
  "statusCodeDistribution": {
    "200": 486924
  },
  "errorDistribution": {}
}