{
  "summary": {
    "successRate": 1,
    "total": 10.001454532,
    "slowest": 0.011955791,
    "fastest": 0.000342403,
    "average": 0.001116418378694749,
    "requestsPerSec": 44719.49540629077,
    "totalData": 5814380,
    "sizePerRequest": 13,
    "sizePerSec": 581353.44028178
  },
  "responseTimeHistogram": {
    "0.000342403": 1,
    "0.0015037418000000001": 417641,
    "0.0026650806000000004": 20109,
    "0.0038264194000000003": 3410,
    "0.0049877582": 4734,
    "0.006149097": 312,
    "0.007310435800000001": 203,
    "0.0084717746": 203,
    "0.0096331134": 597,
    "0.0107944522": 23,
    "0.011955791": 27
  },
  "latencyPercentiles": {
    "p10": 0.000875708,
    "p25": 0.000934507,
    "p50": 0.001025908,
    "p75": 0.00107841,
    "p90": 0.001159209,
    "p95": 0.001830814,
    "p99": 0.004149432
  },
  "rps": {
    "mean": 44724.10523031893,
    "stddev": 9883.305198484844,
    "max": 52425.22701924172,
    "percentiles": {
      "p10": 30683.870022723084,
      "p25": 42836.269325767375,
      "p50": 49820.984598713505,
      "p75": 50417.267914261996,
      "p90": 50771.304099381785,
      "p95": 51004.712835467435,
      "p99": 51414.79417602972
    }
  },
  "details": {
    "DNSDialup": {
      "average": 0.0015935980199999998,
      "fastest": 0.000074001,
      "slowest": 0.003174828
    },
    "DNSLookup": {
      "average": 0.000005430059999999999,
      "fastest": 0.0000038,
      "slowest": 0.0000394
    }
  },
  "statusCodeDistribution": {
    "200": 447260
  },
  "errorDistribution": {}
}