{
  "summary": {
    "successRate": 1,
    "total": 10.001595816,
    "slowest": 0.013201608,
    "fastest": 0.000205101,
    "average": 0.001608314551274214,
    "requestsPerSec": 30990.154541554013,
    "totalData": 4029363,
    "sizePerRequest": 13,
    "sizePerSec": 402872.00904020213
  },
  "responseTimeHistogram": {
    "0.000205101": 1,
    "0.0015047517000000002": 198076,
    "0.0028044024000000002": 95751,
    "0.0041040531": 6824,
    "0.0054037038": 5790,
    "0.0067033545000000005": 2694,
    "0.0080030052": 215,
    "0.0093026559": 6,
    "0.0106023066": 309,
    "0.0119019573": 247,
    "0.013201608": 38
  },
  "latencyPercentiles": {
    "p10": 0.001198106,
    "p25": 0.001310707,
    "p50": 0.001440507,
    "p75": 0.001568508,
    "p90": 0.001826409,
    "p95": 0.002855423,
    "p99": 0.005499929
  },
  "rps": {
    "mean": 31008.43760792047,
    "stddev": 7720.808927030826,
    "max": 38539.77651045519,
    "percentiles": {
      "p10": 18883.557855153034,
      "p25": 29317.861320651773,
      "p50": 34507.41219213992,
      "p75": 35724.33749457335,
      "p90": 36566.41933575241,
      "p95": 37040.66913665127,
      "p99": 37997.25752772578
    }
  },
  "details": {
    "DNSDialup": {
      "average": 0.002279512700000001,
      "fastest": 0.000093701,
      "slowest": 0.00478254
    },
    "DNSLookup": {
      "average": 0.000007810059999999995,
      "fastest": 0.0000055,
      "slowest": 0.000058401
    }
  },
  "statusCodeDistribution": {
    "200": 309951
  },
  "errorDistribution": {}
}