{
  "summary": {
    "successRate": 1,
    "total": 10.002497718,
    "slowest": 0.010667524,
    "fastest": 0.000121004,
    "average": 0.0011074629847462338,
    "requestsPerSec": 45059.44542121014,
    "totalData": 5859191,
    "sizePerRequest": 13,
    "sizePerSec": 585772.7904757318
  },
  "responseTimeHistogram": {
    "0.000121004": 1,
    "0.0011756560000000002": 418621,
    "0.0022303080000000003": 22273,
    "0.0032849600000000004": 2573,
    "0.0043396120000000005": 1843,
    "0.005394264": 4324,
    "0.006448916000000001": 32,
    "0.007503568000000001": 57,
    "0.00855822": 152,
    "0.009612872": 724,
    "0.010667524": 107
  },
  "latencyPercentiles": {
    "p10": 0.000886635,
    "p25": 0.000947238,
    "p50": 0.001040041,
    "p75": 0.001094844,
    "p90": 0.001147145,
    "p95": 0.001279051,
    "p99": 0.00447848
  },
  "rps": {
    "mean": 45050.71426427032,
    "stddev": 8786.04543025485,
    "max": 50942.274791761505,
    "percentiles": {
      "p10": 31369.41050141065,
      "p25": 46837.48949046049,
      "p50": 48973.3853735761,
      "p75": 49591.759632848356,
      "p90": 49963.83402557389,
      "p95": 50219.60071015643,
      "p99": 50602.31879581717
    }
  },
  "details": {
    "DNSDialup": {
      "average": 0.0015845174199999995,
      "fastest": 0.000074603,
      "slowest": 0.001786671
    },
    "DNSLookup": {
      "average": 0.000005070159999999999,
      "fastest": 0.0000039,
      "slowest": 0.000042201
    }
  },
  "statusCodeDistribution": {
    "200": 450707
  },
  "errorDistribution": {}
}