{
  "summary": {
    "successRate": 1,
    "total": 10.001746827,
    "slowest": 0.010699853,
    "fastest": 0.000335898,
    "average": 0.0010130819670008462,
    "requestsPerSec": 49298.68837200872,
    "totalData": 6409949,
    "sizePerRequest": 13,
    "sizePerSec": 640882.9488361133
  },
  "responseTimeHistogram": {
    "0.000335898": 1,
    "0.0013722935": 471275,
    "0.002408689": 13099,
    "0.0034450845": 2381,
    "0.00448148": 4952,
    "0.005517875500000001": 249,
    "0.006554271": 23,
    "0.0075906665": 130,
    "0.008627062": 844,
    "0.0096634575": 40,
    "0.010699853": 79
  },
  "latencyPercentiles": {
    "p10": 0.000813496,
    "p25": 0.000860896,
    "p50": 0.000962195,
    "p75": 0.001006595,
    "p90": 0.001049695,
    "p95": 0.001275894,
    "p99": 0.003587183
  },
  "rps": {
    "mean": 49347.280450000544,
    "stddev": 8994.157529922715,
    "max": 55801.38387432674,
    "percentiles": {
      "p10": 38313.59366303424,
      "p25": 51000.2244009889,
      "p50": 53501.34760276353,
      "p75": 54084.661258935965,
      "p90": 54408.42242379337,
      "p95": 54601.90014612343,
      "p99": 54928.49766890334
    }
  },
  "details": {
    "DNSDialup": {
      "average": 0.0012920143,
      "fastest": 0.0000683,
      "slowest": 0.002769887
    },
    "DNSLookup": {
      "average": 0.00000418992,
      "fastest": 0.0000029,
      "slowest": 0.000034499
    }
  },
  "statusCodeDistribution": {
    "200": 493073
  },
  "errorDistribution": {}
}