{
  "summary": {
    "successRate": 1,
    "total": 10.001980508,
    "slowest": 0.014003298,
    "fastest": 0.000218103,
    "average": 0.0019520646951226405,
    "requestsPerSec": 25580.63373502427,
    "totalData": 3326141,
    "sizePerRequest": 13,
    "sizePerSec": 332548.2385553155
  },
  "responseTimeHistogram": {
    "0.000218103": 1,
    "0.0015966225000000002": 61906,
    "0.002975142": 179127,
    "0.004353661500000001": 13092,
    "0.005732181": 971,
    "0.0071107005": 143,
    "0.008489220000000002": 477,
    "0.009867739500000002": 90,
    "0.011246259000000002": 0,
    "0.012624778500000001": 11,
    "0.014003298": 39
  },
  "latencyPercentiles": {
    "p10": 0.001523622,
    "p25": 0.001600224,
    "p50": 0.001952528,
    "p75": 0.002062629,
    "p90": 0.00216113,
    "p95": 0.003097044,
    "p99": 0.003845654
  },
  "rps": {
    "mean": 25581.02154534214,
    "stddev": 3538.162273619267,
    "max": 29077.538999787623,
    "percentiles": {
      "p10": 22439.385609622685,
      "p25": 23891.818668923304,
      "p50": 27014.20677133902,
      "p75": 27552.236284773306,
      "p90": 28025.365758546584,
      "p95": 28339.07554739387,
      "p99": 28773.54849786866
    }
  },
  "details": {
    "DNSDialup": {
      "average": 0.00105635896,
      "fastest": 0.000045401,
      "slowest": 0.001354319
    },
    "DNSLookup": {
      "average": 0.0000047880799999999985,
      "fastest": 0.0000034,
      "slowest": 0.000035001
    }
  },
  "statusCodeDistribution": {
    "200": 255857
  },
  "errorDistribution": {}
}