{
  "summary": {
    "successRate": 1,
    "total": 10.002631398,
    "slowest": 0.01862736,
    "fastest": 0.000369103,
    "average": 0.0027608398892414775,
    "requestsPerSec": 18084.14134266392,
    "totalData": 2351557,
    "sizePerRequest": 13,
    "sizePerSec": 235093.83745463096
  },
  "responseTimeHistogram": {
    "0.000369103": 1,
    "0.0021949287": 30064,
    "0.0040207544": 135699,
    "0.005846580099999999": 12167,
    "0.0076724058": 1977,
    "0.0094982315": 636,
    "0.0113240572": 227,
    "0.0131498829": 68,
    "0.0149757086": 0,
    "0.016801534299999997": 1,
    "0.01862736": 49
  },
  "latencyPercentiles": {
    "p10": 0.001977517,
    "p25": 0.00239322,
    "p50": 0.002575823,
    "p75": 0.002813524,
    "p90": 0.003736532,
    "p95": 0.004454338,
    "p99": 0.006567357
  },
  "rps": {
    "mean": 18089.440728456415,
    "stddev": 3411.062043141484,
    "max": 22952.89843765222,
    "percentiles": {
      "p10": 13390.596253494636,
      "p25": 16708.970895490133,
      "p50": 19316.256561522612,
      "p75": 20403.737923146324,
      "p90": 21119.647430028945,
      "p95": 21521.125136431383,
      "p99": 22121.1283130224
    }
  },
  "details": {
    "DNSDialup": {
      "average": 0.00229730986,
      "fastest": 0.000086301,
      "slowest": 0.00464434
    },
    "DNSLookup": {
      "average": 0.000007362059999999998,
      "fastest": 0.0000058,
      "slowest": 0.0000362
    }
  },
  "statusCodeDistribution": {
    "200": 180889
  },
  "errorDistribution": {}
}