{
  "summary": {
    "successRate": 1,
    "total": 10.001579741,
    "slowest": 0.0135332,
    "fastest": 0.0003043,
    "average": 0.0018779631686682869,
    "requestsPerSec": 26599.49796824801,
    "totalData": 3458481,
    "sizePerRequest": 13,
    "sizePerSec": 345793.47358722414
  },
  "responseTimeHistogram": {
    "0.0003043": 1,
    "0.00162719": 102958,
    "0.00295008": 149565,
    "0.00427297": 11479,
    "0.00559586": 994,
    "0.00691875": 496,
    "0.00824164": 486,
    "0.00956453": 8,
    "0.01088742": 0,
    "0.01221031": 0,
    "0.0135332": 50
  },
  "latencyPercentiles": {
    "p10": 0.001451101,
    "p25": 0.001527301,
    "p50": 0.001900403,
    "p75": 0.0019882,
    "p90": 0.002089901,
    "p95": 0.0029647,
    "p99": 0.0039236
  },
  "rps": {
    "mean": 26581.338877981212,
    "stddev": 3864.302040999632,
    "max": 30466.441215001356,
    "percentiles": {
      "p10": 24126.30007971743,
      "p25": 25290.522366708556,
      "p50": 28281.739331763347,
      "p75": 28547.05355386375,
      "p90": 29023.34923424568,
      "p95": 29452.229299362385,
      "p99": 29893.0253779386
    }
  },
  "details": {
    "DNSDialup": {
      "average": 0.0012687540000000002,
      "fastest": 0.0000593,
      "slowest": 0.0025565
    },
    "DNSLookup": {
      "average": 0.000004406000000000001,
      "fastest": 0.0000029,
      "slowest": 0.0000316
    }
  },
  "statusCodeDistribution": {
    "200": 266037
  },
  "errorDistribution": {}
}