{
  "summary": {
    "successRate": 1,
    "total": 10.00178568,
    "slowest": 0.014012137,
    "fastest": 0.000389504,
    "average": 0.002020339072796416,
    "requestsPerSec": 24719.28592655067,
    "totalData": 3214081,
    "sizePerRequest": 13,
    "sizePerSec": 321350.71704515873
  },
  "responseTimeHistogram": {
    "0.000389504": 1,
    "0.0017517672999999999": 87759,
    "0.0031140306": 141884,
    "0.0044762939": 14352,
    "0.0058385571999999995": 2183,
    "0.007200820499999999": 352,
    "0.008563083800000001": 532,
    "0.0099253471": 124,
    "0.0112876104": 0,
    "0.0126498737": 0,
    "0.014012137": 50
  },
  "latencyPercentiles": {
    "p10": 0.001502314,
    "p25": 0.001597115,
    "p50": 0.001960318,
    "p75": 0.00205972,
    "p90": 0.002675526,
    "p95": 0.003420234,
    "p99": 0.004813947
  },
  "rps": {
    "mean": 24691.882632118195,
    "stddev": 4628.503984775231,
    "max": 29339.12856739121,
    "percentiles": {
      "p10": 17801.087249591328,
      "p25": 23373.680470101954,
      "p50": 26840.803389312237,
      "p75": 27713.551508946726,
      "p90": 27955.612160044093,
      "p95": 28235.26899278523,
      "p99": 28875.87138224089
    }
  },
  "details": {
    "DNSDialup": {
      "average": 0.0014109458200000004,
      "fastest": 0.000072,
      "slowest": 0.001544515
    },
    "DNSLookup": {
      "average": 0.000004272079999999999,
      "fastest": 0.0000033,
      "slowest": 0.0000354
    }
  },
  "statusCodeDistribution": {
    "200": 247237
  },
  "errorDistribution": {}
}