{
  "summary": {
    "successRate": 1,
    "total": 10.001856735,
    "slowest": 0.014020682,
    "fastest": 0.000376205,
    "average": 0.001919494288780611,
    "requestsPerSec": 26015.269653829928,
    "totalData": 3382613,
    "sizePerRequest": 13,
    "sizePerSec": 338198.5054997891
  },
  "responseTimeHistogram": {
    "0.000376205": 1,
    "0.0017406526999999999": 101813,
    "0.0031051004": 148559,
    "0.0044695481": 8289,
    "0.0058339958": 614,
    "0.0071984435": 328,
    "0.008562891199999999": 534,
    "0.009927338899999999": 13,
    "0.0112917866": 0,
    "0.0126562343": 0,
    "0.014020682": 50
  },
  "latencyPercentiles": {
    "p10": 0.00150222,
    "p25": 0.001579921,
    "p50": 0.001939725,
    "p75": 0.002033026,
    "p90": 0.002117427,
    "p95": 0.002851637,
    "p99": 0.003599047
  },
  "rps": {
    "mean": 26020.71256418405,
    "stddev": 3285.1007710791278,
    "max": 30883.9146845934,
    "percentiles": {
      "p10": 23432.972535652956,
      "p25": 24388.14927715503,
      "p50": 27478.416272181763,
      "p75": 27736.193388612694,
      "p90": 27975.605674378196,
      "p95": 28272.707808272073,
      "p99": 29091.845866586205
    }
  },
  "details": {
    "DNSDialup": {
      "average": 0.0014309525399999999,
      "fastest": 0.000068001,
      "slowest": 0.001595221
    },
    "DNSLookup": {
      "average": 0.000004298100000000001,
      "fastest": 0.0000032,
      "slowest": 0.000038801
    }
  },
  "statusCodeDistribution": {
    "200": 260201
  },
  "errorDistribution": {}
}