{
  "summary": {
    "successRate": 1,
    "total": 10.001481578,
    "slowest": 0.015698635,
    "fastest": 0.000396938,
    "average": 0.0022275172731181857,
    "requestsPerSec": 22417.37869049145,
    "totalData": 2914691,
    "sizePerRequest": 13,
    "sizePerSec": 291425.9229763888
  },
  "responseTimeHistogram": {
    "0.000396938": 1,
    "0.0019271076999999998": 73685,
    "0.0034572773999999996": 138949,
    "0.0049874470999999995": 9747,
    "0.0065176168": 1020,
    "0.0080477865": 246,
    "0.009577956199999998": 457,
    "0.011108125899999998": 52,
    "0.012638295599999998": 1,
    "0.014168465299999999": 0,
    "0.015698635": 49
  },
  "latencyPercentiles": {
    "p10": 0.001692261,
    "p25": 0.001830679,
    "p50": 0.00221341,
    "p75": 0.002340829,
    "p90": 0.002488944,
    "p95": 0.003490842,
    "p99": 0.004626652
  },
  "rps": {
    "mean": 22424.403898084147,
    "stddev": 3349.323926263745,
    "max": 27298.935727142194,
    "percentiles": {
      "p10": 19303.37229914235,
      "p25": 21212.04141760717,
      "p50": 23604.536791969924,
      "p75": 24240.177818579938,
      "p90": 24904.162001775912,
      "p95": 25324.618503481026,
      "p99": 25867.688320120422
    }
  },
  "details": {
    "DNSDialup": {
      "average": 0.0016611345600000005,
      "fastest": 0.000079508,
      "slowest": 0.002263321
    },
    "DNSLookup": {
      "average": 0.00000706878,
      "fastest": 0.0000033,
      "slowest": 0.000055605
    }
  },
  "statusCodeDistribution": {
    "200": 224207
  },
  "errorDistribution": {}
}