{
  "summary": {
    "successRate": 1,
    "total": 10.001717852,
    "slowest": 0.013937944,
    "fastest": 0.000454605,
    "average": 0.0019486211065542385,
    "requestsPerSec": 25624.798038943918,
    "totalData": 3331796,
    "sizePerRequest": 13,
    "sizePerSec": 333122.3745062709
  },
  "responseTimeHistogram": {
    "0.000454605": 1,
    "0.0018029389000000001": 96365,
    "0.0031512728": 148696,
    "0.0044996067": 9799,
    "0.0058479406000000005": 448,
    "0.0071962745000000005": 187,
    "0.0085446084": 660,
    "0.0098929423": 86,
    "0.0112412762": 0,
    "0.0125896101": 1,
    "0.013937944": 49
  },
  "latencyPercentiles": {
    "p10": 0.001505316,
    "p25": 0.001598517,
    "p50": 0.00194672,
    "p75": 0.002042621,
    "p90": 0.002154722,
    "p95": 0.003014131,
    "p99": 0.003804639
  },
  "rps": {
    "mean": 25622.636520523494,
    "stddev": 3450.635335364484,
    "max": 29336.783339055622,
    "percentiles": {
      "p10": 22477.09192990088,
      "p25": 23585.851794973994,
      "p50": 27290.524679105452,
      "p75": 27563.341543272345,
      "p90": 27840.81943200951,
      "p95": 28160.107189814644,
      "p99": 28671.980126281163
    }
  },
  "details": {
    "DNSDialup": {
      "average": 0.00162057876,
      "fastest": 0.000078201,
      "slowest": 0.003519436
    },
    "DNSLookup": {
      "average": 0.00000531802,
      "fastest": 0.0000039,
      "slowest": 0.0000387
    }
  },
  "statusCodeDistribution": {
    "200": 256292
  },
  "errorDistribution": {}
}