{
  "summary": {
    "successRate": 1,
    "total": 10.001252408,
    "slowest": 0.013510376,
    "fastest": 0.000275199,
    "average": 0.00189839071496426,
    "requestsPerSec": 26312.70457582876,
    "totalData": 3421080,
    "sizePerRequest": 13,
    "sizePerSec": 342065.1594857739
  },
  "responseTimeHistogram": {
    "0.000275199": 1,
    "0.0015987167": 90870,
    "0.0029222344": 158061,
    "0.0042457521": 12600,
    "0.0055692698": 693,
    "0.006892787500000001": 435,
    "0.0082163052": 439,
    "0.0095398229": 11,
    "0.0108633406": 0,
    "0.0121868583": 0,
    "0.013510376000000001": 50
  },
  "latencyPercentiles": {
    "p10": 0.001448897,
    "p25": 0.001532695,
    "p50": 0.001902794,
    "p75": 0.001990893,
    "p90": 0.002375596,
    "p95": 0.002976595,
    "p99": 0.003559494
  },
  "rps": {
    "mean": 26300.946598116927,
    "stddev": 4029.619487530647,
    "max": 30528.153558261347,
    "percentiles": {
      "p10": 20841.167740745597,
      "p25": 25077.125006281705,
      "p50": 28107.589787318895,
      "p75": 28561.285147272214,
      "p90": 29087.247248796266,
      "p95": 29551.64368070267,
      "p99": 30025.13800135169
    }
  },
  "details": {
    "DNSDialup": {
      "average": 0.0012527818199999999,
      "fastest": 0.0000603,
      "slowest": 0.002518595
    },
    "DNSLookup": {
      "average": 0.0000042580000000000006,
      "fastest": 0.0000029,
      "slowest": 0.0000296
    }
  },
  "statusCodeDistribution": {
    "200": 263160
  },
  "errorDistribution": {}
}