{
  "summary": {
    "successRate": 1,
    "total": 10.001715164,
    "slowest": 0.014099338,
    "fastest": 0.000510608,
    "average": 0.0019415300023790298,
    "requestsPerSec": 25720.58849725507,
    "totalData": 3344250,
    "sizePerRequest": 13,
    "sizePerSec": 334367.6504643159
  },
  "responseTimeHistogram": {
    "0.000510608": 1,
    "0.001869481": 97034,
    "0.003228354": 150354,
    "0.004587227": 8635,
    "0.0059461": 471,
    "0.007304973": 204,
    "0.008663846": 501,
    "0.010022719": 0,
    "0.011381592": 0,
    "0.012740465": 1,
    "0.014099338": 49
  },
  "latencyPercentiles": {
    "p10": 0.001497325,
    "p25": 0.001596127,
    "p50": 0.001951833,
    "p75": 0.002031334,
    "p90": 0.002130136,
    "p95": 0.002958749,
    "p99": 0.003715763
  },
  "rps": {
    "mean": 25732.750833929666,
    "stddev": 3349.294864186189,
    "max": 30687.689861091618,
    "percentiles": {
      "p10": 22952.480211790917,
      "p25": 23859.954624227692,
      "p50": 27226.26124616001,
      "p75": 27479.187885265368,
      "p90": 27709.235488187558,
      "p95": 28047.191114167024,
      "p99": 28791.649578941287
    }
  },
  "details": {
    "DNSDialup": {
      "average": 0.0017239370400000005,
      "fastest": 0.000088001,
      "slowest": 0.00358626
    },
    "DNSLookup": {
      "average": 0.00000685612,
      "fastest": 0.0000039,
      "slowest": 0.000087001
    }
  },
  "statusCodeDistribution": {
    "200": 257250
  },
  "errorDistribution": {}
}