{
  "summary": {
    "successRate": 1,
    "total": 10.001845022,
    "slowest": 0.017358266,
    "fastest": 0.000504508,
    "average": 0.0020385691619455655,
    "requestsPerSec": 24495.080603739432,
    "totalData": 3184948,
    "sizePerRequest": 13,
    "sizePerSec": 318436.04784861265
  },
  "responseTimeHistogram": {
    "0.000504508": 1,
    "0.0021898838": 198033,
    "0.0038752596": 43083,
    "0.0055606354000000005": 2835,
    "0.0072460112": 382,
    "0.008931387": 511,
    "0.010616762800000002": 34,
    "0.012302138600000002": 17,
    "0.013987514400000001": 28,
    "0.0156728902": 37,
    "0.017358266": 35
  },
  "latencyPercentiles": {
    "p10": 0.001488922,
    "p25": 0.001600025,
    "p50": 0.00194583,
    "p75": 0.002056631,
    "p90": 0.002755941,
    "p95": 0.00324745,
    "p99": 0.004290364
  },
  "rps": {
    "mean": 24486.386777314445,
    "stddev": 4755.208017703343,
    "max": 30267.1715089327,
    "percentiles": {
      "p10": 17103.504508072365,
      "p25": 23302.206718976206,
      "p50": 26906.314912109585,
      "p75": 27773.68011435082,
      "p90": 28252.18903468249,
      "p95": 28710.148391477553,
      "p99": 29254.377005894712
    }
  },
  "details": {
    "DNSDialup": {
      "average": 0.00164870534,
      "fastest": 0.000078901,
      "slowest": 0.002116632
    },
    "DNSLookup": {
      "average": 0.000005254099999999999,
      "fastest": 0.0000038,
      "slowest": 0.0000403
    }
  },
  "statusCodeDistribution": {
    "200": 244996
  },
  "errorDistribution": {}
}