{
  "summary": {
    "successRate": 1,
    "total": 10.001486139,
    "slowest": 0.013454333,
    "fastest": 0.000421998,
    "average": 0.0018465458884236088,
    "requestsPerSec": 27051.879714653274,
    "totalData": 3517267,
    "sizePerRequest": 13,
    "sizePerSec": 351674.43629049254
  },
  "responseTimeHistogram": {
    "0.000421998": 1,
    "0.0017252315000000002": 104517,
    "0.003028465": 156305,
    "0.0043316985": 8198,
    "0.0056349320000000005": 666,
    "0.006938165500000001": 285,
    "0.008241399": 534,
    "0.0095446325": 3,
    "0.010847866000000001": 0,
    "0.012151099500000002": 0,
    "0.013454333000000002": 50
  },
  "latencyPercentiles": {
    "p10": 0.001419397,
    "p25": 0.001507696,
    "p50": 0.001873991,
    "p75": 0.00194669,
    "p90": 0.00205149,
    "p95": 0.002765386,
    "p99": 0.003483592
  },
  "rps": {
    "mean": 27053.708111617267,
    "stddev": 3503.66032010073,
    "max": 30639.955736244443,
    "percentiles": {
      "p10": 24342.89949177425,
      "p25": 25725.593463094727,
      "p50": 28317.622056210505,
      "p75": 28968.50762367877,
      "p90": 29611.966678766472,
      "p95": 29875.072754743403,
      "p99": 30353.36004915802
    }
  },
  "details": {
    "DNSDialup": {
      "average": 0.00125642776,
      "fastest": 0.0000626,
      "slowest": 0.001434593
    },
    "DNSLookup": {
      "average": 0.000004291979999999998,
      "fastest": 0.0000031,
      "slowest": 0.0000454
    }
  },
  "statusCodeDistribution": {
    "200": 270559
  },
  "errorDistribution": {}
}