{
  "summary": {
    "successRate": 1,
    "total": 10.002189287,
    "slowest": 0.018952059,
    "fastest": 0.000536405,
    "average": 0.0027495874975698026,
    "requestsPerSec": 18163.12357096867,
    "totalData": 2361723,
    "sizePerRequest": 13,
    "sizePerSec": 236120.60642259268
  },
  "responseTimeHistogram": {
    "0.000536405": 1,
    "0.0023779704000000002": 51679,
    "0.0042195358": 117703,
    "0.0060611012": 10043,
    "0.0079026666": 1417,
    "0.009744232": 336,
    "0.0115857974": 407,
    "0.0134273628": 35,
    "0.0152689282": 0,
    "0.017110493600000002": 0,
    "0.018952059": 50
  },
  "latencyPercentiles": {
    "p10": 0.001970417,
    "p25": 0.00233412,
    "p50": 0.002574622,
    "p75": 0.002833424,
    "p90": 0.003657531,
    "p95": 0.004472038,
    "p99": 0.006336854
  },
  "rps": {
    "mean": 18166.39862163945,
    "stddev": 3521.23842820889,
    "max": 23965.9834399232,
    "percentiles": {
      "p10": 13151.733906421234,
      "p25": 16625.212790129433,
      "p50": 19323.605027941394,
      "p75": 20582.775690718077,
      "p90": 21364.838568158764,
      "p95": 21815.657891879728,
      "p99": 22660.349601196656
    }
  },
  "details": {
    "DNSDialup": {
      "average": 0.0021741962999999994,
      "fastest": 0.000090201,
      "slowest": 0.00472444
    },
    "DNSLookup": {
      "average": 0.000007206060000000002,
      "fastest": 0.000005,
      "slowest": 0.0000383
    }
  },
  "statusCodeDistribution": {
    "200": 181671
  },
  "errorDistribution": {}
}