{
  "summary": {
    "successRate": 1,
    "total": 10.001528455,
    "slowest": 0.01339341,
    "fastest": 0.000439101,
    "average": 0.0018956575103093627,
    "requestsPerSec": 26350.572433581103,
    "totalData": 3426098,
    "sizePerRequest": 13,
    "sizePerSec": 342557.4416365543
  },
  "responseTimeHistogram": {
    "0.000439101": 1,
    "0.0017345319": 98600,
    "0.0030299627999999996": 153420,
    "0.004325393699999999": 9508,
    "0.005620824599999999": 856,
    "0.006916255499999999": 477,
    "0.0082116864": 585,
    "0.0095071173": 48,
    "0.0108025482": 1,
    "0.0120979791": 16,
    "0.01339341": 34
  },
  "latencyPercentiles": {
    "p10": 0.001433601,
    "p25": 0.0015282,
    "p50": 0.0018902,
    "p75": 0.001981602,
    "p90": 0.002279002,
    "p95": 0.002949802,
    "p99": 0.004194503
  },
  "rps": {
    "mean": 26328.694214966115,
    "stddev": 4041.065177753325,
    "max": 30414.414783766657,
    "percentiles": {
      "p10": 21314.263505137445,
      "p25": 25417.385639429758,
      "p50": 27759.11635309835,
      "p75": 28734.1339255127,
      "p90": 29412.05894416759,
      "p95": 29681.10596651387,
      "p99": 30175.397642063588
    }
  },
  "details": {
    "DNSDialup": {
      "average": 0.0006724647200000001,
      "fastest": 0.0000414,
      "slowest": 0.0009906
    },
    "DNSLookup": {
      "average": 0.000004338,
      "fastest": 0.0000029,
      "slowest": 0.0000311
    }
  },
  "statusCodeDistribution": {
    "200": 263546
  },
  "errorDistribution": {}
}