{
  "summary": {
    "successRate": 1,
    "total": 10.002092456,
    "slowest": 0.019494933,
    "fastest": 0.000361702,
    "average": 0.002812313558606483,
    "requestsPerSec": 17750.285830791167,
    "totalData": 2308020,
    "sizePerRequest": 13,
    "sizePerSec": 230753.71580028514
  },
  "responseTimeHistogram": {
    "0.000361702": 1,
    "0.0022750251": 37323,
    "0.0041883482": 127915,
    "0.0061016713": 9797,
    "0.0080149944": 1613,
    "0.0099283175": 608,
    "0.0118416406": 205,
    "0.013754963700000001": 28,
    "0.0156682868": 0,
    "0.0175816099": 0,
    "0.019494933": 50
  },
  "latencyPercentiles": {
    "p10": 0.002037314,
    "p25": 0.002377417,
    "p50": 0.002663918,
    "p75": 0.00288292,
    "p90": 0.003599125,
    "p95": 0.004552831,
    "p99": 0.006802046
  },
  "rps": {
    "mean": 17762.60385363111,
    "stddev": 3451.9953307257715,
    "max": 24774.315514242975,
    "percentiles": {
      "p10": 12763.41527583167,
      "p25": 16509.790305652223,
      "p50": 18982.679808766978,
      "p75": 19906.136346458352,
      "p90": 20705.0761703507,
      "p95": 21055.17252746732,
      "p99": 21719.365086153808
    }
  },
  "details": {
    "DNSDialup": {
      "average": 0.0023425440200000006,
      "fastest": 0.000096201,
      "slowest": 0.004633431
    },
    "DNSLookup": {
      "average": 0.000007326080000000001,
      "fastest": 0.000005701,
      "slowest": 0.0000359
    }
  },
  "statusCodeDistribution": {
    "200": 177540
  },
  "errorDistribution": {}
}