{
  "summary": {
    "successRate": 1,
    "total": 10.00249945,
    "slowest": 0.019218898,
    "fastest": 0.0004676,
    "average": 0.002661876688069309,
    "requestsPerSec": 18756.21197859701,
    "totalData": 2438917,
    "sizePerRequest": 13,
    "sizePerSec": 243830.75572176112
  },
  "responseTimeHistogram": {
    "0.0004676": 1,
    "0.0023427298000000003": 52696,
    "0.004217859600000001": 126023,
    "0.006092989400000002": 6952,
    "0.007968119200000002": 1012,
    "0.009843249000000002": 674,
    "0.011718378800000004": 126,
    "0.013593508600000003": 75,
    "0.015468638400000003": 9,
    "0.0173437682": 18,
    "0.019218898": 23
  },
  "latencyPercentiles": {
    "p10": 0.00193,
    "p25": 0.0023067,
    "p50": 0.0024853,
    "p75": 0.0026737,
    "p90": 0.003645499,
    "p95": 0.0041818,
    "p99": 0.006140899
  },
  "rps": {
    "mean": 18755.8663211079,
    "stddev": 3752.6466496585167,
    "max": 25533.40328787131,
    "percentiles": {
      "p10": 13087.944187324081,
      "p25": 17476.2657492056,
      "p50": 20271.051120874472,
      "p75": 21273.824425519524,
      "p90": 21864.239983549465,
      "p95": 22255.109033140277,
      "p99": 23086.774312868052
    }
  },
  "details": {
    "DNSDialup": {
      "average": 0.0011852116200000002,
      "fastest": 0.0000844,
      "slowest": 0.0014893
    },
    "DNSLookup": {
      "average": 0.000008336,
      "fastest": 0.0000058,
      "slowest": 0.0000361
    }
  },
  "statusCodeDistribution": {
    "200": 187609
  },
  "errorDistribution": {}
}