{
  "summary": {
    "successRate": 1,
    "total": 10.001779448,
    "slowest": 0.013400103,
    "fastest": 0.0002385,
    "average": 0.0019043986517085366,
    "requestsPerSec": 26228.532768982128,
    "totalData": 3410316,
    "sizePerRequest": 13,
    "sizePerSec": 340970.92599676765
  },
  "responseTimeHistogram": {
    "0.0002385": 1,
    "0.0015546603000000001": 76826,
    "0.0028708206000000003": 171440,
    "0.004186980900000001": 11848,
    "0.0055031412000000005": 1153,
    "0.0068193015000000004": 348,
    "0.0081354618": 559,
    "0.009451622100000001": 87,
    "0.010767782400000002": 20,
    "0.012083942700000003": 0,
    "0.013400103": 50
  },
  "latencyPercentiles": {
    "p10": 0.001417497,
    "p25": 0.001517797,
    "p50": 0.001872401,
    "p75": 0.001955796,
    "p90": 0.002611294,
    "p95": 0.0029612,
    "p99": 0.003968091
  },
  "rps": {
    "mean": 26200.816207547814,
    "stddev": 4591.485090704863,
    "max": 31256.15195367849,
    "percentiles": {
      "p10": 18307.13612166001,
      "p25": 25215.628646635476,
      "p50": 28305.089255047395,
      "p75": 29031.15183715942,
      "p90": 29517.17432692509,
      "p95": 29869.24661356271,
      "p99": 30418.321185750698
    }
  },
  "details": {
    "DNSDialup": {
      "average": 0.00130320628,
      "fastest": 0.0000648,
      "slowest": 0.001427901
    },
    "DNSLookup": {
      "average": 0.000003986019999999998,
      "fastest": 0.000003,
      "slowest": 0.000033
    }
  },
  "statusCodeDistribution": {
    "200": 262332
  },
  "errorDistribution": {}
}