{
  "summary": {
    "successRate": 1,
    "total": 10.001880933,
    "slowest": 0.013317585,
    "fastest": 0.0003085,
    "average": 0.001807326142580633,
    "requestsPerSec": 27636.701721572073,
    "totalData": 3593447,
    "sizePerRequest": 13,
    "sizePerSec": 359277.1223804369
  },
  "responseTimeHistogram": {
    "0.0003085": 1,
    "0.0016094085": 103650,
    "0.0029103170000000004": 161449,
    "0.0042112255000000005": 9152,
    "0.005512134": 1195,
    "0.0068130425": 563,
    "0.008113951000000001": 359,
    "0.0094148595": 0,
    "0.010715768": 0,
    "0.0120166765": 0,
    "0.013317585": 50
  },
  "latencyPercentiles": {
    "p10": 0.001391498,
    "p25": 0.001471998,
    "p50": 0.001824798,
    "p75": 0.001903497,
    "p90": 0.002003798,
    "p95": 0.002766997,
    "p99": 0.003883895
  },
  "rps": {
    "mean": 27606.877566140694,
    "stddev": 3873.7805664691396,
    "max": 31095.199431355966,
    "percentiles": {
      "p10": 25403.078853157334,
      "p25": 26451.079679970466,
      "p50": 29302.735349714887,
      "p75": 29627.118945703118,
      "p90": 29872.00258918182,
      "p95": 30239.798516540395,
      "p99": 30747.33641017187
    }
  },
  "details": {
    "DNSDialup": {
      "average": 0.0012953244199999999,
      "fastest": 0.0000667,
      "slowest": 0.001450398
    },
    "DNSLookup": {
      "average": 0.00000402998,
      "fastest": 0.000003,
      "slowest": 0.0000328
    }
  },
  "statusCodeDistribution": {
    "200": 276419
  },
  "errorDistribution": {}
}