{
  "summary": {
    "successRate": 1,
    "total": 10.002041934,
    "slowest": 0.014716487,
    "fastest": 0.000425217,
    "average": 0.0019334400432265213,
    "requestsPerSec": 25828.426005877212,
    "totalData": 3358381,
    "sizePerRequest": 13,
    "sizePerSec": 335769.5380764038
  },
  "responseTimeHistogram": {
    "0.000425217": 1,
    "0.001854344": 104362,
    "0.003283471": 144696,
    "0.004712598": 8135,
    "0.006141725000000001": 334,
    "0.007570852000000001": 348,
    "0.008999979": 401,
    "0.010429106": 10,
    "0.011858233000000001": 0,
    "0.013287360000000002": 0,
    "0.014716487000000002": 50
  },
  "latencyPercentiles": {
    "p10": 0.001505263,
    "p25": 0.001588066,
    "p50": 0.001941481,
    "p75": 0.002039681,
    "p90": 0.002133789,
    "p95": 0.002977425,
    "p99": 0.003694654
  },
  "rps": {
    "mean": 25824.750567314535,
    "stddev": 3423.619219547961,
    "max": 30959.09735656011,
    "percentiles": {
      "p10": 22915.314304549345,
      "p25": 23917.831061276458,
      "p50": 27380.83762766241,
      "p75": 27674.962532358284,
      "p90": 27904.00120807984,
      "p95": 28175.207528012274,
      "p99": 28836.192517706644
    }
  },
  "details": {
    "DNSDialup": {
      "average": 0.0013910994999999998,
      "fastest": 0.000071903,
      "slowest": 0.001565363
    },
    "DNSLookup": {
      "average": 0.0000041481399999999996,
      "fastest": 0.0000031,
      "slowest": 0.000035202
    }
  },
  "statusCodeDistribution": {
    "200": 258337
  },
  "errorDistribution": {}
}