{
  "summary": {
    "successRate": 1,
    "total": 10.001834438,
    "slowest": 0.014180827,
    "fastest": 0.000394203,
    "average": 0.0020314859669887963,
    "requestsPerSec": 24581.090751304437,
    "totalData": 3196128,
    "sizePerRequest": 13,
    "sizePerSec": 319554.1797669577
  },
  "responseTimeHistogram": {
    "0.000394203": 1,
    "0.0017728654": 80032,
    "0.0031515278": 153702,
    "0.0045301902": 9971,
    "0.0059088526": 1135,
    "0.0072875150000000005": 298,
    "0.008666177399999999": 616,
    "0.0100448398": 50,
    "0.0114235022": 1,
    "0.012802164599999999": 0,
    "0.014180827": 50
  },
  "latencyPercentiles": {
    "p10": 0.001509514,
    "p25": 0.001624815,
    "p50": 0.001974217,
    "p75": 0.002084519,
    "p90": 0.002717024,
    "p95": 0.003135728,
    "p99": 0.004355939
  },
  "rps": {
    "mean": 24579.673606874898,
    "stddev": 4137.229522999465,
    "max": 29416.024271602237,
    "percentiles": {
      "p10": 18022.00667234886,
      "p25": 23411.539856041956,
      "p50": 26604.019867401967,
      "p75": 27395.08063201036,
      "p90": 27597.307585844832,
      "p95": 27814.21584571842,
      "p99": 28476.633468327116
    }
  },
  "details": {
    "DNSDialup": {
      "average": 0.0015852241599999999,
      "fastest": 0.000080601,
      "slowest": 0.003193928
    },
    "DNSLookup": {
      "average": 0.000005522040000000002,
      "fastest": 0.0000039,
      "slowest": 0.0000383
    }
  },
  "statusCodeDistribution": {
    "200": 245856
  },
  "errorDistribution": {}
}