{
  "summary": {
    "successRate": 1,
    "total": 10.001782042,
    "slowest": 0.017134728,
    "fastest": 0.000402803,
    "average": 0.0026529155135026033,
    "requestsPerSec": 18822.645725476606,
    "totalData": 2447380,
    "sizePerRequest": 13,
    "sizePerSec": 244694.3944311959
  },
  "responseTimeHistogram": {
    "0.000402803": 1,
    "0.0020759955": 29657,
    "0.0037491879999999997": 145625,
    "0.005422380499999999": 10683,
    "0.007095572999999999": 1414,
    "0.0087687655": 394,
    "0.010441957999999998": 341,
    "0.012115150499999998": 95,
    "0.013788342999999998": 0,
    "0.015461535499999998": 1,
    "0.017134728": 49
  },
  "latencyPercentiles": {
    "p10": 0.001948014,
    "p25": 0.002205817,
    "p50": 0.002500519,
    "p75": 0.002871721,
    "p90": 0.003414025,
    "p95": 0.00404973,
    "p99": 0.005606042
  },
  "rps": {
    "mean": 18817.532569017163,
    "stddev": 3485.7717319457756,
    "max": 27067.006836059838,
    "percentiles": {
      "p10": 14713.132942464134,
      "p25": 17201.936938099436,
      "p50": 19274.32569532392,
      "p75": 21245.094838303023,
      "p90": 22796.41494460059,
      "p95": 23346.520276302548,
      "p99": 24395.125459459483
    }
  },
  "details": {
    "DNSDialup": {
      "average": 0.0011330084200000003,
      "fastest": 0.0000558,
      "slowest": 0.001748514
    },
    "DNSLookup": {
      "average": 0.00000738402,
      "fastest": 0.0000051,
      "slowest": 0.000036701
    }
  },
  "statusCodeDistribution": {
    "200": 188260
  },
  "errorDistribution": {}
}