{
  "summary": {
    "successRate": 1,
    "total": 10.001666448,
    "slowest": 0.014065752,
    "fastest": 0.000382804,
    "average": 0.001949410205177389,
    "requestsPerSec": 25618.4308217194,
    "totalData": 3330951,
    "sizePerRequest": 13,
    "sizePerSec": 333039.6006823522
  },
  "responseTimeHistogram": {
    "0.000382804": 1,
    "0.0017510988": 92072,
    "0.0031193936": 152688,
    "0.004487688399999999": 9661,
    "0.0058559832": 648,
    "0.007224278": 312,
    "0.0085925728": 687,
    "0.009960867600000001": 108,
    "0.0113291624": 0,
    "0.0126974572": 0,
    "0.014065752": 50
  },
  "latencyPercentiles": {
    "p10": 0.001494916,
    "p25": 0.001594016,
    "p50": 0.00194322,
    "p75": 0.002036521,
    "p90": 0.002168123,
    "p95": 0.002952732,
    "p99": 0.004069544
  },
  "rps": {
    "mean": 25628.034815633295,
    "stddev": 3573.9228841351105,
    "max": 30418.710487573153,
    "percentiles": {
      "p10": 22613.55230189434,
      "p25": 23975.837337956906,
      "p50": 27344.062099686023,
      "p75": 27640.037681547117,
      "p90": 27839.527974570985,
      "p95": 28125.71067643942,
      "p99": 28917.39304882114
    }
  },
  "details": {
    "DNSDialup": {
      "average": 0.0014311994800000002,
      "fastest": 0.000074501,
      "slowest": 0.003115034
    },
    "DNSLookup": {
      "average": 0.000004554099999999999,
      "fastest": 0.0000033,
      "slowest": 0.000034601
    }
  },
  "statusCodeDistribution": {
    "200": 256227
  },
  "errorDistribution": {}
}