{
  "summary": {
    "successRate": 1,
    "total": 10.001693953,
    "slowest": 0.013577515,
    "fastest": 0.000328198,
    "average": 0.001863786956472736,
    "requestsPerSec": 26799.360314319747,
    "totalData": 3484507,
    "sizePerRequest": 13,
    "sizePerSec": 348391.6840861567
  },
  "responseTimeHistogram": {
    "0.000328198": 1,
    "0.0016531297": 100095,
    "0.0029780614": 157986,
    "0.004302993099999999": 8476,
    "0.0056279248": 692,
    "0.0069528565": 363,
    "0.008277788199999999": 376,
    "0.009602719899999999": 0,
    "0.0109276516": 0,
    "0.0122525833": 15,
    "0.013577515": 35
  },
  "latencyPercentiles": {
    "p10": 0.001441592,
    "p25": 0.001525591,
    "p50": 0.001891689,
    "p75": 0.001972989,
    "p90": 0.002083687,
    "p95": 0.002756983,
    "p99": 0.003488578
  },
  "rps": {
    "mean": 26782.71710869967,
    "stddev": 3582.026535683346,
    "max": 31941.068103054462,
    "percentiles": {
      "p10": 24128.614123486885,
      "p25": 25470.289259935333,
      "p50": 28104.433263565017,
      "p75": 28671.96636048351,
      "p90": 29436.85778882613,
      "p95": 29704.857822583926,
      "p99": 30060.40191475566
    }
  },
  "details": {
    "DNSDialup": {
      "average": 0.0007181895199999999,
      "fastest": 0.0000391,
      "slowest": 0.001062994
    },
    "DNSLookup": {
      "average": 0.000004491980000000001,
      "fastest": 0.0000029,
      "slowest": 0.0000345
    }
  },
  "statusCodeDistribution": {
    "200": 268039
  },
  "errorDistribution": {}
}