{
  "summary": {
    "successRate": 1,
    "total": 10.001610802,
    "slowest": 0.013265436,
    "fastest": 0.000479309,
    "average": 0.001920599753165707,
    "requestsPerSec": 26001.111735721388,
    "totalData": 3380689,
    "sizePerRequest": 13,
    "sizePerSec": 338014.45256437804
  },
  "responseTimeHistogram": {
    "0.000479309": 1,
    "0.0017579217": 94141,
    "0.0030365343999999997": 154117,
    "0.0043151471": 10076,
    "0.0055937598": 814,
    "0.0068723725": 117,
    "0.0081509852": 616,
    "0.0094295979": 121,
    "0.0107082106": 0,
    "0.011986823300000001": 2,
    "0.013265436": 48
  },
  "latencyPercentiles": {
    "p10": 0.001478527,
    "p25": 0.001574928,
    "p50": 0.001932236,
    "p75": 0.002010136,
    "p90": 0.002105938,
    "p95": 0.002939853,
    "p99": 0.003667666
  },
  "rps": {
    "mean": 26008.032651617283,
    "stddev": 3399.0062173805395,
    "max": 29442.199135994568,
    "percentiles": {
      "p10": 23413.7035352738,
      "p25": 24164.492287193763,
      "p50": 27539.182222436597,
      "p75": 27782.63635925779,
      "p90": 27991.678533537517,
      "p95": 28521.442420410644,
      "p99": 29058.79189150804
    }
  },
  "details": {
    "DNSDialup": {
      "average": 0.0008881477,
      "fastest": 0.000052901,
      "slowest": 0.001273623
    },
    "DNSLookup": {
      "average": 0.000005390039999999999,
      "fastest": 0.0000038,
      "slowest": 0.000037001
    }
  },
  "statusCodeDistribution": {
    "200": 260053
  },
  "errorDistribution": {}
}