{
  "summary": {
    "successRate": 1,
    "total": 10.001771407,
    "slowest": 0.014709979,
    "fastest": 0.0004098,
    "average": 0.0018905787004996528,
    "requestsPerSec": 26415.320771587798,
    "totalData": 3434600,
    "sizePerRequest": 13,
    "sizePerSec": 343399.17003064137
  },
  "responseTimeHistogram": {
    "0.0004098": 1,
    "0.0018398179": 102199,
    "0.0032698358": 156349,
    "0.004699853699999999": 4445,
    "0.0061298716": 394,
    "0.0075598895": 590,
    "0.008989907399999999": 136,
    "0.010419925299999999": 36,
    "0.0118499432": 0,
    "0.0132799611": 1,
    "0.014709979": 49
  },
  "latencyPercentiles": {
    "p10": 0.001455298,
    "p25": 0.001549498,
    "p50": 0.001901398,
    "p75": 0.001983997,
    "p90": 0.002101797,
    "p95": 0.002792496,
    "p99": 0.003687095
  },
  "rps": {
    "mean": 26408.026731919123,
    "stddev": 3540.137202145838,
    "max": 30482.96243055095,
    "percentiles": {
      "p10": 23900.99189116327,
      "p25": 25189.215768115864,
      "p50": 27647.04144101265,
      "p75": 28260.86552923288,
      "p90": 28966.590412204165,
      "p95": 29254.26550882819,
      "p99": 29704.132451238467
    }
  },
  "details": {
    "DNSDialup": {
      "average": 0.00129747416,
      "fastest": 0.0000651,
      "slowest": 0.002615496
    },
    "DNSLookup": {
      "average": 0.000004560000000000001,
      "fastest": 0.000003,
      "slowest": 0.0000348
    }
  },
  "statusCodeDistribution": {
    "200": 264200
  },
  "errorDistribution": {}
}