{
  "summary": {
    "successRate": 1,
    "total": 10.002371567,
    "slowest": 0.020744124,
    "fastest": 0.000038901,
    "average": 0.0008955224969237048,
    "requestsPerSec": 55735.3819807362,
    "totalData": 7247318,
    "sizePerRequest": 13,
    "sizePerSec": 724559.9657495706
  },
  "responseTimeHistogram": {
    "0.000038901": 1,
    "0.0021094232999999997": 546798,
    "0.004179945599999999": 5550,
    "0.006250467899999999": 2965,
    "0.008320990199999998": 915,
    "0.010391512499999997": 934,
    "0.012462034799999997": 246,
    "0.014532557099999998": 66,
    "0.016603079399999998": 7,
    "0.018673601699999997": 3,
    "0.020744123999999996": 1
  },
  "latencyPercentiles": {
    "p10": 0.000595024,
    "p25": 0.000675527,
    "p50": 0.000865635,
    "p75": 0.000916637,
    "p90": 0.000984239,
    "p95": 0.001216649,
    "p99": 0.003907356
  },
  "rps": {
    "mean": 55597.01065675988,
    "stddev": 11972.195297351554,
    "max": 68853.74027287913,
    "percentiles": {
      "p10": 35948.06320495421,
      "p25": 55714.05949914016,
      "p50": 60831.042080771775,
      "p75": 62213.083411442254,
      "p90": 63110.74776034576,
      "p95": 63483.04308722786,
      "p99": 64417.75972031798
    }
  },
  "details": {
    "DNSDialup": {
      "average": 0.0016280550399999998,
      "fastest": 0.000087204,
      "slowest": 0.00225879
    },
    "DNSLookup": {
      "average": 0.000006456239999999999,
      "fastest": 0.0000035,
      "slowest": 0.000035302
    }
  },
  "statusCodeDistribution": {
    "200": 557486
  },
  "errorDistribution": {}
}