{
  "summary": {
    "successRate": 1,
    "total": 10.002017294,
    "slowest": 0.018978662,
    "fastest": 0.0000401,
    "average": 0.0009983365763176135,
    "requestsPerSec": 49996.71419284391,
    "totalData": 6500884,
    "sizePerRequest": 13,
    "sizePerSec": 649957.2845069708
  },
  "responseTimeHistogram": {
    "0.0000401": 1,
    "0.0019339561999999998": 488256,
    "0.0038278123999999996": 7816,
    "0.005721668599999999": 2336,
    "0.0076155248": 331,
    "0.009509380999999999": 568,
    "0.011403237199999998": 616,
    "0.013297093399999998": 81,
    "0.015190949599999998": 23,
    "0.0170848058": 39,
    "0.018978662": 1
  },
  "latencyPercentiles": {
    "p10": 0.000616908,
    "p25": 0.00073971,
    "p50": 0.000910312,
    "p75": 0.000999179,
    "p90": 0.00144307,
    "p95": 0.001645923,
    "p99": 0.003179946
  },
  "rps": {
    "mean": 49996.6396931918,
    "stddev": 12576.497437943219,
    "max": 66445.9285482787,
    "percentiles": {
      "p10": 32745.886218819727,
      "p25": 41924.752373800526,
      "p50": 55490.238225398025,
      "p75": 60469.08365170748,
      "p90": 61636.98667469763,
      "p95": 62052.09013142681,
      "p99": 63105.58007810295
    }
  },
  "details": {
    "DNSDialup": {
      "average": 0.00225885486,
      "fastest": 0.000092702,
      "slowest": 0.004763769
    },
    "DNSLookup": {
      "average": 0.000007346119999999999,
      "fastest": 0.0000039,
      "slowest": 0.0000387
    }
  },
  "statusCodeDistribution": {
    "200": 500068
  },
  "errorDistribution": {}
}