{
  "summary": {
    "successRate": 1,
    "total": 10.00147081,
    "slowest": 0.016446667,
    "fastest": 0.0000355,
    "average": 0.0009570315756579249,
    "requestsPerSec": 52165.32747147016,
    "totalData": 6782490,
    "sizePerRequest": 13,
    "sizePerSec": 678149.2571291121
  },
  "responseTimeHistogram": {
    "0.0000355": 2,
    "0.0016766167": 505788,
    "0.0033177334": 11601,
    "0.0049588500999999995": 2263,
    "0.0065999668": 781,
    "0.008241083500000001": 527,
    "0.0098822002": 450,
    "0.0115233169": 291,
    "0.0131644336": 24,
    "0.014805550300000001": 1,
    "0.016446667": 2
  },
  "latencyPercentiles": {
    "p10": 0.000569099,
    "p25": 0.000713598,
    "p50": 0.000823798,
    "p75": 0.001113798,
    "p90": 0.001346898,
    "p95": 0.001494198,
    "p99": 0.002653895
  },
  "rps": {
    "mean": 52178.499618664966,
    "stddev": 13151.488674070639,
    "max": 74125.35086999647,
    "percentiles": {
      "p10": 36056.51353705733,
      "p25": 47106.064013732364,
      "p50": 51801.58885028573,
      "p75": 62040.842550785506,
      "p90": 70222.14746168056,
      "p95": 71300.14260028585,
      "p99": 72212.26934461661
    }
  },
  "details": {
    "DNSDialup": {
      "average": 0.001222172,
      "fastest": 0.0001287,
      "slowest": 0.001400798
    },
    "DNSLookup": {
      "average": 0.000005468,
      "fastest": 0.0000031,
      "slowest": 0.0000351
    }
  },
  "statusCodeDistribution": {
    "200": 521730
  },
  "errorDistribution": {}
}