{
  "summary": {
    "successRate": 1,
    "total": 10.001386607,
    "slowest": 0.016754649,
    "fastest": 0.000039701,
    "average": 0.0010748614900796553,
    "requestsPerSec": 46443.56010344556,
    "totalData": 6038500,
    "sizePerRequest": 13,
    "sizePerSec": 603766.2813447923
  },
  "responseTimeHistogram": {
    "0.000039701": 1,
    "0.0017111958": 443178,
    "0.0033826906": 17066,
    "0.005054185399999999": 1877,
    "0.0067256802": 1227,
    "0.008397175": 369,
    "0.010068669799999999": 418,
    "0.0117401646": 283,
    "0.0134116594": 23,
    "0.015083154199999999": 51,
    "0.016754649": 7
  },
  "latencyPercentiles": {
    "p10": 0.000628109,
    "p25": 0.000803412,
    "p50": 0.000930014,
    "p75": 0.001279619,
    "p90": 0.001525122,
    "p95": 0.001689325,
    "p99": 0.003075837
  },
  "rps": {
    "mean": 46433.51123988992,
    "stddev": 11582.213378130922,
    "max": 68309.91176820007,
    "percentiles": {
      "p10": 32953.658600726834,
      "p25": 40720.507430725,
      "p50": 45596.152477709475,
      "p75": 56236.840754375764,
      "p90": 61767.77566104465,
      "p95": 62635.395261863436,
      "p99": 63720.07819663851
    }
  },
  "details": {
    "DNSDialup": {
      "average": 0.0016771797200000004,
      "fastest": 0.000079401,
      "slowest": 0.002934835
    },
    "DNSLookup": {
      "average": 0.000007322060000000001,
      "fastest": 0.0000033,
      "slowest": 0.000044401
    }
  },
  "statusCodeDistribution": {
    "200": 464500
  },
  "errorDistribution": {}
}