{
  "summary": {
    "successRate": 1,
    "total": 10.002689207,
    "slowest": 0.019159159,
    "fastest": 0.0000622,
    "average": 0.001397454288376746,
    "requestsPerSec": 35704.098428857644,
    "totalData": 4642781,
    "sizePerRequest": 13,
    "sizePerSec": 464153.27957514935
  },
  "responseTimeHistogram": {
    "0.0000622": 1,
    "0.0019718959": 327689,
    "0.0038815918": 22184,
    "0.0057912877": 3388,
    "0.0077009836": 2345,
    "0.0096106795": 886,
    "0.0115203754": 389,
    "0.0134300713": 134,
    "0.0153397672": 45,
    "0.017249463099999997": 72,
    "0.019159159": 4
  },
  "latencyPercentiles": {
    "p10": 0.000877207,
    "p25": 0.001058709,
    "p50": 0.001232911,
    "p75": 0.001429312,
    "p90": 0.001853015,
    "p95": 0.00238452,
    "p99": 0.005985449
  },
  "rps": {
    "mean": 35644.051489200836,
    "stddev": 8762.504343197095,
    "max": 47236.92510435597,
    "percentiles": {
      "p10": 22090.23670041668,
      "p25": 31899.58092176353,
      "p50": 38422.734732142555,
      "p75": 42027.80980174455,
      "p90": 43739.164900966294,
      "p95": 44421.08675073065,
      "p99": 45418.843490908606
    }
  },
  "details": {
    "DNSDialup": {
      "average": 0.00224429464,
      "fastest": 0.000106801,
      "slowest": 0.00358783
    },
    "DNSLookup": {
      "average": 0.000010244119999999997,
      "fastest": 0.0000063,
      "slowest": 0.0000364
    }
  },
  "statusCodeDistribution": {
    "200": 357137
  },
  "errorDistribution": {}
}