{
  "summary": {
    "successRate": 1,
    "total": 10.00159588,
    "slowest": 0.018421028,
    "fastest": 0.0000392,
    "average": 0.0008775079203932304,
    "requestsPerSec": 56884.32194482947,
    "totalData": 7396142,
    "sizePerRequest": 13,
    "sizePerSec": 739496.1852827831
  },
  "responseTimeHistogram": {
    "0.0000392": 1,
    "0.0018773828": 558085,
    "0.0037155656": 6117,
    "0.005553748399999999": 2915,
    "0.007391931199999999": 400,
    "0.009230114": 896,
    "0.011068296799999999": 369,
    "0.0129064796": 122,
    "0.014744662399999999": 13,
    "0.016582845199999998": 10,
    "0.018421028": 6
  },
  "latencyPercentiles": {
    "p10": 0.000588907,
    "p25": 0.000669108,
    "p50": 0.000868611,
    "p75": 0.000914811,
    "p90": 0.000969312,
    "p95": 0.001140114,
    "p99": 0.003386242
  },
  "rps": {
    "mean": 56878.794154813506,
    "stddev": 10591.94897683699,
    "max": 67759.20413660372,
    "percentiles": {
      "p10": 42056.25444594807,
      "p25": 56921.8423743333,
      "p50": 61103.525673431315,
      "p75": 62492.834035704735,
      "p90": 63361.04126560471,
      "p95": 63847.73256486938,
      "p99": 64596.09314816749
    }
  },
  "details": {
    "DNSDialup": {
      "average": 0.0019768484400000006,
      "fastest": 0.000093501,
      "slowest": 0.002655732
    },
    "DNSLookup": {
      "average": 0.00000856014,
      "fastest": 0.000004,
      "slowest": 0.0000399
    }
  },
  "statusCodeDistribution": {
    "200": 568934
  },
  "errorDistribution": {}
}