{
  "summary": {
    "successRate": 1,
    "total": 10.00144112,
    "slowest": 0.016267212,
    "fastest": 0.0000351,
    "average": 0.0009035303427606888,
    "requestsPerSec": 55242.538887235874,
    "totalData": 7182565,
    "sizePerRequest": 13,
    "sizePerSec": 718153.0055340665
  },
  "responseTimeHistogram": {
    "0.0000351": 1,
    "0.0016583111999999998": 536325,
    "0.0032815224": 11258,
    "0.004904733599999999": 2490,
    "0.006527944799999999": 1190,
    "0.008151156": 325,
    "0.009774367199999998": 617,
    "0.011397578399999999": 211,
    "0.013020789599999999": 84,
    "0.0146440008": 1,
    "0.016267212": 3
  },
  "latencyPercentiles": {
    "p10": 0.000548698,
    "p25": 0.000686697,
    "p50": 0.000788095,
    "p75": 0.000996395,
    "p90": 0.001305193,
    "p95": 0.001482392,
    "p99": 0.002860885
  },
  "rps": {
    "mean": 55160.90622024514,
    "stddev": 14477.773937034244,
    "max": 73213.20451574028,
    "percentiles": {
      "p10": 36135.96974428335,
      "p25": 47344.24818353346,
      "p50": 55209.195238353124,
      "p75": 69532.38122993924,
      "p90": 71116.76966032194,
      "p95": 71723.33877443959,
      "p99": 72546.64322414564
    }
  },
  "details": {
    "DNSDialup": {
      "average": 0.0013397707799999998,
      "fastest": 0.000070699,
      "slowest": 0.001603691
    },
    "DNSLookup": {
      "average": 0.00000537196,
      "fastest": 0.000003,
      "slowest": 0.000061
    }
  },
  "statusCodeDistribution": {
    "200": 552505
  },
  "errorDistribution": {}
}