{
  "summary": {
    "successRate": 1,
    "total": 10.003620365,
    "slowest": 0.017139319,
    "fastest": 0.0000659,
    "average": 0.0016159531882674347,
    "requestsPerSec": 30885.81820647689,
    "totalData": 4016610,
    "sizePerRequest": 13,
    "sizePerSec": 401515.63668419956
  },
  "responseTimeHistogram": {
    "0.0000659": 1,
    "0.0017732419": 215956,
    "0.0034805837999999996": 86953,
    "0.005187925699999999": 3228,
    "0.006895267599999999": 1536,
    "0.0086026095": 528,
    "0.0103099514": 304,
    "0.0120172933": 290,
    "0.0137246352": 86,
    "0.015431977099999999": 42,
    "0.017139319": 46
  },
  "latencyPercentiles": {
    "p10": 0.000940606,
    "p25": 0.001170108,
    "p50": 0.00140241,
    "p75": 0.001896014,
    "p90": 0.002390117,
    "p95": 0.002735219,
    "p99": 0.004938835
  },
  "rps": {
    "mean": 30847.40956444197,
    "stddev": 8295.723268739937,
    "max": 48212.20250845498,
    "percentiles": {
      "p10": 20981.978800333163,
      "p25": 26427.090632513893,
      "p50": 30206.73912349865,
      "p75": 37023.68287782967,
      "p90": 42504.807293704354,
      "p95": 43721.554726478236,
      "p99": 44725.08892597196
    }
  },
  "details": {
    "DNSDialup": {
      "average": 0.0028175995000000007,
      "fastest": 0.000124101,
      "slowest": 0.007644253
    },
    "DNSLookup": {
      "average": 0.000012708080000000001,
      "fastest": 0.0000059,
      "slowest": 0.0000597
    }
  },
  "statusCodeDistribution": {
    "200": 308970
  },
  "errorDistribution": {}
}