{
  "summary": {
    "successRate": 1,
    "total": 10.002404926,
    "slowest": 0.017094614,
    "fastest": 0.0000386,
    "average": 0.0010055717735878602,
    "requestsPerSec": 49638.662269050394,
    "totalData": 6454578,
    "sizePerRequest": 13,
    "sizePerSec": 645302.6094976551
  },
  "responseTimeHistogram": {
    "0.0000386": 1,
    "0.0017442014": 478648,
    "0.0034498028000000003": 13632,
    "0.0051554042": 2138,
    "0.0068610056": 778,
    "0.008566607": 462,
    "0.0102722084": 590,
    "0.011977809800000001": 135,
    "0.0136834112": 117,
    "0.0153890126": 1,
    "0.017094614": 4
  },
  "latencyPercentiles": {
    "p10": 0.000603211,
    "p25": 0.000756314,
    "p50": 0.000893216,
    "p75": 0.001107021,
    "p90": 0.001440427,
    "p95": 0.00163983,
    "p99": 0.002905453
  },
  "rps": {
    "mean": 49588.24013269,
    "stddev": 12715.649691338998,
    "max": 70411.8911683566,
    "percentiles": {
      "p10": 33203.04471919977,
      "p25": 42806.0699007113,
      "p50": 50011.09246030931,
      "p75": 61781.0271387768,
      "p90": 63357.02226838169,
      "p95": 63964.710251086275,
      "p99": 65002.34059609012
    }
  },
  "details": {
    "DNSDialup": {
      "average": 0.00165307418,
      "fastest": 0.000073001,
      "slowest": 0.004648585
    },
    "DNSLookup": {
      "average": 0.00000606212,
      "fastest": 0.0000034,
      "slowest": 0.000034001
    }
  },
  "statusCodeDistribution": {
    "200": 496506
  },
  "errorDistribution": {}
}