{
  "summary": {
    "successRate": 1,
    "total": 10.001664296,
    "slowest": 0.016367827,
    "fastest": 0.0000406,
    "average": 0.0010519436435354,
    "requestsPerSec": 47458.80145065809,
    "totalData": 6170671,
    "sizePerRequest": 13,
    "sizePerSec": 616964.4188585551
  },
  "responseTimeHistogram": {
    "0.0000406": 2,
    "0.0016733227000000003": 449350,
    "0.0033060454000000006": 20943,
    "0.004938768100000001": 1856,
    "0.006571490800000001": 1299,
    "0.008204213500000002": 481,
    "0.009836936200000002": 467,
    "0.011469658900000002": 206,
    "0.013102381600000003": 22,
    "0.014735104300000003": 38,
    "0.016367827": 3
  },
  "latencyPercentiles": {
    "p10": 0.000627904,
    "p25": 0.000798106,
    "p50": 0.000915909,
    "p75": 0.00121171,
    "p90": 0.001522512,
    "p95": 0.001688617,
    "p99": 0.003028529
  },
  "rps": {
    "mean": 47390.83675849949,
    "stddev": 11771.970887287063,
    "max": 67500.82351004746,
    "percentiles": {
      "p10": 32626.631170040557,
      "p25": 40548.28436034503,
      "p50": 46668.82817028512,
      "p75": 58946.113544626016,
      "p90": 62116.91443580312,
      "p95": 62805.37859233134,
      "p99": 63959.156530050765
    }
  },
  "details": {
    "DNSDialup": {
      "average": 0.00323961804,
      "fastest": 0.000081401,
      "slowest": 0.004227142
    },
    "DNSLookup": {
      "average": 0.000005488039999999998,
      "fastest": 0.000004,
      "slowest": 0.000041901
    }
  },
  "statusCodeDistribution": {
    "200": 474667
  },
  "errorDistribution": {}
}