{
  "summary": {
    "successRate": 1,
    "total": 10.001597123,
    "slowest": 0.016821474,
    "fastest": 0.0000362,
    "average": 0.0007981870300156464,
    "requestsPerSec": 62520.714672861955,
    "totalData": 8128991,
    "sizePerRequest": 13,
    "sizePerSec": 812769.2907472054
  },
  "responseTimeHistogram": {
    "0.0000362": 4,
    "0.0017147273999999998": 614285,
    "0.0033932548": 5253,
    "0.0050717822": 3353,
    "0.0067503096": 841,
    "0.008428837": 757,
    "0.010107364399999999": 674,
    "0.0117858918": 62,
    "0.0134644192": 68,
    "0.015142946599999998": 4,
    "0.016821474": 6
  },
  "latencyPercentiles": {
    "p10": 0.0005611,
    "p25": 0.000627099,
    "p50": 0.000775799,
    "p75": 0.000825799,
    "p90": 0.000869499,
    "p95": 0.001006698,
    "p99": 0.003015196
  },
  "rps": {
    "mean": 62507.904912360515,
    "stddev": 11396.920115864348,
    "max": 75073.19381739163,
    "percentiles": {
      "p10": 45471.18058608957,
      "p25": 62908.27243782553,
      "p50": 67293.21431797673,
      "p75": 68524.08621630922,
      "p90": 69251.47808623024,
      "p95": 69616.50540364899,
      "p99": 70291.73609923132
    }
  },
  "details": {
    "DNSDialup": {
      "average": 0.0013704386600000005,
      "fastest": 0.000066899,
      "slowest": 0.001632791
    },
    "DNSLookup": {
      "average": 0.000004568,
      "fastest": 0.0000033,
      "slowest": 0.0000377
    }
  },
  "statusCodeDistribution": {
    "200": 625307
  },
  "errorDistribution": {}
}