{
  "summary": {
    "successRate": 1,
    "total": 10.001933774,
    "slowest": 0.016997521,
    "fastest": 0.000039404,
    "average": 0.0010583077787662916,
    "requestsPerSec": 47154.58136965665,
    "totalData": 6131281,
    "sizePerRequest": 13,
    "sizePerSec": 613009.5578055364
  },
  "responseTimeHistogram": {
    "0.000039404": 1,
    "0.0017352157000000003": 441362,
    "0.0034310274000000003": 25386,
    "0.005126839100000001": 2057,
    "0.006822650800000001": 1646,
    "0.0085184625": 434,
    "0.010214274200000002": 308,
    "0.0119100859": 335,
    "0.013605897600000002": 98,
    "0.015301709300000002": 5,
    "0.016997521": 5
  },
  "latencyPercentiles": {
    "p10": 0.000666163,
    "p25": 0.000791175,
    "p50": 0.000962192,
    "p75": 0.001071502,
    "p90": 0.001527546,
    "p95": 0.001838376,
    "p99": 0.003577841
  },
  "rps": {
    "mean": 47051.41048318565,
    "stddev": 12009.495557385573,
    "max": 61926.38171603162,
    "percentiles": {
      "p10": 29361.212255308263,
      "p25": 37310.996483438015,
      "p50": 53226.33106597876,
      "p75": 56226.69081012736,
      "p90": 58039.73980984826,
      "p95": 59040.739117514546,
      "p99": 60553.55406696755
    }
  },
  "details": {
    "DNSDialup": {
      "average": 0.0015876039199999997,
      "fastest": 0.000157415,
      "slowest": 0.001842976
    },
    "DNSLookup": {
      "average": 0.000007258660000000001,
      "fastest": 0.0000037,
      "slowest": 0.000036804
    }
  },
  "statusCodeDistribution": {
    "200": 471637
  },
  "errorDistribution": {}
}