{
  "summary": {
    "successRate": 1,
    "total": 10.001680084,
    "slowest": 0.019917728,
    "fastest": 0.000055501,
    "average": 0.0015773545900562682,
    "requestsPerSec": 31638.78441845191,
    "totalData": 4113733,
    "sizePerRequest": 13,
    "sizePerSec": 411304.1974398748
  },
  "responseTimeHistogram": {
    "0.000055501": 1,
    "0.0020417237": 259551,
    "0.0040279464": 50231,
    "0.0060141691": 4599,
    "0.0080003918": 1220,
    "0.0099866145": 410,
    "0.0119728372": 322,
    "0.0139590599": 53,
    "0.0159452826": 1,
    "0.017931505299999997": 52,
    "0.019917728": 1
  },
  "latencyPercentiles": {
    "p10": 0.000910706,
    "p25": 0.001101908,
    "p50": 0.001348108,
    "p75": 0.001819811,
    "p90": 0.002366723,
    "p95": 0.002839018,
    "p99": 0.005188533
  },
  "rps": {
    "mean": 31637.962903523014,
    "stddev": 9255.914440876673,
    "max": 65131.87032670541,
    "percentiles": {
      "p10": 20606.462186542398,
      "p25": 26343.81881002955,
      "p50": 31163.860983928185,
      "p75": 38520.863059936215,
      "p90": 44016.026285762346,
      "p95": 45536.67999722719,
      "p99": 48651.77232773285
    }
  },
  "details": {
    "DNSDialup": {
      "average": 0.0025972901,
      "fastest": 0.000095301,
      "slowest": 0.00375164
    },
    "DNSLookup": {
      "average": 0.000009432239999999997,
      "fastest": 0.0000055,
      "slowest": 0.000035901
    }
  },
  "statusCodeDistribution": {
    "200": 316441
  },
  "errorDistribution": {}
}