{
  "summary": {
    "successRate": 1,
    "total": 10.00213463,
    "slowest": 0.016666963,
    "fastest": 0.000039401,
    "average": 0.0011409921405373933,
    "requestsPerSec": 43751.26072463194,
    "totalData": 5688878,
    "sizePerRequest": 13,
    "sizePerSec": 568766.3894202152
  },
  "responseTimeHistogram": {
    "0.000039401": 1,
    "0.0017021571999999998": 413136,
    "0.0033649134": 20414,
    "0.0050276696": 2065,
    "0.006690425799999999": 1158,
    "0.008353181999999999": 427,
    "0.0100159382": 251,
    "0.011678694399999998": 119,
    "0.013341450599999999": 31,
    "0.0150042068": 1,
    "0.016666963": 3
  },
  "latencyPercentiles": {
    "p10": 0.000670507,
    "p25": 0.000836108,
    "p50": 0.00104031,
    "p75": 0.001371413,
    "p90": 0.001577715,
    "p95": 0.001726017,
    "p99": 0.00308513
  },
  "rps": {
    "mean": 43769.26374740245,
    "stddev": 9628.312477605527,
    "max": 65119.61573631358,
    "percentiles": {
      "p10": 32213.21386032657,
      "p25": 39935.87789222515,
      "p50": 43003.82310044274,
      "p75": 49027.76287769067,
      "p90": 57225.19625390252,
      "p95": 60864.85015539083,
      "p99": 62889.941497290965
    }
  },
  "details": {
    "DNSDialup": {
      "average": 0.0013787594799999998,
      "fastest": 0.000084201,
      "slowest": 0.002321422
    },
    "DNSLookup": {
      "average": 0.000008182059999999998,
      "fastest": 0.0000036,
      "slowest": 0.000066701
    }
  },
  "statusCodeDistribution": {
    "200": 437606
  },
  "errorDistribution": {}
}