{
  "summary": {
    "successRate": 1,
    "total": 10.003470627,
    "slowest": 0.017838225,
    "fastest": 0.000057,
    "average": 0.0016586558445760057,
    "requestsPerSec": 30084.65873711012,
    "totalData": 3912363,
    "sizePerRequest": 13,
    "sizePerSec": 391100.5635824315
  },
  "responseTimeHistogram": {
    "0.000057": 1,
    "0.0018351224999999997": 213150,
    "0.0036132449999999997": 80274,
    "0.005391367499999999": 4370,
    "0.007169489999999999": 1727,
    "0.008947612499999999": 845,
    "0.010725734999999998": 380,
    "0.012503857499999998": 109,
    "0.014281979999999998": 41,
    "0.0160601025": 5,
    "0.017838225": 49
  },
  "latencyPercentiles": {
    "p10": 0.000951707,
    "p25": 0.001166408,
    "p50": 0.00146421,
    "p75": 0.001930714,
    "p90": 0.002430517,
    "p95": 0.002899822,
    "p99": 0.005493641
  },
  "rps": {
    "mean": 30026.619383352376,
    "stddev": 8592.08702779604,
    "max": 50678.46967188556,
    "percentiles": {
      "p10": 19290.528835301764,
      "p25": 25487.408917772613,
      "p50": 29780.07415238467,
      "p75": 35437.3013033529,
      "p90": 42214.901860353275,
      "p95": 43951.913575382234,
      "p99": 46529.60786946063
    }
  },
  "details": {
    "DNSDialup": {
      "average": 0.0022359525200000003,
      "fastest": 0.000118001,
      "slowest": 0.00398213
    },
    "DNSLookup": {
      "average": 0.000008992039999999999,
      "fastest": 0.0000055,
      "slowest": 0.0000413
    }
  },
  "statusCodeDistribution": {
    "200": 300951
  },
  "errorDistribution": {}
}