{
  "summary": {
    "successRate": 1,
    "total": 10.003469928,
    "slowest": 0.016801575,
    "fastest": 0.0000351,
    "average": 0.0009262332806803784,
    "requestsPerSec": 53887.101563744516,
    "totalData": 7007754,
    "sizePerRequest": 13,
    "sizePerSec": 700532.3203286787
  },
  "responseTimeHistogram": {
    "0.0000351": 1,
    "0.0017117475": 525768,
    "0.003388395": 8957,
    "0.0050650425": 2871,
    "0.00674169": 536,
    "0.0084183375": 604,
    "0.010094985": 214,
    "0.0117716325": 66,
    "0.01344828": 33,
    "0.0151249275": 1,
    "0.016801575": 7
  },
  "latencyPercentiles": {
    "p10": 0.000554799,
    "p25": 0.000697699,
    "p50": 0.000794998,
    "p75": 0.001109698,
    "p90": 0.001327298,
    "p95": 0.001438897,
    "p99": 0.002654396
  },
  "rps": {
    "mean": 53782.80675740482,
    "stddev": 13303.41213919485,
    "max": 75333.11931726002,
    "percentiles": {
      "p10": 37400.43010494646,
      "p25": 47668.82390675452,
      "p50": 51922.97885426477,
      "p75": 67724.48240038776,
      "p90": 71484.6948855265,
      "p95": 72034.68470068205,
      "p99": 72724.78767779052
    }
  },
  "details": {
    "DNSDialup": {
      "average": 0.0014353639600000003,
      "fastest": 0.000069599,
      "slowest": 0.001659898
    },
    "DNSLookup": {
      "average": 0.0000045160000000000005,
      "fastest": 0.0000032,
      "slowest": 0.0000336
    }
  },
  "statusCodeDistribution": {
    "200": 539058
  },
  "errorDistribution": {}
}