{
  "summary": {
    "successRate": 1,
    "total": 10.001935442,
    "slowest": 0.016939081,
    "fastest": 0.000039601,
    "average": 0.0010479226283061503,
    "requestsPerSec": 47632.68097086764,
    "totalData": 6193447,
    "sizePerRequest": 13,
    "sizePerSec": 619224.8526212793
  },
  "responseTimeHistogram": {
    "0.000039601": 1,
    "0.0017295490000000001": 453299,
    "0.0034194970000000005": 18332,
    "0.005109445000000001": 2376,
    "0.006799393000000001": 886,
    "0.008489341000000001": 537,
    "0.010179289000000001": 547,
    "0.011869237000000001": 374,
    "0.013559185000000001": 63,
    "0.015249133000000002": 2,
    "0.016939081": 2
  },
  "latencyPercentiles": {
    "p10": 0.00062011,
    "p25": 0.000786413,
    "p50": 0.000908715,
    "p75": 0.001162619,
    "p90": 0.001527126,
    "p95": 0.001717829,
    "p99": 0.003423556
  },
  "rps": {
    "mean": 47614.55784597969,
    "stddev": 13146.444857469349,
    "max": 64358.28838674663,
    "percentiles": {
      "p10": 31532.612963282394,
      "p25": 40204.13700569824,
      "p50": 48171.26429573122,
      "p75": 59948.39617956853,
      "p90": 62118.85307190717,
      "p95": 62760.68189378001,
      "p99": 63653.515625558975
    }
  },
  "details": {
    "DNSDialup": {
      "average": 0.00154113202,
      "fastest": 0.000111302,
      "slowest": 0.002517943
    },
    "DNSLookup": {
      "average": 0.00000785212,
      "fastest": 0.0000038,
      "slowest": 0.000040601
    }
  },
  "statusCodeDistribution": {
    "200": 476419
  },
  "errorDistribution": {}
}