{
  "summary": {
    "successRate": 1,
    "total": 10.002571602,
    "slowest": 0.016899148,
    "fastest": 0.000039601,
    "average": 0.0010100108313324764,
    "requestsPerSec": 49416.4920450224,
    "totalData": 6425796,
    "sizePerRequest": 13,
    "sizePerSec": 642414.3965852913
  },
  "responseTimeHistogram": {
    "0.000039601": 1,
    "0.0017255557": 473628,
    "0.0034115103999999997": 16320,
    "0.0050974651": 2364,
    "0.0067834198": 841,
    "0.0084693745": 541,
    "0.0101553292": 416,
    "0.0118412839": 132,
    "0.0135272386": 39,
    "0.0152131933": 0,
    "0.016899148": 10
  },
  "latencyPercentiles": {
    "p10": 0.000611406,
    "p25": 0.000771207,
    "p50": 0.000898907,
    "p75": 0.001089809,
    "p90": 0.001488214,
    "p95": 0.001679616,
    "p99": 0.002999326
  },
  "rps": {
    "mean": 49344.6075134752,
    "stddev": 12547.68518084503,
    "max": 67763.78605181136,
    "percentiles": {
      "p10": 32416.885955894417,
      "p25": 41511.6606254694,
      "p50": 51334.150460495126,
      "p75": 61014.78711901139,
      "p90": 62460.149123593146,
      "p95": 63167.12697815365,
      "p99": 64339.06504902484
    }
  },
  "details": {
    "DNSDialup": {
      "average": 0.0015536462599999997,
      "fastest": 0.000172402,
      "slowest": 0.001740216
    },
    "DNSLookup": {
      "average": 0.000007928080000000002,
      "fastest": 0.0000038,
      "slowest": 0.0000416
    }
  },
  "statusCodeDistribution": {
    "200": 494292
  },
  "errorDistribution": {}
}