{
  "summary": {
    "successRate": 1,
    "total": 10.002659594,
    "slowest": 0.016233904,
    "fastest": 0.0000644,
    "average": 0.0017209696757265337,
    "requestsPerSec": 29006.685399355196,
    "totalData": 3771872,
    "sizePerRequest": 13,
    "sizePerSec": 377086.91019161756
  },
  "responseTimeHistogram": {
    "0.0000644": 2,
    "0.0016813504000000002": 172033,
    "0.0032983008000000004": 105395,
    "0.004915251200000001": 8774,
    "0.006532201600000001": 2595,
    "0.008149152": 721,
    "0.0097661024": 354,
    "0.0113830528": 122,
    "0.0130000032": 74,
    "0.014616953600000001": 53,
    "0.016233904": 21
  },
  "latencyPercentiles": {
    "p10": 0.0009577,
    "p25": 0.0011687,
    "p50": 0.0014955,
    "p75": 0.0020674,
    "p90": 0.002587401,
    "p95": 0.003156101,
    "p99": 0.005320501
  },
  "rps": {
    "mean": 28978.47160852392,
    "stddev": 8944.537654135065,
    "max": 51602.78863879337,
    "percentiles": {
      "p10": 18175.424376075876,
      "p25": 24404.62955822494,
      "p50": 27910.136621255293,
      "p75": 33471.93727153545,
      "p90": 43573.189887053304,
      "p95": 45645.636507380594,
      "p99": 47090.43199367101
    }
  },
  "details": {
    "DNSDialup": {
      "average": 0.00223325892,
      "fastest": 0.0001682,
      "slowest": 0.002938301
    },
    "DNSLookup": {
      "average": 0.000009798,
      "fastest": 0.000006,
      "slowest": 0.0000393
    }
  },
  "statusCodeDistribution": {
    "200": 290144
  },
  "errorDistribution": {}
}