{
  "summary": {
    "successRate": 1,
    "total": 10.001166737,
    "slowest": 0.016772515,
    "fastest": 0.000035599,
    "average": 0.0009243538753229192,
    "requestsPerSec": 53994.00032020484,
    "totalData": 7020039,
    "sizePerRequest": 13,
    "sizePerSec": 701922.0041626629
  },
  "responseTimeHistogram": {
    "0.000035599": 1,
    "0.0017092906000000002": 524634,
    "0.0033829822": 11027,
    "0.0050566738000000005": 2522,
    "0.0067303654000000004": 686,
    "0.008404057000000001": 790,
    "0.010077748600000002": 279,
    "0.011751440200000001": 16,
    "0.013425131800000002": 42,
    "0.015098823400000003": 2,
    "0.016772515": 4
  },
  "latencyPercentiles": {
    "p10": 0.000557097,
    "p25": 0.000702697,
    "p50": 0.000796796,
    "p75": 0.001057196,
    "p90": 0.001360194,
    "p95": 0.001491793,
    "p99": 0.002769288
  },
  "rps": {
    "mean": 53942.34089906809,
    "stddev": 14136.921259140308,
    "max": 72834.97287577677,
    "percentiles": {
      "p10": 34528.477556156686,
      "p25": 46027.390900323226,
      "p50": 52500.76651119032,
      "p75": 68810.67253530856,
      "p90": 70500.35250176187,
      "p95": 71313.90621171064,
      "p99": 72008.74901264864
    }
  },
  "details": {
    "DNSDialup": {
      "average": 0.0014869911399999999,
      "fastest": 0.0000789,
      "slowest": 0.002541988
    },
    "DNSLookup": {
      "average": 0.000005813979999999999,
      "fastest": 0.0000031,
      "slowest": 0.0000295
    }
  },
  "statusCodeDistribution": {
    "200": 540003
  },
  "errorDistribution": {}
}