{
  "summary": {
    "successRate": 1,
    "total": 10.002602799,
    "slowest": 0.016996495,
    "fastest": 0.0000347,
    "average": 0.0009407820926063545,
    "requestsPerSec": 53065.68806801623,
    "totalData": 6900335,
    "sizePerRequest": 13,
    "sizePerSec": 689853.9448842109
  },
  "responseTimeHistogram": {
    "0.0000347": 1,
    "0.0017308795": 519268,
    "0.003427059": 7244,
    "0.0051232385": 2451,
    "0.006819418000000001": 707,
    "0.008515597500000001": 516,
    "0.010211777": 443,
    "0.0119079565": 77,
    "0.013604136000000001": 71,
    "0.015300315500000002": 5,
    "0.016996495": 12
  },
  "latencyPercentiles": {
    "p10": 0.0005587,
    "p25": 0.0007061,
    "p50": 0.0008102,
    "p75": 0.0010972,
    "p90": 0.0013359,
    "p95": 0.0014681,
    "p99": 0.002621599
  },
  "rps": {
    "mean": 53025.74047108625,
    "stddev": 13277.22623517406,
    "max": 74319.34532558646,
    "percentiles": {
      "p10": 36408.384851032104,
      "p25": 48128.56873337496,
      "p50": 52157.7753310478,
      "p75": 64813.24855037933,
      "p90": 70608.49420184814,
      "p95": 71308.57842198612,
      "p99": 72709.08544088619
    }
  },
  "details": {
    "DNSDialup": {
      "average": 0.00150501362,
      "fastest": 0.0000948,
      "slowest": 0.002846799
    },
    "DNSLookup": {
      "average": 0.00000677,
      "fastest": 0.0000032,
      "slowest": 0.0000342
    }
  },
  "statusCodeDistribution": {
    "200": 530795
  },
  "errorDistribution": {}
}