{
  "summary": {
    "successRate": 1,
    "total": 10.001768247,
    "slowest": 0.017346932,
    "fastest": 0.0000395,
    "average": 0.0011223790813287534,
    "requestsPerSec": 44477.03536156531,
    "totalData": 5783037,
    "sizePerRequest": 13,
    "sizePerSec": 578201.459700349
  },
  "responseTimeHistogram": {
    "0.0000395": 1,
    "0.0017702431999999998": 424705,
    "0.0035009863999999995": 16246,
    "0.0052317295999999985": 2059,
    "0.0069624727999999985": 848,
    "0.008693215999999998": 397,
    "0.010423959199999997": 366,
    "0.012154702399999998": 62,
    "0.013885445599999997": 88,
    "0.015616188799999996": 74,
    "0.017346932": 3
  },
  "latencyPercentiles": {
    "p10": 0.000656507,
    "p25": 0.000833408,
    "p50": 0.000992111,
    "p75": 0.00132341,
    "p90": 0.001571117,
    "p95": 0.001741713,
    "p99": 0.003086232
  },
  "rps": {
    "mean": 44606.1864803032,
    "stddev": 11175.754991245381,
    "max": 148587.306186358,
    "percentiles": {
      "p10": 31506.482458765695,
      "p25": 40228.94875152106,
      "p50": 44397.54242526375,
      "p75": 49969.225139073824,
      "p90": 59421.53436405798,
      "p95": 61114.20294076201,
      "p99": 62662.666065575126
    }
  },
  "details": {
    "DNSDialup": {
      "average": 0.003675776160000001,
      "fastest": 0.000868009,
      "slowest": 0.005138053
    },
    "DNSLookup": {
      "average": 0.000008996040000000001,
      "fastest": 0.0000049,
      "slowest": 0.0000365
    }
  },
  "statusCodeDistribution": {
    "200": 444849
  },
  "errorDistribution": {}
}