{
  "summary": {
    "successRate": 1,
    "total": 10.001901228,
    "slowest": 0.017088874,
    "fastest": 0.0000355,
    "average": 0.0009382048393937475,
    "requestsPerSec": 53195.7862681665,
    "totalData": 6916767,
    "sizePerRequest": 13,
    "sizePerSec": 691545.2214861645
  },
  "responseTimeHistogram": {
    "0.0000355": 1,
    "0.0017408374": 518324,
    "0.0034461748": 9670,
    "0.0051515122000000005": 2653,
    "0.0068568496": 460,
    "0.008562187": 389,
    "0.010267524400000002": 411,
    "0.011972861800000002": 115,
    "0.013678199200000001": 27,
    "0.0153835366": 0,
    "0.017088874": 9
  },
  "latencyPercentiles": {
    "p10": 0.000568799,
    "p25": 0.000714798,
    "p50": 0.000811799,
    "p75": 0.001075398,
    "p90": 0.001345198,
    "p95": 0.001486298,
    "p99": 0.002741496
  },
  "rps": {
    "mean": 53155.98509091464,
    "stddev": 12894.667838907937,
    "max": 73103.37661344136,
    "percentiles": {
      "p10": 36821.41165087482,
      "p25": 46706.14185765736,
      "p50": 52230.42994297285,
      "p75": 65763.88961876617,
      "p90": 69836.40571830014,
      "p95": 70588.34176220662,
      "p99": 71487.40423018538
    }
  },
  "details": {
    "DNSDialup": {
      "average": 0.0014581377600000002,
      "fastest": 0.000076999,
      "slowest": 0.001952197
    },
    "DNSLookup": {
      "average": 0.0000058460000000000004,
      "fastest": 0.0000031,
      "slowest": 0.0000355
    }
  },
  "statusCodeDistribution": {
    "200": 532059
  },
  "errorDistribution": {}
}