{
  "summary": {
    "successRate": 1,
    "total": 10.001487549,
    "slowest": 0.01686542,
    "fastest": 0.0000352,
    "average": 0.0009024781222625642,
    "requestsPerSec": 55298.97400665154,
    "totalData": 7189936,
    "sizePerRequest": 13,
    "sizePerSec": 718886.6620864699
  },
  "responseTimeHistogram": {
    "0.0000352": 1,
    "0.001718222": 538761,
    "0.003401244": 9564,
    "0.005084266": 3078,
    "0.006767288": 515,
    "0.00845031": 811,
    "0.010133332": 213,
    "0.011816354000000001": 82,
    "0.013499376": 37,
    "0.015182398": 3,
    "0.01686542": 7
  },
  "latencyPercentiles": {
    "p10": 0.000555301,
    "p25": 0.000690901,
    "p50": 0.000798801,
    "p75": 0.000999201,
    "p90": 0.001296602,
    "p95": 0.001463201,
    "p99": 0.002782803
  },
  "rps": {
    "mean": 55281.380127745804,
    "stddev": 13363.148647294916,
    "max": 74205.10531124102,
    "percentiles": {
      "p10": 38120.03618193345,
      "p25": 47788.70805034933,
      "p50": 54870.17346484238,
      "p75": 68536.927696644,
      "p90": 70216.42295548033,
      "p95": 70742.51016193166,
      "p99": 71774.09810324539
    }
  },
  "details": {
    "DNSDialup": {
      "average": 0.00132269162,
      "fastest": 0.000067,
      "slowest": 0.001557601
    },
    "DNSLookup": {
      "average": 0.0000043060200000000005,
      "fastest": 0.0000032,
      "slowest": 0.0000306
    }
  },
  "statusCodeDistribution": {
    "200": 553072
  },
  "errorDistribution": {}
}