{
  "summary": {
    "successRate": 1,
    "total": 10.001920123,
    "slowest": 0.049591059,
    "fastest": 0.001191709,
    "average": 0.012871942939563346,
    "requestsPerSec": 3879.3551161016408,
    "totalData": 504413,
    "sizePerRequest": 13,
    "sizePerSec": 50431.61650932133
  },
  "responseTimeHistogram": {
    "0.001191709": 1,
    "0.006031644": 18,
    "0.010871579": 10949,
    "0.015711514": 22168,
    "0.020551449": 3606,
    "0.025391384": 1432,
    "0.030231319": 362,
    "0.035071253999999996": 151,
    "0.039911189": 61,
    "0.044751124": 42,
    "0.049591059": 11
  },
  "latencyPercentiles": {
    "p10": 0.009938169,
    "p25": 0.010727675,
    "p50": 0.011725482,
    "p75": 0.013307393,
    "p90": 0.017559623,
    "p95": 0.020814751,
    "p99": 0.027982602
  },
  "rps": {
    "mean": 3878.4064572741554,
    "stddev": 1080.10556650483,
    "max": 8417.705619447695,
    "percentiles": {
      "p10": 2301.3186555896596,
      "p25": 3417.8861399590983,
      "p50": 4180.914066103814,
      "p75": 4545.9738885320485,
      "p90": 4981.108384038867,
      "p95": 5127.550843436724,
      "p99": 5381.711057151074
    }
  },
  "details": {
    "DNSDialup": {
      "average": 0.0024227335000000004,
      "fastest": 0.000120901,
      "slowest": 0.004966336
    },
    "DNSLookup": {
      "average": 0.000009328,
      "fastest": 0.0000052,
      "slowest": 0.0000921
    }
  },
  "statusCodeDistribution": {
    "200": 38801
  },
  "errorDistribution": {}
}