{
  "summary": {
    "successRate": 1,
    "total": 10.001639934,
    "slowest": 0.037538024,
    "fastest": 0.001874431,
    "average": 0.007415195111785653,
    "requestsPerSec": 6736.795210048401,
    "totalData": 875927,
    "sizePerRequest": 13,
    "sizePerSec": 87578.33773062921
  },
  "responseTimeHistogram": {
    "0.001874431": 1,
    "0.0054407903": 221,
    "0.0090071496": 57736,
    "0.012573508899999999": 6725,
    "0.0161398682": 1927,
    "0.0197062275": 580,
    "0.023272586799999998": 130,
    "0.0268389461": 25,
    "0.0304053054": 12,
    "0.0339716647": 11,
    "0.037538024": 11
  },
  "latencyPercentiles": {
    "p10": 0.006486108,
    "p25": 0.006554608,
    "p50": 0.00665931,
    "p75": 0.006862814,
    "p90": 0.010031567,
    "p95": 0.011894897,
    "p99": 0.016640676
  },
  "rps": {
    "mean": 6733.187741006824,
    "stddev": 1451.6107984232099,
    "max": 9660.241862732866,
    "percentiles": {
      "p10": 4239.0993326951075,
      "p25": 6550.527493823716,
      "p50": 7460.681452594809,
      "p75": 7596.656822749403,
      "p90": 7689.3004598202815,
      "p95": 7719.325330966372,
      "p99": 7762.124943195486
    }
  },
  "details": {
    "DNSDialup": {
      "average": 0.0014583562399999995,
      "fastest": 0.000075301,
      "slowest": 0.001623327
    },
    "DNSLookup": {
      "average": 0.000004552099999999999,
      "fastest": 0.0000036,
      "slowest": 0.000034501
    }
  },
  "statusCodeDistribution": {
    "200": 67379
  },
  "errorDistribution": {}
}