{
  "summary": {
    "successRate": 1,
    "total": 10.001531264,
    "slowest": 0.047235101,
    "fastest": 0.000724511,
    "average": 0.008208007179434556,
    "requestsPerSec": 6085.968077617759,
    "totalData": 791297,
    "sizePerRequest": 13,
    "sizePerSec": 79117.58500903087
  },
  "responseTimeHistogram": {
    "0.000724511": 1,
    "0.0053755700000000005": 219,
    "0.010026629000000002": 45569,
    "0.014677688000000003": 12779,
    "0.019328747000000004": 1899,
    "0.023979806000000003": 281,
    "0.028630865000000005": 38,
    "0.033281924000000004": 26,
    "0.037932983": 27,
    "0.042584042": 12,
    "0.047235101": 18
  },
  "latencyPercentiles": {
    "p10": 0.006480191,
    "p25": 0.006564392,
    "p50": 0.006703694,
    "p75": 0.00994294,
    "p90": 0.011227858,
    "p95": 0.013606502,
    "p99": 0.017763063
  },
  "rps": {
    "mean": 6113.697280735432,
    "stddev": 1967.5713065291634,
    "max": 34314.878345386365,
    "percentiles": {
      "p10": 3779.6195761820613,
      "p25": 4542.545939524769,
      "p50": 7173.210503722022,
      "p75": 7574.121106561061,
      "p90": 7693.702704336024,
      "p95": 7725.773954489616,
      "p99": 7776.4903366000335
    }
  },
  "details": {
    "DNSDialup": {
      "average": 0.0014567215799999999,
      "fastest": 0.000083301,
      "slowest": 0.001659524
    },
    "DNSLookup": {
      "average": 0.000004510040000000001,
      "fastest": 0.0000033,
      "slowest": 0.0000349
    }
  },
  "statusCodeDistribution": {
    "200": 60869
  },
  "errorDistribution": {}
}