{
  "summary": {
    "successRate": 1,
    "total": 10.001559802,
    "slowest": 0.033820502,
    "fastest": 0.000143499,
    "average": 0.006065919578719893,
    "requestsPerSec": 8235.515422657272,
    "totalData": 1070784,
    "sizePerRequest": 13,
    "sizePerSec": 107061.70049454454
  },
  "responseTimeHistogram": {
    "0.000143499": 1,
    "0.0035111993000000005": 147,
    "0.006878899600000001": 70920,
    "0.010246599900000002": 8406,
    "0.013614300200000002": 2135,
    "0.0169820005": 586,
    "0.020349700800000002": 121,
    "0.0237174011": 17,
    "0.027085101400000002": 10,
    "0.030452801700000004": 12,
    "0.033820502": 13
  },
  "latencyPercentiles": {
    "p10": 0.00541807,
    "p25": 0.005461768,
    "p50": 0.005532269,
    "p75": 0.005688468,
    "p90": 0.007667755,
    "p95": 0.009335246,
    "p99": 0.013379822
  },
  "rps": {
    "mean": 8222.943356336315,
    "stddev": 1536.2182392999218,
    "max": 10355.462823335185,
    "percentiles": {
      "p10": 5802.00459258679,
      "p25": 8016.799202729571,
      "p50": 8987.224609726873,
      "p75": 9111.483557062857,
      "p90": 9203.310845565424,
      "p95": 9227.733954400019,
      "p99": 9274.992955540773
    }
  },
  "details": {
    "DNSDialup": {
      "average": 0.00127052658,
      "fastest": 0.0000603,
      "slowest": 0.001424392
    },
    "DNSLookup": {
      "average": 0.000003928000000000002,
      "fastest": 0.0000026,
      "slowest": 0.0000314
    }
  },
  "statusCodeDistribution": {
    "200": 82368
  },
  "errorDistribution": {}
}