{
  "summary": {
    "successRate": 1,
    "total": 10.001384812,
    "slowest": 0.038098718,
    "fastest": 0.001174646,
    "average": 0.0074463660013117,
    "requestsPerSec": 6707.771099808773,
    "totalData": 872131,
    "sizePerRequest": 13,
    "sizePerSec": 87201.02429751406
  },
  "responseTimeHistogram": {
    "0.001174646": 1,
    "0.0048670532": 154,
    "0.0085594604": 57364,
    "0.012251867599999999": 6509,
    "0.015944274799999998": 2211,
    "0.019636682": 695,
    "0.0233290892": 94,
    "0.027021496399999997": 22,
    "0.0307139036": 14,
    "0.0344063108": 11,
    "0.038098718": 12
  },
  "latencyPercentiles": {
    "p10": 0.00651606,
    "p25": 0.006598462,
    "p50": 0.006704367,
    "p75": 0.006921675,
    "p90": 0.010064701,
    "p95": 0.011991977,
    "p99": 0.016604561
  },
  "rps": {
    "mean": 6703.678207344296,
    "stddev": 1454.767448184484,
    "max": 8644.000556030538,
    "percentiles": {
      "p10": 4146.778145548705,
      "p25": 6691.545019954534,
      "p50": 7413.049190490078,
      "p75": 7554.547611025185,
      "p90": 7646.262949348831,
      "p95": 7701.355225719401,
      "p99": 7759.050251942395
    }
  },
  "details": {
    "DNSDialup": {
      "average": 0.0016123941599999999,
      "fastest": 0.000076703,
      "slowest": 0.00327543
    },
    "DNSLookup": {
      "average": 0.0000053922,
      "fastest": 0.0000036,
      "slowest": 0.000039301
    }
  },
  "statusCodeDistribution": {
    "200": 67087
  },
  "errorDistribution": {}
}