{
  "summary": {
    "successRate": 1,
    "total": 10.001385108,
    "slowest": 0.036562423,
    "fastest": 0.000328304,
    "average": 0.007400177623352044,
    "requestsPerSec": 6749.665098487477,
    "totalData": 877578,
    "sizePerRequest": 13,
    "sizePerSec": 87745.6462803372
  },
  "responseTimeHistogram": {
    "0.000328304": 1,
    "0.0039517159": 83,
    "0.007575127799999999": 55680,
    "0.011198539699999998": 7383,
    "0.014821951599999997": 3170,
    "0.0184453635": 957,
    "0.022068775399999997": 161,
    "0.0256921873": 33,
    "0.029315599199999997": 16,
    "0.0329390111": 10,
    "0.036562423": 12
  },
  "latencyPercentiles": {
    "p10": 0.006419774,
    "p25": 0.006506175,
    "p50": 0.006602779,
    "p75": 0.006841779,
    "p90": 0.010255418,
    "p95": 0.011793642,
    "p99": 0.016571299
  },
  "rps": {
    "mean": 6741.997351427247,
    "stddev": 1513.1718485171305,
    "max": 8600.93234106575,
    "percentiles": {
      "p10": 4222.11756285302,
      "p25": 6234.5926372478125,
      "p50": 7525.047119336701,
      "p75": 7655.259490633002,
      "p90": 7762.867583121628,
      "p95": 7807.092743758103,
      "p99": 7855.368565332353
    }
  },
  "details": {
    "DNSDialup": {
      "average": 0.0015610320600000004,
      "fastest": 0.000068801,
      "slowest": 0.003141637
    },
    "DNSLookup": {
      "average": 0.00000529606,
      "fastest": 0.0000037,
      "slowest": 0.0000378
    }
  },
  "statusCodeDistribution": {
    "200": 67506
  },
  "errorDistribution": {}
}