{
  "summary": {
    "successRate": 1,
    "total": 10.001664945,
    "slowest": 0.035895906,
    "fastest": 0.000717613,
    "average": 0.007209707766824051,
    "requestsPerSec": 6924.94703440598,
    "totalData": 900393,
    "sizePerRequest": 13,
    "sizePerSec": 90024.31144727774
  },
  "responseTimeHistogram": {
    "0.000717613": 1,
    "0.0042354422999999995": 124,
    "0.007753271599999999": 58581,
    "0.011271100899999999": 6431,
    "0.0147889302": 2992,
    "0.0183067595": 861,
    "0.021824588799999996": 200,
    "0.025342418099999996": 35,
    "0.028860247399999997": 14,
    "0.032378076699999994": 10,
    "0.035895906": 12
  },
  "latencyPercentiles": {
    "p10": 0.006297113,
    "p25": 0.006393815,
    "p50": 0.006496716,
    "p75": 0.006699621,
    "p90": 0.00962359,
    "p95": 0.011656509,
    "p99": 0.016460724
  },
  "rps": {
    "mean": 6920.2452646610645,
    "stddev": 1543.8264539667225,
    "max": 12031.790396585478,
    "percentiles": {
      "p10": 4216.445825296989,
      "p25": 6925.836139133506,
      "p50": 7648.431397294732,
      "p75": 7793.855951525422,
      "p90": 7916.628085631001,
      "p95": 7955.146667730106,
      "p99": 8000.65685392751
    }
  },
  "details": {
    "DNSDialup": {
      "average": 0.00142911414,
      "fastest": 0.000066001,
      "slowest": 0.002893757
    },
    "DNSLookup": {
      "average": 0.000004774119999999999,
      "fastest": 0.0000033,
      "slowest": 0.000031801
    }
  },
  "statusCodeDistribution": {
    "200": 69261
  },
  "errorDistribution": {}
}