{
  "summary": {
    "successRate": 1,
    "total": 10.001480393,
    "slowest": 0.033689245,
    "fastest": 0.000208899,
    "average": 0.00601260068245927,
    "requestsPerSec": 8308.570005112442,
    "totalData": 1080274,
    "sizePerRequest": 13,
    "sizePerSec": 108011.41006646176
  },
  "responseTimeHistogram": {
    "0.000208899": 1,
    "0.0035569335999999997": 162,
    "0.0069049682": 72415,
    "0.0102530028": 7720,
    "0.0136010374": 2043,
    "0.016949072": 501,
    "0.020297106599999996": 165,
    "0.023645141199999997": 36,
    "0.026993175799999998": 24,
    "0.0303412104": 18,
    "0.033689245": 13
  },
  "latencyPercentiles": {
    "p10": 0.005399386,
    "p25": 0.005439991,
    "p50": 0.005505186,
    "p75": 0.005616485,
    "p90": 0.00761678,
    "p95": 0.008787587,
    "p99": 0.013217679
  },
  "rps": {
    "mean": 8288.2118305781,
    "stddev": 1528.0762961065727,
    "max": 10932.607595414083,
    "percentiles": {
      "p10": 6130.698146739288,
      "p25": 7986.91843860004,
      "p50": 9047.159222161568,
      "p75": 9153.28585359622,
      "p90": 9240.301575320183,
      "p95": 9267.491433110788,
      "p99": 9301.791525048271
    }
  },
  "details": {
    "DNSDialup": {
      "average": 0.0012636259400000004,
      "fastest": 0.0000643,
      "slowest": 0.001425998
    },
    "DNSLookup": {
      "average": 0.000004016000000000001,
      "fastest": 0.0000031,
      "slowest": 0.0000297
    }
  },
  "statusCodeDistribution": {
    "200": 83098
  },
  "errorDistribution": {}
}