{
  "summary": {
    "successRate": 1,
    "total": 10.001417123,
    "slowest": 0.033891389,
    "fastest": 0.000396,
    "average": 0.006088643522947193,
    "requestsPerSec": 8204.63730197727,
    "totalData": 1066754,
    "sizePerRequest": 13,
    "sizePerSec": 106660.28492570453
  },
  "responseTimeHistogram": {
    "0.000396": 1,
    "0.0037455389": 264,
    "0.007095077799999999": 70240,
    "0.0104446167": 8724,
    "0.0137941556": 2084,
    "0.0171436945": 579,
    "0.020493233399999998": 118,
    "0.0238427723": 13,
    "0.0271923112": 10,
    "0.0305418501": 12,
    "0.033891389": 13
  },
  "latencyPercentiles": {
    "p10": 0.005379298,
    "p25": 0.005427398,
    "p50": 0.005504998,
    "p75": 0.005668398,
    "p90": 0.008090597,
    "p95": 0.009502497,
    "p99": 0.013634396
  },
  "rps": {
    "mean": 8199.18568883282,
    "stddev": 1634.8352753113106,
    "max": 11472.593408421253,
    "percentiles": {
      "p10": 5587.2749102810385,
      "p25": 7725.96154859172,
      "p50": 9017.135262138248,
      "p75": 9183.944930240532,
      "p90": 9269.992148719688,
      "p95": 9307.263388348465,
      "p99": 9342.230619290884
    }
  },
  "details": {
    "DNSDialup": {
      "average": 0.0012682855000000005,
      "fastest": 0.0000675,
      "slowest": 0.001421
    },
    "DNSLookup": {
      "average": 0.000003994,
      "fastest": 0.000003,
      "slowest": 0.0000325
    }
  },
  "statusCodeDistribution": {
    "200": 82058
  },
  "errorDistribution": {}
}