{
  "summary": {
    "successRate": 1,
    "total": 10.003809526,
    "slowest": 0.048957291,
    "fastest": 0.000320004,
    "average": 0.007390818750240364,
    "requestsPerSec": 6756.726007659895,
    "totalData": 878709,
    "sizePerRequest": 13,
    "sizePerSec": 87837.43809957863
  },
  "responseTimeHistogram": {
    "0.000320004": 1,
    "0.0051837327": 395,
    "0.0100474614": 60416,
    "0.0149111901": 5544,
    "0.0197749188": 987,
    "0.0246386475": 166,
    "0.0295023762": 39,
    "0.0343661049": 7,
    "0.0392298336": 9,
    "0.0440935623": 14,
    "0.048957291": 15
  },
  "latencyPercentiles": {
    "p10": 0.006450868,
    "p25": 0.006512669,
    "p50": 0.00660967,
    "p75": 0.006843173,
    "p90": 0.010054007,
    "p95": 0.011872726,
    "p99": 0.016889279
  },
  "rps": {
    "mean": 6769.009459241511,
    "stddev": 1553.9693678642566,
    "max": 11895.754878897626,
    "percentiles": {
      "p10": 4301.246931485434,
      "p25": 6738.815577727774,
      "p50": 7520.149488539793,
      "p75": 7653.956566817692,
      "p90": 7726.265439360505,
      "p95": 7775.654003189487,
      "p99": 7874.3297355384975
    }
  },
  "details": {
    "DNSDialup": {
      "average": 0.0014460964400000004,
      "fastest": 0.0000676,
      "slowest": 0.002933829
    },
    "DNSLookup": {
      "average": 0.0000049080599999999985,
      "fastest": 0.0000033,
      "slowest": 0.0000364
    }
  },
  "statusCodeDistribution": {
    "200": 67593
  },
  "errorDistribution": {}
}