{
  "summary": {
    "successRate": 1,
    "total": 10.001616234,
    "slowest": 0.049551615,
    "fastest": 0.000336104,
    "average": 0.007665185589401308,
    "requestsPerSec": 6516.746741234742,
    "totalData": 847314,
    "sizePerRequest": 13,
    "sizePerSec": 84717.70763605165
  },
  "responseTimeHistogram": {
    "0.000336104": 1,
    "0.0052576551000000004": 213,
    "0.0101792062": 56138,
    "0.0151007573": 7374,
    "0.0200223084": 1220,
    "0.024943859500000002": 160,
    "0.0298654106": 24,
    "0.0347869617": 10,
    "0.0397085128": 9,
    "0.044630063899999996": 14,
    "0.049551615": 15
  },
  "latencyPercentiles": {
    "p10": 0.00651859,
    "p25": 0.00660429,
    "p50": 0.006716592,
    "p75": 0.007046197,
    "p90": 0.01117184,
    "p95": 0.012639173,
    "p99": 0.01734415
  },
  "rps": {
    "mean": 6520.173160619914,
    "stddev": 1609.9534427376266,
    "max": 12083.102747455072,
    "percentiles": {
      "p10": 3901.117084877253,
      "p25": 5517.807113097071,
      "p50": 7390.881231981092,
      "p75": 7536.2970675665065,
      "p90": 7641.849057996181,
      "p95": 7685.434362547818,
      "p99": 7739.910072296658
    }
  },
  "details": {
    "DNSDialup": {
      "average": 0.0014719372400000001,
      "fastest": 0.000075401,
      "slowest": 0.003135145
    },
    "DNSLookup": {
      "average": 0.000004532059999999999,
      "fastest": 0.0000033,
      "slowest": 0.0000358
    }
  },
  "statusCodeDistribution": {
    "200": 65178
  },
  "errorDistribution": {}
}