{
  "summary": {
    "successRate": 1,
    "total": 10.001435048,
    "slowest": 0.032841946,
    "fastest": 0.000928099,
    "average": 0.006193512383074265,
    "requestsPerSec": 8059.943359440193,
    "totalData": 1047943,
    "sizePerRequest": 13,
    "sizePerSec": 104779.2636727225
  },
  "responseTimeHistogram": {
    "0.000928099": 1,
    "0.0041194837": 222,
    "0.007310868399999999": 70065,
    "0.0105022531": 7749,
    "0.013693637799999998": 1825,
    "0.0168850225": 577,
    "0.0200764072": 110,
    "0.023267791899999998": 24,
    "0.0264591766": 10,
    "0.0296505613": 10,
    "0.032841946": 18
  },
  "latencyPercentiles": {
    "p10": 0.005529491,
    "p25": 0.005567091,
    "p50": 0.00564939,
    "p75": 0.00577639,
    "p90": 0.008059286,
    "p95": 0.009570083,
    "p99": 0.013426078
  },
  "rps": {
    "mean": 8045.8246602743675,
    "stddev": 1547.0936328249477,
    "max": 10418.897330669399,
    "percentiles": {
      "p10": 5545.5942119321735,
      "p25": 7907.209002448625,
      "p50": 8807.236906565902,
      "p75": 8942.31233929598,
      "p90": 9028.273845201136,
      "p95": 9049.152280441893,
      "p99": 9077.995413191551
    }
  },
  "details": {
    "DNSDialup": {
      "average": 0.0008151666199999999,
      "fastest": 0.0000397,
      "slowest": 0.001148298
    },
    "DNSLookup": {
      "average": 0.000005412,
      "fastest": 0.0000031,
      "slowest": 0.0000387
    }
  },
  "statusCodeDistribution": {
    "200": 80611
  },
  "errorDistribution": {}
}