{
  "summary": {
    "successRate": 1,
    "total": 10.001268378,
    "slowest": 0.052297423,
    "fastest": 0.000737071,
    "average": 0.00855015955328247,
    "requestsPerSec": 5840.759170956426,
    "totalData": 759395,
    "sizePerRequest": 13,
    "sizePerSec": 75929.86922243354
  },
  "responseTimeHistogram": {
    "0.000737071": 1,
    "0.0058931062000000005": 168,
    "0.011049141400000002": 51479,
    "0.016205176600000003": 5368,
    "0.021361211800000002": 1122,
    "0.026517247": 203,
    "0.03167328220000001": 29,
    "0.036829317400000006": 9,
    "0.041985352600000005": 9,
    "0.047141387800000004": 12,
    "0.052297423": 15
  },
  "latencyPercentiles": {
    "p10": 0.007251089,
    "p25": 0.007459512,
    "p50": 0.007685635,
    "p75": 0.008005161,
    "p90": 0.01161921,
    "p95": 0.014046942,
    "p99": 0.019481467
  },
  "rps": {
    "mean": 5842.71600803714,
    "stddev": 1436.599587502924,
    "max": 10913.119944787666,
    "percentiles": {
      "p10": 3419.5770787759925,
      "p25": 5619.301175678224,
      "p50": 6452.427261989382,
      "p75": 6666.908426276106,
      "p90": 6823.847983934195,
      "p95": 6965.161172315607,
      "p99": 7225.5437422372615
    }
  },
  "details": {
    "DNSDialup": {
      "average": 0.0017000252799999995,
      "fastest": 0.000079007,
      "slowest": 0.005407919
    },
    "DNSLookup": {
      "average": 0.000006156580000000002,
      "fastest": 0.000004,
      "slowest": 0.000054305
    }
  },
  "statusCodeDistribution": {
    "200": 58415
  },
  "errorDistribution": {}
}