{
  "summary": {
    "successRate": 1,
    "total": 10.002139977,
    "slowest": 0.056453296,
    "fastest": 0.001872316,
    "average": 0.013369546911013552,
    "requestsPerSec": 3734.600804017522,
    "totalData": 485602,
    "sizePerRequest": 13,
    "sizePerSec": 48549.810452227786
  },
  "responseTimeHistogram": {
    "0.001872316": 1,
    "0.0073304139999999995": 119,
    "0.012788512": 24117,
    "0.018246609999999996": 9190,
    "0.023704707999999998": 3152,
    "0.029162806": 595,
    "0.034620903999999994": 110,
    "0.040079001999999996": 31,
    "0.0455371": 16,
    "0.050995198": 10,
    "0.056453296": 13
  },
  "latencyPercentiles": {
    "p10": 0.010560691,
    "p25": 0.010967194,
    "p50": 0.0116455,
    "p75": 0.015359832,
    "p90": 0.018409558,
    "p95": 0.021043181,
    "p99": 0.026275731
  },
  "rps": {
    "mean": 3745.519214350529,
    "stddev": 1056.3862885478093,
    "max": 10411.70871013809,
    "percentiles": {
      "p10": 2333.0390999094584,
      "p25": 3012.4456178252003,
      "p50": 4180.565773300178,
      "p75": 4511.827304094661,
      "p90": 4719.972563904243,
      "p95": 4809.372833223924,
      "p99": 5072.442596181447
    }
  },
  "details": {
    "DNSDialup": {
      "average": 0.0031369095599999997,
      "fastest": 0.000129101,
      "slowest": 0.003889435
    },
    "DNSLookup": {
      "average": 0.000010506080000000001,
      "fastest": 0.0000056,
      "slowest": 0.000058501
    }
  },
  "statusCodeDistribution": {
    "200": 37354
  },
  "errorDistribution": {}
}