{
  "summary": {
    "successRate": 1,
    "total": 10.002113373,
    "slowest": 0.050057152,
    "fastest": 0.006367145,
    "average": 0.012591648540565758,
    "requestsPerSec": 3965.5619288489743,
    "totalData": 515632,
    "sizePerRequest": 13,
    "sizePerSec": 51552.30507503667
  },
  "responseTimeHistogram": {
    "0.006367145": 1,
    "0.010736145700000001": 3872,
    "0.015105146400000002": 30247,
    "0.019474147100000002": 3465,
    "0.023843147800000002": 1298,
    "0.028212148500000003": 583,
    "0.0325811492": 124,
    "0.0369501499": 31,
    "0.0413191506": 23,
    "0.0456881513": 10,
    "0.050057152": 10
  },
  "latencyPercentiles": {
    "p10": 0.010741976,
    "p25": 0.011000478,
    "p50": 0.01141318,
    "p75": 0.012268286,
    "p90": 0.016232414,
    "p95": 0.019674839,
    "p99": 0.026634287
  },
  "rps": {
    "mean": 3986.110708917594,
    "stddev": 1056.2053639282806,
    "max": 12638.546845677345,
    "percentiles": {
      "p10": 2455.30124090925,
      "p25": 3756.5476880022034,
      "p50": 4337.576862114398,
      "p75": 4525.901735632881,
      "p90": 4634.681320320455,
      "p95": 4686.193628019428,
      "p99": 4950.86018669808
    }
  },
  "details": {
    "DNSDialup": {
      "average": 0.0022194096600000003,
      "fastest": 0.000099701,
      "slowest": 0.004670533
    },
    "DNSLookup": {
      "average": 0.00000731608,
      "fastest": 0.0000058,
      "slowest": 0.000034801
    }
  },
  "statusCodeDistribution": {
    "200": 39664
  },
  "errorDistribution": {}
}