{
  "summary": {
    "successRate": 1,
    "total": 10.001624927,
    "slowest": 0.036652231,
    "fastest": 0.000418604,
    "average": 0.007989552545581062,
    "requestsPerSec": 6251.584163210043,
    "totalData": 812838,
    "sizePerRequest": 13,
    "sizePerSec": 81270.59412173055
  },
  "responseTimeHistogram": {
    "0.000418604": 1,
    "0.0040419667": 191,
    "0.0076653293999999995": 44081,
    "0.011288692099999997": 13287,
    "0.014912054799999998": 3192,
    "0.018535417499999998": 1368,
    "0.022158780199999995": 284,
    "0.025782142899999996": 82,
    "0.029405505599999996": 17,
    "0.0330288683": 11,
    "0.036652231": 12
  },
  "latencyPercentiles": {
    "p10": 0.006392257,
    "p25": 0.006476558,
    "p50": 0.006600958,
    "p75": 0.009463085,
    "p90": 0.0111347,
    "p95": 0.013080419,
    "p99": 0.017476757
  },
  "rps": {
    "mean": 6248.455509601203,
    "stddev": 1738.415567245151,
    "max": 9116.054283198006,
    "percentiles": {
      "p10": 4009.8682858515135,
      "p25": 4564.085233581626,
      "p50": 7385.383900348613,
      "p75": 7674.838113932845,
      "p90": 7786.281340793738,
      "p95": 7837.157531287352,
      "p99": 7909.02498841411
    }
  },
  "details": {
    "DNSDialup": {
      "average": 0.0016891132400000007,
      "fastest": 0.000092101,
      "slowest": 0.001848116
    },
    "DNSLookup": {
      "average": 0.0000049400399999999995,
      "fastest": 0.0000038,
      "slowest": 0.0000353
    }
  },
  "statusCodeDistribution": {
    "200": 62526
  },
  "errorDistribution": {}
}