{
  "summary": {
    "successRate": 1,
    "total": 10.001346705,
    "slowest": 0.032401136,
    "fastest": 0.000296001,
    "average": 0.006067056286149738,
    "requestsPerSec": 8234.091110833058,
    "totalData": 1070576,
    "sizePerRequest": 13,
    "sizePerSec": 107043.18444082976
  },
  "responseTimeHistogram": {
    "0.000296001": 1,
    "0.0035065145000000002": 195,
    "0.006717028": 70794,
    "0.009927541500000001": 8300,
    "0.013138055000000001": 2226,
    "0.0163485685": 625,
    "0.019559082000000002": 139,
    "0.0227695955": 34,
    "0.025980109": 10,
    "0.029190622500000003": 10,
    "0.032401136": 18
  },
  "latencyPercentiles": {
    "p10": 0.005437006,
    "p25": 0.005476906,
    "p50": 0.005546806,
    "p75": 0.005672006,
    "p90": 0.007832309,
    "p95": 0.00918241,
    "p99": 0.013189914
  },
  "rps": {
    "mean": 8221.665629574996,
    "stddev": 1498.1092589820441,
    "max": 9288.603055686594,
    "percentiles": {
      "p10": 5881.032130548619,
      "p25": 7920.823051720671,
      "p50": 8970.22701024002,
      "p75": 9091.449986266734,
      "p90": 9175.134256917125,
      "p95": 9203.118937007712,
      "p99": 9230.820787528028
    }
  },
  "details": {
    "DNSDialup": {
      "average": 0.0007789188999999997,
      "fastest": 0.0000406,
      "slowest": 0.001133201
    },
    "DNSLookup": {
      "average": 0.000004718,
      "fastest": 0.0000029,
      "slowest": 0.0000412
    }
  },
  "statusCodeDistribution": {
    "200": 82352
  },
  "errorDistribution": {}
}