{
  "summary": {
    "successRate": 1,
    "total": 10.001225519,
    "slowest": 0.051490418,
    "fastest": 0.001151901,
    "average": 0.013478608553629682,
    "requestsPerSec": 3703.6461111321532,
    "totalData": 481533,
    "sizePerRequest": 13,
    "sizePerSec": 48147.399444717994
  },
  "responseTimeHistogram": {
    "0.001151901": 1,
    "0.006185752700000001": 21,
    "0.011219604400000001": 6254,
    "0.0162534561": 25295,
    "0.021287307800000002": 4098,
    "0.026321159500000003": 879,
    "0.0313550112": 364,
    "0.0363888629": 81,
    "0.0414227146": 14,
    "0.0464565663": 20,
    "0.051490418": 14
  },
  "latencyPercentiles": {
    "p10": 0.011047203,
    "p25": 0.011387103,
    "p50": 0.011889504,
    "p75": 0.015293105,
    "p90": 0.017336206,
    "p95": 0.020291207,
    "p99": 0.02729541
  },
  "rps": {
    "mean": 3715.3117046332436,
    "stddev": 972.5459299668523,
    "max": 11444.851813693498,
    "percentiles": {
      "p10": 2438.502986759723,
      "p25": 3130.4900337820236,
      "p50": 4115.969137057796,
      "p75": 4361.098112334337,
      "p90": 4493.554455701499,
      "p95": 4559.63870638751,
      "p99": 4675.840733952526
    }
  },
  "details": {
    "DNSDialup": {
      "average": 0.0024555488399999994,
      "fastest": 0.000102,
      "slowest": 0.002983901
    },
    "DNSLookup": {
      "average": 0.000008392019999999997,
      "fastest": 0.0000066,
      "slowest": 0.0000366
    }
  },
  "statusCodeDistribution": {
    "200": 37041
  },
  "errorDistribution": {}
}