{
  "summary": {
    "successRate": 1,
    "total": 10.001728425,
    "slowest": 0.036211754,
    "fastest": 0.000426204,
    "average": 0.007963821694848262,
    "requestsPerSec": 6272.515842680462,
    "totalData": 815568,
    "sizePerRequest": 13,
    "sizePerSec": 81542.70595484601
  },
  "responseTimeHistogram": {
    "0.000426204": 1,
    "0.004004759": 61,
    "0.007583314": 44581,
    "0.011161868999999998": 11800,
    "0.014740423999999999": 4482,
    "0.018318979": 1286,
    "0.021897533999999996": 412,
    "0.025476088999999997": 74,
    "0.029054643999999998": 15,
    "0.032633198999999995": 12,
    "0.036211754": 12
  },
  "latencyPercentiles": {
    "p10": 0.006370062,
    "p25": 0.006455563,
    "p50": 0.006596364,
    "p75": 0.00925179,
    "p90": 0.011163908,
    "p95": 0.012926927,
    "p99": 0.017802173
  },
  "rps": {
    "mean": 6266.633887478391,
    "stddev": 1744.3765747067926,
    "max": 10573.170569610025,
    "percentiles": {
      "p10": 4117.748732361088,
      "p25": 4585.241473081404,
      "p50": 7409.28999108471,
      "p75": 7690.946129046803,
      "p90": 7823.786658578426,
      "p95": 7864.253308808946,
      "p99": 7906.96049732601
    }
  },
  "details": {
    "DNSDialup": {
      "average": 0.00141897186,
      "fastest": 0.000067001,
      "slowest": 0.001580916
    },
    "DNSLookup": {
      "average": 0.0000044320399999999995,
      "fastest": 0.0000035,
      "slowest": 0.000034401
    }
  },
  "statusCodeDistribution": {
    "200": 62736
  },
  "errorDistribution": {}
}