{
  "summary": {
    "successRate": 1,
    "total": 10.001953158,
    "slowest": 0.059729792,
    "fastest": 0.000935407,
    "average": 0.014581132302625099,
    "requestsPerSec": 3424.03123260058,
    "totalData": 445211,
    "sizePerRequest": 13,
    "sizePerSec": 44512.40602380754
  },
  "responseTimeHistogram": {
    "0.000935407": 1,
    "0.0068148455": 105,
    "0.012694283999999998": 11946,
    "0.018573722499999997": 17787,
    "0.024453160999999998": 3432,
    "0.030332599499999998": 702,
    "0.036212037999999995": 213,
    "0.042091476499999995": 25,
    "0.047970914999999996": 23,
    "0.053850353499999996": 10,
    "0.059729792": 3
  },
  "latencyPercentiles": {
    "p10": 0.012127499,
    "p25": 0.012488603,
    "p50": 0.013088308,
    "p75": 0.015191325,
    "p90": 0.019467161,
    "p95": 0.022364084,
    "p99": 0.029270441
  },
  "rps": {
    "mean": 3439.9792333675773,
    "stddev": 950.6275391394659,
    "max": 10365.020045737603,
    "percentiles": {
      "p10": 2170.1211723325196,
      "p25": 3094.295272845222,
      "p50": 3801.3753375972383,
      "p75": 3985.07526391441,
      "p90": 4107.483424050451,
      "p95": 4173.588467194935,
      "p99": 4736.766306393606
    }
  },
  "details": {
    "DNSDialup": {
      "average": 0.0014670881,
      "fastest": 0.0000657,
      "slowest": 0.00233362
    },
    "DNSLookup": {
      "average": 0.000008170060000000004,
      "fastest": 0.0000061,
      "slowest": 0.000035501
    }
  },
  "statusCodeDistribution": {
    "200": 34247
  },
  "errorDistribution": {}
}