{
  "summary": {
    "successRate": 1,
    "total": 10.001587179,
    "slowest": 0.033923339,
    "fastest": 0.000544699,
    "average": 0.006117425369084799,
    "requestsPerSec": 8166.203877269629,
    "totalData": 1061775,
    "sizePerRequest": 13,
    "sizePerSec": 106160.65040450517
  },
  "responseTimeHistogram": {
    "0.000544699": 1,
    "0.0038825629999999995": 258,
    "0.007220426999999999": 70142,
    "0.010558290999999997": 8695,
    "0.013896154999999997": 1903,
    "0.017234018999999996": 509,
    "0.020571882999999996": 112,
    "0.023909746999999995": 20,
    "0.027247610999999995": 10,
    "0.030585474999999994": 11,
    "0.033923339": 14
  },
  "latencyPercentiles": {
    "p10": 0.005442989,
    "p25": 0.00549129,
    "p50": 0.00556309,
    "p75": 0.005711789,
    "p90": 0.008125885,
    "p95": 0.009269383,
    "p99": 0.013156077
  },
  "rps": {
    "mean": 8153.437223912051,
    "stddev": 1544.129831416866,
    "max": 10193.388769893167,
    "percentiles": {
      "p10": 5760.438520962094,
      "p25": 7621.12423214675,
      "p50": 8940.337012532998,
      "p75": 9072.68856625498,
      "p90": 9155.592759234687,
      "p95": 9188.502739536176,
      "p99": 9240.491835222268
    }
  },
  "details": {
    "DNSDialup": {
      "average": 0.0012188418400000001,
      "fastest": 0.0000609,
      "slowest": 0.001429998
    },
    "DNSLookup": {
      "average": 0.000004328,
      "fastest": 0.0000031,
      "slowest": 0.000034
    }
  },
  "statusCodeDistribution": {
    "200": 81675
  },
  "errorDistribution": {}
}