{
  "summary": {
    "successRate": 1,
    "total": 10.001658777,
    "slowest": 0.03774416,
    "fastest": 0.000537405,
    "average": 0.007769119513026258,
    "requestsPerSec": 6428.233699378885,
    "totalData": 835809,
    "sizePerRequest": 13,
    "sizePerSec": 83567.03809192551
  },
  "responseTimeHistogram": {
    "0.000537405": 1,
    "0.004258080500000001": 124,
    "0.007978756": 50040,
    "0.011699431500000001": 10376,
    "0.015420107": 2342,
    "0.019140782500000002": 1058,
    "0.022861458000000005": 179,
    "0.026582133500000004": 47,
    "0.030302809000000003": 70,
    "0.0340234845": 23,
    "0.03774416": 33
  },
  "latencyPercentiles": {
    "p10": 0.006475356,
    "p25": 0.006553956,
    "p50": 0.006655057,
    "p75": 0.007232569,
    "p90": 0.011149995,
    "p95": 0.012138904,
    "p99": 0.017652751
  },
  "rps": {
    "mean": 6424.8083410615,
    "stddev": 1666.2694976103596,
    "max": 9482.025207258042,
    "percentiles": {
      "p10": 4135.9893109896975,
      "p25": 4805.966607543175,
      "p50": 7438.318497741274,
      "p75": 7597.4109644210885,
      "p90": 7700.318793197906,
      "p95": 7739.015472604051,
      "p99": 7787.386153723941
    }
  },
  "details": {
    "DNSDialup": {
      "average": 0.00163107154,
      "fastest": 0.000081501,
      "slowest": 0.001803118
    },
    "DNSLookup": {
      "average": 0.00000491004,
      "fastest": 0.0000038,
      "slowest": 0.000039801
    }
  },
  "statusCodeDistribution": {
    "200": 64293
  },
  "errorDistribution": {}
}