{
  "summary": {
    "successRate": 1,
    "total": 10.001476517,
    "slowest": 0.035074957,
    "fastest": 0.000261799,
    "average": 0.006711558114119128,
    "requestsPerSec": 7442.00117587498,
    "totalData": 967603,
    "sizePerRequest": 13,
    "sizePerSec": 96746.01528637474
  },
  "responseTimeHistogram": {
    "0.000261799": 1,
    "0.0037431148": 215,
    "0.0072244306": 53406,
    "0.0107057464": 17306,
    "0.0141870622": 2516,
    "0.017668378": 741,
    "0.0211496938": 163,
    "0.0246310096": 49,
    "0.0281123254": 9,
    "0.0315936412": 11,
    "0.035074957": 14
  },
  "latencyPercentiles": {
    "p10": 0.005413078,
    "p25": 0.005478677,
    "p50": 0.005580677,
    "p75": 0.008232665,
    "p90": 0.009381662,
    "p95": 0.010465658,
    "p99": 0.014985137
  },
  "rps": {
    "mean": 7438.518699527666,
    "stddev": 1952.3838967562222,
    "max": 10323.579054560574,
    "percentiles": {
      "p10": 5147.532313381776,
      "p25": 5745.239162210382,
      "p50": 8757.572280169763,
      "p75": 9074.446761229425,
      "p90": 9200.591598039868,
      "p95": 9247.01366688563,
      "p99": 9283.684056453723
    }
  },
  "details": {
    "DNSDialup": {
      "average": 0.0013260665999999999,
      "fastest": 0.0000642,
      "slowest": 0.004080683
    },
    "DNSLookup": {
      "average": 0.00000424198,
      "fastest": 0.000003,
      "slowest": 0.000030299
    }
  },
  "statusCodeDistribution": {
    "200": 74431
  },
  "errorDistribution": {}
}