{
  "summary": {
    "successRate": 1,
    "total": 10.001489319,
    "slowest": 0.037989117,
    "fastest": 0.000147799,
    "average": 0.006042175613684937,
    "requestsPerSec": 8267.66868039486,
    "totalData": 1074957,
    "sizePerRequest": 13,
    "sizePerSec": 107479.69284513316
  },
  "responseTimeHistogram": {
    "0.000147799": 1,
    "0.0039319308": 163,
    "0.007716062600000001": 74156,
    "0.011500194400000004": 6862,
    "0.015284326200000004": 1164,
    "0.019068458000000003": 205,
    "0.022852589800000007": 91,
    "0.026636721600000007": 15,
    "0.030420853400000007": 10,
    "0.0342049852": 11,
    "0.037989117": 11
  },
  "latencyPercentiles": {
    "p10": 0.005413957,
    "p25": 0.005452957,
    "p50": 0.005516188,
    "p75": 0.005653188,
    "p90": 0.007749039,
    "p95": 0.008963629,
    "p99": 0.012817172
  },
  "rps": {
    "mean": 8254.649028768841,
    "stddev": 1516.80297620109,
    "max": 11521.810889081573,
    "percentiles": {
      "p10": 5964.670146664188,
      "p25": 7992.940311351907,
      "p50": 9012.05723136872,
      "p75": 9137.352583626134,
      "p90": 9212.272589543612,
      "p95": 9243.463690619326,
      "p99": 9290.188218203386
    }
  },
  "details": {
    "DNSDialup": {
      "average": 0.0012360253400000001,
      "fastest": 0.0000583,
      "slowest": 0.002511794
    },
    "DNSLookup": {
      "average": 0.000004316000000000001,
      "fastest": 0.0000028,
      "slowest": 0.0000309
    }
  },
  "statusCodeDistribution": {
    "200": 82689
  },
  "errorDistribution": {}
}