{
  "summary": {
    "successRate": 1,
    "total": 10.001334285,
    "slowest": 0.011125211,
    "fastest": 0.0000751,
    "average": 0.0008896324778134394,
    "requestsPerSec": 56116.51245791751,
    "totalData": 7296120,
    "sizePerRequest": 13,
    "sizePerSec": 729514.6619529276
  },
  "responseTimeHistogram": {
    "0.0000751": 1,
    "0.0011801111": 519376,
    "0.0022851221999999997": 39817,
    "0.0033901332999999997": 1331,
    "0.0044951444": 472,
    "0.0056001555": 232,
    "0.0067051666": 2,
    "0.0078101776999999995": 1,
    "0.0089151888": 3,
    "0.0100201999": 3,
    "0.011125211": 2
  },
  "latencyPercentiles": {
    "p10": 0.000790102,
    "p25": 0.000799301,
    "p50": 0.000807002,
    "p75": 0.000817302,
    "p90": 0.000910102,
    "p95": 0.001647704,
    "p99": 0.002007802
  },
  "rps": {
    "mean": 56100.95869424678,
    "stddev": 10674.260370922588,
    "max": 62033.43602201233,
    "percentiles": {
      "p10": 37023.602546623864,
      "p25": 59636.83170726018,
      "p50": 60281.8386241158,
      "p75": 60678.22029377603,
      "p90": 60900.462843519344,
      "p95": 61020.692116697515,
      "p99": 61228.01794100724
    }
  },
  "details": {
    "DNSDialup": {
      "average": 0.0012197329599999995,
      "fastest": 0.000060201,
      "slowest": 0.001502704
    },
    "DNSLookup": {
      "average": 0.000004418,
      "fastest": 0.000003,
      "slowest": 0.0000345
    }
  },
  "statusCodeDistribution": {
    "200": 561240
  },
  "errorDistribution": {}
}