{
  "summary": {
    "successRate": 1,
    "total": 10.001142662,
    "slowest": 0.019189865,
    "fastest": 0.0000896,
    "average": 0.0009348900728708066,
    "requestsPerSec": 53388.39951046386,
    "totalData": 6941285,
    "sizePerRequest": 13,
    "sizePerSec": 694049.1936360302
  },
  "responseTimeHistogram": {
    "0.0000896": 1,
    "0.0019996265": 507548,
    "0.003909653": 25417,
    "0.0058196795": 478,
    "0.007729706": 131,
    "0.009639732500000001": 274,
    "0.011549759000000001": 49,
    "0.013459785500000002": 39,
    "0.015369812000000002": 3,
    "0.017279838500000002": 4,
    "0.019189865": 1
  },
  "latencyPercentiles": {
    "p10": 0.000785907,
    "p25": 0.000796006,
    "p50": 0.000810407,
    "p75": 0.000830707,
    "p90": 0.00117421,
    "p95": 0.001956816,
    "p99": 0.00227892
  },
  "rps": {
    "mean": 53370.787159325875,
    "stddev": 11282.900767794561,
    "max": 60880.46571153094,
    "percentiles": {
      "p10": 29114.606798230958,
      "p25": 56464.34914338251,
      "p50": 58031.424016103105,
      "p75": 58828.91441142856,
      "p90": 59085.16535735139,
      "p95": 59220.229630438946,
      "p99": 59420.88049740465
    }
  },
  "details": {
    "DNSDialup": {
      "average": 0.0016261736400000001,
      "fastest": 0.000080301,
      "slowest": 0.002688122
    },
    "DNSLookup": {
      "average": 0.000011904120000000007,
      "fastest": 0.0000039,
      "slowest": 0.000143401
    }
  },
  "statusCodeDistribution": {
    "200": 533945
  },
  "errorDistribution": {}
}