{
  "summary": {
    "successRate": 1,
    "total": 10.001798498,
    "slowest": 0.017467834,
    "fastest": 0.0000983,
    "average": 0.001582437751405162,
    "requestsPerSec": 31485.33736837137,
    "totalData": 4093830,
    "sizePerRequest": 13,
    "sizePerSec": 409309.3857888278
  },
  "responseTimeHistogram": {
    "0.0000983": 1,
    "0.0018352534000000002": 267445,
    "0.0035722068000000004": 30897,
    "0.0053091602": 14754,
    "0.007046113600000001": 1009,
    "0.008783067000000002": 557,
    "0.010520020400000002": 153,
    "0.012256973800000003": 76,
    "0.013993927200000002": 16,
    "0.0157308806": 0,
    "0.017467834": 2
  },
  "latencyPercentiles": {
    "p10": 0.001141008,
    "p25": 0.001212609,
    "p50": 0.001311211,
    "p75": 0.001484211,
    "p90": 0.002556118,
    "p95": 0.003615528,
    "p99": 0.004473131
  },
  "rps": {
    "mean": 31462.940053973813,
    "stddev": 8209.603197836452,
    "max": 41518.36772588329,
    "percentiles": {
      "p10": 14000.87225434179,
      "p25": 30123.867139933165,
      "p50": 35062.843133748305,
      "p75": 36709.66198303371,
      "p90": 37846.28979705127,
      "p95": 38518.1921421495,
      "p99": 39670.30768630987
    }
  },
  "details": {
    "DNSDialup": {
      "average": 0.0024123231800000007,
      "fastest": 0.0001434,
      "slowest": 0.002875299
    },
    "DNSLookup": {
      "average": 0.000014321999999999996,
      "fastest": 0.0000059,
      "slowest": 0.0000633
    }
  },
  "statusCodeDistribution": {
    "200": 314910
  },
  "errorDistribution": {}
}