{
  "summary": {
    "successRate": 1,
    "total": 10.001409588,
    "slowest": 0.017588112,
    "fastest": 0.000181603,
    "average": 0.0009386465625486481,
    "requestsPerSec": 53173.50472658195,
    "totalData": 6913530,
    "sizePerRequest": 13,
    "sizePerSec": 691255.5614455653
  },
  "responseTimeHistogram": {
    "0.000181603": 1,
    "0.0019222539000000002": 500708,
    "0.0036629048": 29854,
    "0.005403555700000001": 618,
    "0.0071442066": 100,
    "0.008884857500000001": 318,
    "0.010625508400000002": 126,
    "0.012366159300000002": 31,
    "0.014106810200000002": 46,
    "0.0158474611": 2,
    "0.017588112": 6
  },
  "latencyPercentiles": {
    "p10": 0.000778309,
    "p25": 0.00079041,
    "p50": 0.00080571,
    "p75": 0.00082641,
    "p90": 0.001483524,
    "p95": 0.002146826,
    "p99": 0.002243637
  },
  "rps": {
    "mean": 53157.39669271666,
    "stddev": 11885.833008314965,
    "max": 61797.24414338493,
    "percentiles": {
      "p10": 24601.180856681025,
      "p25": 57123.07200878436,
      "p50": 58419.48289754592,
      "p75": 59029.39073364665,
      "p90": 59319.78314767933,
      "p95": 59432.153336156625,
      "p99": 59680.443269485106
    }
  },
  "details": {
    "DNSDialup": {
      "average": 0.0016212021,
      "fastest": 0.000122202,
      "slowest": 0.001969832
    },
    "DNSLookup": {
      "average": 0.00000881616,
      "fastest": 0.0000037,
      "slowest": 0.000082301
    }
  },
  "statusCodeDistribution": {
    "200": 531810
  },
  "errorDistribution": {}
}