{
  "summary": {
    "successRate": 1,
    "total": 10.00121946,
    "slowest": 0.009523454,
    "fastest": 0.000138,
    "average": 0.000892234409378951,
    "requestsPerSec": 55935.47889209103,
    "totalData": 7272499,
    "sizePerRequest": 13,
    "sizePerSec": 727161.2255971833
  },
  "responseTimeHistogram": {
    "0.000138": 1,
    "0.0010765454": 502770,
    "0.0020150908000000005": 48766,
    "0.002953636200000001": 6801,
    "0.003892181600000001": 625,
    "0.004830727000000001": 387,
    "0.005769272400000002": 38,
    "0.006707817800000002": 12,
    "0.007646363200000002": 6,
    "0.008584908600000002": 9,
    "0.009523454": 8
  },
  "latencyPercentiles": {
    "p10": 0.000757296,
    "p25": 0.000768997,
    "p50": 0.000782296,
    "p75": 0.000798396,
    "p90": 0.001113494,
    "p95": 0.001949791,
    "p99": 0.00203209
  },
  "rps": {
    "mean": 55916.09244333909,
    "stddev": 12570.96426611575,
    "max": 63502.84492745261,
    "percentiles": {
      "p10": 25405.807566773263,
      "p25": 60417.206820505446,
      "p50": 61577.267154826855,
      "p75": 62254.46020178552,
      "p90": 62595.44553535066,
      "p95": 62734.177579944226,
      "p99": 63009.12372111276
    }
  },
  "details": {
    "DNSDialup": {
      "average": 0.00170918382,
      "fastest": 0.000092299,
      "slowest": 0.002566188
    },
    "DNSLookup": {
      "average": 0.00000824592,
      "fastest": 0.000003099,
      "slowest": 0.000061499
    }
  },
  "statusCodeDistribution": {
    "200": 559423
  },
  "errorDistribution": {}
}