{
  "summary": {
    "successRate": 1,
    "total": 10.001437736,
    "slowest": 0.016786675,
    "fastest": 0.000075199,
    "average": 0.0008115821504600635,
    "requestsPerSec": 61514.45584523109,
    "totalData": 7998029,
    "sizePerRequest": 13,
    "sizePerSec": 799687.9259880042
  },
  "responseTimeHistogram": {
    "0.000075199": 1,
    "0.0017463466": 612207,
    "0.0034174942": 2211,
    "0.0050886418": 375,
    "0.0067597894": 128,
    "0.008430937": 101,
    "0.0101020846": 160,
    "0.011773232199999999": 39,
    "0.0134443798": 8,
    "0.0151155274": 1,
    "0.016786675": 2
  },
  "latencyPercentiles": {
    "p10": 0.000743399,
    "p25": 0.000754199,
    "p50": 0.000765599,
    "p75": 0.000781098,
    "p90": 0.000810399,
    "p95": 0.001006498,
    "p99": 0.001569498
  },
  "rps": {
    "mean": 61505.53467032098,
    "stddev": 3733.428388195159,
    "max": 64210.36355266939,
    "percentiles": {
      "p10": 61030.60074321173,
      "p25": 61756.90281024918,
      "p50": 62297.27095887962,
      "p75": 62652.72226578616,
      "p90": 62886.248489808764,
      "p95": 62999.00293309934,
      "p99": 63213.36330500366
    }
  },
  "details": {
    "DNSDialup": {
      "average": 0.0013506460399999999,
      "fastest": 0.000072899,
      "slowest": 0.002212296
    },
    "DNSLookup": {
      "average": 0.000007453980000000004,
      "fastest": 0.000003,
      "slowest": 0.000149899
    }
  },
  "statusCodeDistribution": {
    "200": 615233
  },
  "errorDistribution": {}
}