{
  "summary": {
    "successRate": 1,
    "total": 10.001438629,
    "slowest": 0.014171963,
    "fastest": 0.000147506,
    "average": 0.0008697712151049526,
    "requestsPerSec": 57390.24367311347,
    "totalData": 7461805,
    "sizePerRequest": 13,
    "sizePerSec": 746073.1677504751
  },
  "responseTimeHistogram": {
    "0.000147506": 1,
    "0.0015499516999999997": 548425,
    "0.0029523973999999995": 24784,
    "0.0043548431": 128,
    "0.0057572888": 118,
    "0.007159734499999999": 83,
    "0.0085621802": 139,
    "0.0099646259": 228,
    "0.011367071599999999": 35,
    "0.012769517299999998": 21,
    "0.014171962999999997": 23
  },
  "latencyPercentiles": {
    "p10": 0.000788732,
    "p25": 0.000800131,
    "p50": 0.000813833,
    "p75": 0.000831033,
    "p90": 0.000888536,
    "p95": 0.001227748,
    "p99": 0.001676167
  },
  "rps": {
    "mean": 57364.8046962971,
    "stddev": 2942.6403391218214,
    "max": 59705.39139683975,
    "percentiles": {
      "p10": 56446.2972530085,
      "p25": 57188.08108248349,
      "p50": 58034.070309228635,
      "p75": 58576.74725425402,
      "p90": 58834.141452289114,
      "p95": 58982.00267832056,
      "p99": 59251.56663844538
    }
  },
  "details": {
    "DNSDialup": {
      "average": 0.0016269849000000002,
      "fastest": 0.000102704,
      "slowest": 0.002719509
    },
    "DNSLookup": {
      "average": 0.000009486360000000002,
      "fastest": 0.000004,
      "slowest": 0.000046602
    }
  },
  "statusCodeDistribution": {
    "200": 573985
  },
  "errorDistribution": {}
}