{
  "summary": {
    "successRate": 1,
    "total": 10.001423979,
    "slowest": 0.016817346,
    "fastest": 0.000085001,
    "average": 0.0009105515672522511,
    "requestsPerSec": 54804.495954865466,
    "totalData": 7125599,
    "sizePerRequest": 13,
    "sizePerSec": 712458.447413251
  },
  "responseTimeHistogram": {
    "0.000085001": 1,
    "0.0017582354999999999": 519627,
    "0.00343147": 27271,
    "0.0051047045000000004": 629,
    "0.006777939": 66,
    "0.008451173499999999": 210,
    "0.010124408": 249,
    "0.011797642499999999": 39,
    "0.013470877": 27,
    "0.0151441115": 3,
    "0.016817346": 1
  },
  "latencyPercentiles": {
    "p10": 0.000767411,
    "p25": 0.000778211,
    "p50": 0.000792612,
    "p75": 0.000810912,
    "p90": 0.001169117,
    "p95": 0.001951228,
    "p99": 0.002188732
  },
  "rps": {
    "mean": 54785.79907318503,
    "stddev": 11376.88791776095,
    "max": 62600.957794657,
    "percentiles": {
      "p10": 32102.74157412985,
      "p25": 58361.0106004823,
      "p50": 59511.495637244676,
      "p75": 60025.534862528024,
      "p90": 60276.27359660943,
      "p95": 60413.90437530721,
      "p99": 60659.774141440124
    }
  },
  "details": {
    "DNSDialup": {
      "average": 0.00262300428,
      "fastest": 0.000087701,
      "slowest": 0.003959658
    },
    "DNSLookup": {
      "average": 0.00001158414,
      "fastest": 0.0000039,
      "slowest": 0.000071202
    }
  },
  "statusCodeDistribution": {
    "200": 548123
  },
  "errorDistribution": {}
}