{
  "summary": {
    "successRate": 1,
    "total": 10.001699137,
    "slowest": 0.016065195,
    "fastest": 0.000084502,
    "average": 0.0009264601693402927,
    "requestsPerSec": 53862.84796420987,
    "totalData": 7003360,
    "sizePerRequest": 13,
    "sizePerSec": 700217.0235347283
  },
  "responseTimeHistogram": {
    "0.000084502": 1,
    "0.0016825713": 508794,
    "0.0032806406000000002": 28597,
    "0.0048787099": 671,
    "0.0064767792": 107,
    "0.0080748485": 200,
    "0.0096729178": 257,
    "0.011270987100000001": 48,
    "0.0128690564": 33,
    "0.0144671257": 10,
    "0.016065195": 2
  },
  "latencyPercentiles": {
    "p10": 0.000778214,
    "p25": 0.000790214,
    "p50": 0.000805015,
    "p75": 0.000825315,
    "p90": 0.001161022,
    "p95": 0.001997437,
    "p99": 0.002230441
  },
  "rps": {
    "mean": 53837.69943023286,
    "stddev": 11150.439994708137,
    "max": 60801.64210511009,
    "percentiles": {
      "p10": 31437.775631197383,
      "p25": 57392.49374291386,
      "p50": 58354.947018112274,
      "p75": 59023.45345524552,
      "p90": 59344.009517458646,
      "p95": 59505.450699283116,
      "p99": 59814.94038945425
    }
  },
  "details": {
    "DNSDialup": {
      "average": 0.0014260382800000003,
      "fastest": 0.000213404,
      "slowest": 0.001719432
    },
    "DNSLookup": {
      "average": 0.00000954614,
      "fastest": 0.0000032,
      "slowest": 0.000063501
    }
  },
  "statusCodeDistribution": {
    "200": 538720
  },
  "errorDistribution": {}
}