{
  "summary": {
    "successRate": 1,
    "total": 10.002023506,
    "slowest": 0.019607639,
    "fastest": 0.000091501,
    "average": 0.0017321684477702754,
    "requestsPerSec": 28795.773158024007,
    "totalData": 3744208,
    "sizePerRequest": 13,
    "sizePerSec": 374345.0510543121
  },
  "responseTimeHistogram": {
    "0.000091501": 1,
    "0.0020431148": 236802,
    "0.0039947286": 39676,
    "0.0059463423999999996": 10248,
    "0.0078979562": 652,
    "0.00984957": 438,
    "0.0118011838": 138,
    "0.0137527976": 43,
    "0.0157044114": 9,
    "0.0176560252": 6,
    "0.019607639": 3
  },
  "latencyPercentiles": {
    "p10": 0.001146408,
    "p25": 0.001281609,
    "p50": 0.00144841,
    "p75": 0.001810513,
    "p90": 0.002623019,
    "p95": 0.003818727,
    "p99": 0.005059236
  },
  "rps": {
    "mean": 28767.97951056172,
    "stddev": 7992.3869772256685,
    "max": 42221.301800070294,
    "percentiles": {
      "p10": 12998.830105290519,
      "p25": 25155.417384499164,
      "p50": 32149.5920518174,
      "p75": 34270.35704300857,
      "p90": 36244.69333134999,
      "p95": 37608.788431112436,
      "p99": 39299.76068355251
    }
  },
  "details": {
    "DNSDialup": {
      "average": 0.00259930244,
      "fastest": 0.000225002,
      "slowest": 0.00420403
    },
    "DNSLookup": {
      "average": 0.0000149921,
      "fastest": 0.0000079,
      "slowest": 0.000064001
    }
  },
  "statusCodeDistribution": {
    "200": 288016
  },
  "errorDistribution": {}
}