{
  "summary": {
    "successRate": 1,
    "total": 10.00169081,
    "slowest": 0.0189432,
    "fastest": 0.0001006,
    "average": 0.0015157687946652238,
    "requestsPerSec": 32891.93859812989,
    "totalData": 4276675,
    "sizePerRequest": 13,
    "sizePerSec": 427595.20177568856
  },
  "responseTimeHistogram": {
    "0.0001006": 1,
    "0.00198486": 293152,
    "0.00386912": 24453,
    "0.00575338": 10068,
    "0.00763764": 737,
    "0.0095219": 329,
    "0.011406159999999999": 189,
    "0.013290419999999999": 31,
    "0.01517468": 11,
    "0.017058939999999998": 1,
    "0.0189432": 3
  },
  "latencyPercentiles": {
    "p10": 0.001195999,
    "p25": 0.001233399,
    "p50": 0.0012818,
    "p75": 0.0013866,
    "p90": 0.0022258,
    "p95": 0.003141299,
    "p99": 0.004172699
  },
  "rps": {
    "mean": 32865.31356039797,
    "stddev": 7994.034081239478,
    "max": 39084.825797428275,
    "percentiles": {
      "p10": 14950.407075339745,
      "p25": 34350.83924207818,
      "p50": 36321.80397892682,
      "p75": 37128.217445255876,
      "p90": 37716.16579063511,
      "p95": 38035.765029858245,
      "p99": 38639.42380410982
    }
  },
  "details": {
    "DNSDialup": {
      "average": 0.002066724,
      "fastest": 0.0001002,
      "slowest": 0.0034788
    },
    "DNSLookup": {
      "average": 0.000015618,
      "fastest": 0.0000066,
      "slowest": 0.0001289
    }
  },
  "statusCodeDistribution": {
    "200": 328975
  },
  "errorDistribution": {}
}