{
  "summary": {
    "successRate": 1,
    "total": 10.001621932,
    "slowest": 0.01720669,
    "fastest": 0.0000688,
    "average": 0.0008997170752001136,
    "requestsPerSec": 55494.899104730524,
    "totalData": 7215507,
    "sizePerRequest": 13,
    "sizePerSec": 721433.6883614968
  },
  "responseTimeHistogram": {
    "0.0000688": 1,
    "0.0017825889999999998": 543539,
    "0.0034963779999999996": 10792,
    "0.005210166999999999": 220,
    "0.006923955999999999": 117,
    "0.008637745": 164,
    "0.010351533999999999": 165,
    "0.012065323": 32,
    "0.013779112": 6,
    "0.015492901": 1,
    "0.01720669": 2
  },
  "latencyPercentiles": {
    "p10": 0.000794209,
    "p25": 0.00080551,
    "p50": 0.000817009,
    "p75": 0.00083561,
    "p90": 0.00092801,
    "p95": 0.001609317,
    "p99": 0.002650629
  },
  "rps": {
    "mean": 55493.00019960067,
    "stddev": 8601.981216625149,
    "max": 59204.67716949552,
    "percentiles": {
      "p10": 54516.84570532341,
      "p25": 57369.9339494861,
      "p50": 57882.134749209865,
      "p75": 58258.19994173601,
      "p90": 58561.43094105696,
      "p95": 58706.98613135014,
      "p99": 58907.00993417745
    }
  },
  "details": {
    "DNSDialup": {
      "average": 0.0015964610600000002,
      "fastest": 0.000089802,
      "slowest": 0.002712632
    },
    "DNSLookup": {
      "average": 0.00000668804,
      "fastest": 0.0000038,
      "slowest": 0.0000398
    }
  },
  "statusCodeDistribution": {
    "200": 555039
  },
  "errorDistribution": {}
}