{
  "summary": {
    "successRate": 1,
    "total": 10.001659936,
    "slowest": 0.015389703,
    "fastest": 0.000241901,
    "average": 0.0015282220166037426,
    "requestsPerSec": 32661.978320635437,
    "totalData": 4246762,
    "sizePerRequest": 13,
    "sizePerSec": 424605.7181682607
  },
  "responseTimeHistogram": {
    "0.000241901": 1,
    "0.0017566812": 288699,
    "0.0032714614": 21641,
    "0.0047862416": 15205,
    "0.0063010218": 663,
    "0.007815801999999998": 260,
    "0.0093305822": 81,
    "0.0108453624": 87,
    "0.012360142599999999": 27,
    "0.013874922799999998": 8,
    "0.015389702999999998": 2
  },
  "latencyPercentiles": {
    "p10": 0.001201308,
    "p25": 0.001252408,
    "p50": 0.001323708,
    "p75": 0.001434509,
    "p90": 0.002017214,
    "p95": 0.003271422,
    "p99": 0.004093128
  },
  "rps": {
    "mean": 32650.07193969065,
    "stddev": 7535.0776583455545,
    "max": 40237.95646433278,
    "percentiles": {
      "p10": 17346.893858167652,
      "p25": 33523.241663445566,
      "p50": 35727.98573122308,
      "p75": 36905.28852784517,
      "p90": 37631.73484199505,
      "p95": 38083.528603287145,
      "p99": 38909.8558664917
    }
  },
  "details": {
    "DNSDialup": {
      "average": 0.00203706172,
      "fastest": 0.000108001,
      "slowest": 0.003385823
    },
    "DNSLookup": {
      "average": 0.00000951806,
      "fastest": 0.0000054,
      "slowest": 0.000047901
    }
  },
  "statusCodeDistribution": {
    "200": 326674
  },
  "errorDistribution": {}
}