{
  "summary": {
    "successRate": 1,
    "total": 10.001718982,
    "slowest": 0.018747655,
    "fastest": 0.000184301,
    "average": 0.0015014935314599683,
    "requestsPerSec": 33222.18916548239,
    "totalData": 4319627,
    "sizePerRequest": 13,
    "sizePerSec": 431888.45915127115
  },
  "responseTimeHistogram": {
    "0.000184301": 1,
    "0.0020406363999999995": 297192,
    "0.0038969717999999993": 30956,
    "0.005753307199999998": 2591,
    "0.007609642599999999": 1094,
    "0.009465977999999998": 316,
    "0.011322313399999997": 93,
    "0.013178648799999998": 22,
    "0.015034984199999997": 8,
    "0.0168913196": 3,
    "0.018747655": 3
  },
  "latencyPercentiles": {
    "p10": 0.001199209,
    "p25": 0.00124831,
    "p50": 0.001305211,
    "p75": 0.001460912,
    "p90": 0.002103517,
    "p95": 0.002625422,
    "p99": 0.004202434
  },
  "rps": {
    "mean": 33177.36086036702,
    "stddev": 5029.190044482512,
    "max": 40378.80731824443,
    "percentiles": {
      "p10": 26401.10620634834,
      "p25": 32027.277632358517,
      "p50": 34940.947296136386,
      "p75": 36228.59123156287,
      "p90": 36958.09072700631,
      "p95": 37386.24297444289,
      "p99": 38131.33633219715
    }
  },
  "details": {
    "DNSDialup": {
      "average": 0.002419111599999999,
      "fastest": 0.000292503,
      "slowest": 0.002758223
    },
    "DNSLookup": {
      "average": 0.000015100159999999997,
      "fastest": 0.000005701,
      "slowest": 0.000118201
    }
  },
  "statusCodeDistribution": {
    "200": 332279
  },
  "errorDistribution": {}
}