{
  "summary": {
    "successRate": 1,
    "total": 10.001650179,
    "slowest": 0.016958016,
    "fastest": 0.000200319,
    "average": 0.0010654517750238242,
    "requestsPerSec": 46829.67226582501,
    "totalData": 6088862,
    "sizePerRequest": 13,
    "sizePerSec": 608785.7394557251
  },
  "responseTimeHistogram": {
    "0.000200319": 1,
    "0.0018760887": 439530,
    "0.0035518584": 27671,
    "0.0052276281": 431,
    "0.0069033978": 203,
    "0.008579167499999998": 162,
    "0.0102549372": 260,
    "0.011930706899999999": 53,
    "0.013606476599999999": 59,
    "0.015282246299999998": 2,
    "0.016958016": 2
  },
  "latencyPercentiles": {
    "p10": 0.000873684,
    "p25": 0.000906687,
    "p50": 0.000928688,
    "p75": 0.000955091,
    "p90": 0.001379131,
    "p95": 0.0020998,
    "p99": 0.002720459
  },
  "rps": {
    "mean": 46794.53336958245,
    "stddev": 10176.01642614586,
    "max": 56427.355982184505,
    "percentiles": {
      "p10": 23829.278602272974,
      "p25": 49237.61914551166,
      "p50": 50709.27341328138,
      "p75": 51415.666353538334,
      "p90": 52559.11849648519,
      "p95": 53376.05019631756,
      "p99": 55148.79565439499
    }
  },
  "details": {
    "DNSDialup": {
      "average": 0.00166766896,
      "fastest": 0.000143414,
      "slowest": 0.002702357
    },
    "DNSLookup": {
      "average": 0.00000978898,
      "fastest": 0.0000037,
      "slowest": 0.000077408
    }
  },
  "statusCodeDistribution": {
    "200": 468374
  },
  "errorDistribution": {}
}