{
  "summary": {
    "successRate": 1,
    "total": 10.001170862,
    "slowest": 0.012044678,
    "fastest": 0.000118699,
    "average": 0.000977344715464548,
    "requestsPerSec": 51061.121447321995,
    "totalData": 6638723,
    "sizePerRequest": 13,
    "sizePerSec": 663794.5788151859
  },
  "responseTimeHistogram": {
    "0.000118699": 1,
    "0.0013112968999999999": 425344,
    "0.0025038948": 83879,
    "0.0036964927": 613,
    "0.0048890906": 814,
    "0.0060816885": 13,
    "0.0072742864": 5,
    "0.0084668843": 1,
    "0.0096594822": 0,
    "0.0108520801": 0,
    "0.012044678": 1
  },
  "latencyPercentiles": {
    "p10": 0.000763699,
    "p25": 0.000773598,
    "p50": 0.000781999,
    "p75": 0.000798198,
    "p90": 0.001938597,
    "p95": 0.001971696,
    "p99": 0.002243296
  },
  "rps": {
    "mean": 51044.39112017163,
    "stddev": 16396.236006322106,
    "max": 63817.345554524225,
    "percentiles": {
      "p10": 25241.94706763774,
      "p25": 26368.5979074562,
      "p50": 62000.117800223874,
      "p75": 62557.67191774129,
      "p90": 62800.74732889224,
      "p95": 62908.29131279515,
      "p99": 63065.70184818967
    }
  },
  "details": {
    "DNSDialup": {
      "average": 0.00130600192,
      "fastest": 0.0001119,
      "slowest": 0.002190397
    },
    "DNSLookup": {
      "average": 0.000008441959999999997,
      "fastest": 0.000003,
      "slowest": 0.000055999
    }
  },
  "statusCodeDistribution": {
    "200": 510671
  },
  "errorDistribution": {}
}