{
  "summary": {
    "successRate": 1,
    "total": 10.00112824,
    "slowest": 0.016042152,
    "fastest": 0.000073301,
    "average": 0.0009834751812290577,
    "requestsPerSec": 50731.17630576448,
    "totalData": 6595797,
    "sizePerRequest": 13,
    "sizePerSec": 659505.2919749382
  },
  "responseTimeHistogram": {
    "0.000073301": 1,
    "0.0016701861": 459864,
    "0.0032670712": 46123,
    "0.0048639563": 834,
    "0.006460841399999999": 76,
    "0.0080577265": 153,
    "0.0096546116": 225,
    "0.011251496699999999": 38,
    "0.0128483818": 41,
    "0.0144452669": 12,
    "0.016042152": 2
  },
  "latencyPercentiles": {
    "p10": 0.000778607,
    "p25": 0.000791708,
    "p50": 0.000808907,
    "p75": 0.000835708,
    "p90": 0.001631016,
    "p95": 0.00219252,
    "p99": 0.002297722
  },
  "rps": {
    "mean": 50695.33963225673,
    "stddev": 13792.33242898499,
    "max": 61328.855226386986,
    "percentiles": {
      "p10": 22531.106445559482,
      "p25": 52540.84097832377,
      "p50": 57840.0017241791,
      "p75": 58861.834356991276,
      "p90": 59194.15422170505,
      "p95": 59332.068983284174,
      "p99": 59603.14921002245
    }
  },
  "details": {
    "DNSDialup": {
      "average": 0.00152773656,
      "fastest": 0.000079301,
      "slowest": 0.002622925
    },
    "DNSLookup": {
      "average": 0.00000971612,
      "fastest": 0.0000039,
      "slowest": 0.000066301
    }
  },
  "statusCodeDistribution": {
    "200": 507369
  },
  "errorDistribution": {}
}