{
  "summary": {
    "successRate": 1,
    "total": 10.001157701,
    "slowest": 0.016079584,
    "fastest": 0.000081428,
    "average": 0.0009854489027500133,
    "requestsPerSec": 50633.73812707365,
    "totalData": 6583148,
    "sizePerRequest": 13,
    "sizePerSec": 658238.5956519574
  },
  "responseTimeHistogram": {
    "0.000081428": 1,
    "0.0016812435999999998": 464982,
    "0.0032810592": 40018,
    "0.004880874799999999": 746,
    "0.006480690399999999": 151,
    "0.008080506": 150,
    "0.009680321599999998": 253,
    "0.011280137199999998": 45,
    "0.012879952799999999": 43,
    "0.014479768399999999": 6,
    "0.016079584": 1
  },
  "latencyPercentiles": {
    "p10": 0.000793215,
    "p25": 0.00080712,
    "p50": 0.000824615,
    "p75": 0.000850516,
    "p90": 0.001626031,
    "p95": 0.002246554,
    "p99": 0.002424246
  },
  "rps": {
    "mean": 50621.91876873954,
    "stddev": 12874.537099815807,
    "max": 59726.2974887865,
    "percentiles": {
      "p10": 21958.6031200075,
      "p25": 54381.60503651615,
      "p50": 56730.69698013754,
      "p75": 57710.16853169597,
      "p90": 58136.06761634757,
      "p95": 58327.472239424824,
      "p99": 58732.66123291182
    }
  },
  "details": {
    "DNSDialup": {
      "average": 0.0016365150399999997,
      "fastest": 0.000102803,
      "slowest": 0.002740965
    },
    "DNSLookup": {
      "average": 0.000008654179999999998,
      "fastest": 0.0000039,
      "slowest": 0.000038501
    }
  },
  "statusCodeDistribution": {
    "200": 506396
  },
  "errorDistribution": {}
}