{
  "summary": {
    "successRate": 1,
    "total": 10.001596521,
    "slowest": 0.008721301,
    "fastest": 0.0001727,
    "average": 0.0008821209191619676,
    "requestsPerSec": 56580.66677772954,
    "totalData": 7356661,
    "sizePerRequest": 13,
    "sizePerSec": 735548.668110484
  },
  "responseTimeHistogram": {
    "0.0001727": 1,
    "0.0010275601": 511917,
    "0.0018824202000000002": 20100,
    "0.0027372803": 33230,
    "0.0035921404000000003": 254,
    "0.0044470005": 336,
    "0.0053018606": 2,
    "0.0061567207": 21,
    "0.0070115808": 28,
    "0.0078664409": 4,
    "0.008721301": 4
  },
  "latencyPercentiles": {
    "p10": 0.0007641,
    "p25": 0.0007734,
    "p50": 0.000782099,
    "p75": 0.0007942,
    "p90": 0.0009697,
    "p95": 0.0019125,
    "p99": 0.0019866
  },
  "rps": {
    "mean": 56566.33874029844,
    "stddev": 12123.814634196277,
    "max": 63492.70569959441,
    "percentiles": {
      "p10": 27637.0336250577,
      "p25": 61322.082081756,
      "p50": 61907.435082954136,
      "p75": 62276.60021826889,
      "p90": 62614.59096291909,
      "p95": 62761.51255845729,
      "p99": 62983.76841198925
    }
  },
  "details": {
    "DNSDialup": {
      "average": 0.0013291859999999998,
      "fastest": 0.0000685,
      "slowest": 0.0021829
    },
    "DNSLookup": {
      "average": 0.000008836,
      "fastest": 0.0000031,
      "slowest": 0.0001707
    }
  },
  "statusCodeDistribution": {
    "200": 565897
  },
  "errorDistribution": {}
}