{
  "summary": {
    "successRate": 1,
    "total": 10.001186526,
    "slowest": 0.017023547,
    "fastest": 0.000094001,
    "average": 0.0009117853091135517,
    "requestsPerSec": 54739.40502727107,
    "totalData": 7116967,
    "sizePerRequest": 13,
    "sizePerSec": 711612.2653545238
  },
  "responseTimeHistogram": {
    "0.000094001": 1,
    "0.0017869556": 520118,
    "0.0034799101999999998": 26335,
    "0.0051728647999999995": 442,
    "0.0068658194": 65,
    "0.008558774": 182,
    "0.0102517286": 223,
    "0.0119446832": 39,
    "0.0136376378": 48,
    "0.015330592399999999": 4,
    "0.017023547": 2
  },
  "latencyPercentiles": {
    "p10": 0.000773007,
    "p25": 0.000782907,
    "p50": 0.000796506,
    "p75": 0.000813707,
    "p90": 0.00112761,
    "p95": 0.001782415,
    "p99": 0.002182818
  },
  "rps": {
    "mean": 54724.921286569086,
    "stddev": 11093.074341494379,
    "max": 60862.15852249717,
    "percentiles": {
      "p10": 32017.660941775757,
      "p25": 58416.45007234074,
      "p50": 59271.22029831371,
      "p75": 59765.838047192585,
      "p90": 60005.70605177975,
      "p95": 60123.54437997944,
      "p99": 60317.58860883773
    }
  },
  "details": {
    "DNSDialup": {
      "average": 0.0016394278600000004,
      "fastest": 0.000086301,
      "slowest": 0.002770524
    },
    "DNSLookup": {
      "average": 0.000009754180000000001,
      "fastest": 0.0000037,
      "slowest": 0.000193302
    }
  },
  "statusCodeDistribution": {
    "200": 547459
  },
  "errorDistribution": {}
}