{
  "summary": {
    "successRate": 1,
    "total": 10.001369052,
    "slowest": 0.010890572,
    "fastest": 0.000162698,
    "average": 0.0008710682804210265,
    "requestsPerSec": 57302.05505069288,
    "totalData": 7450287,
    "sizePerRequest": 13,
    "sizePerSec": 744926.7156590074
  },
  "responseTimeHistogram": {
    "0.000162698": 1,
    "0.0012354854": 527127,
    "0.0023082728000000004": 43604,
    "0.0033810602000000005": 1657,
    "0.0044538476000000006": 580,
    "0.005526635000000001": 116,
    "0.006599422400000001": 6,
    "0.0076722098": 5,
    "0.0087449972": 2,
    "0.0098177846": 0,
    "0.010890572000000001": 1
  },
  "latencyPercentiles": {
    "p10": 0.000759091,
    "p25": 0.000768591,
    "p50": 0.000779191,
    "p75": 0.00079249,
    "p90": 0.00088839,
    "p95": 0.001888878,
    "p99": 0.002008776
  },
  "rps": {
    "mean": 57278.385920961824,
    "stddev": 11664.40768612632,
    "max": 64283.67806373482,
    "percentiles": {
      "p10": 32683.067283808527,
      "p25": 61514.20362961447,
      "p50": 62108.79460531694,
      "p75": 62466.31423919466,
      "p90": 62800.100480164845,
      "p95": 62964.96095020867,
      "p99": 63168.96155533059
    }
  },
  "details": {
    "DNSDialup": {
      "average": 0.00133184254,
      "fastest": 0.000104899,
      "slowest": 0.002181175
    },
    "DNSLookup": {
      "average": 0.000009845900000000002,
      "fastest": 0.000003,
      "slowest": 0.000196198
    }
  },
  "statusCodeDistribution": {
    "200": 573099
  },
  "errorDistribution": {}
}