{
  "summary": {
    "successRate": 1,
    "total": 10.001510141,
    "slowest": 0.011926038,
    "fastest": 0.000077999,
    "average": 0.0008760050484188201,
    "requestsPerSec": 56971.29653092854,
    "totalData": 7407387,
    "sizePerRequest": 13,
    "sizePerSec": 740626.8549020711
  },
  "responseTimeHistogram": {
    "0.000077999": 1,
    "0.0012628029": 518438,
    "0.0024476068": 49893,
    "0.0036324107000000002": 1098,
    "0.0048172145999999996": 343,
    "0.006002018499999999": 17,
    "0.0071868224": 2,
    "0.0083716263": 5,
    "0.0095564302": 0,
    "0.0107412341": 0,
    "0.011926038": 2
  },
  "latencyPercentiles": {
    "p10": 0.000751596,
    "p25": 0.000763897,
    "p50": 0.000775198,
    "p75": 0.000789397,
    "p90": 0.000983796,
    "p95": 0.001918493,
    "p99": 0.002008993
  },
  "rps": {
    "mean": 56961.67749169967,
    "stddev": 12236.218898766921,
    "max": 64401.53275648196,
    "percentiles": {
      "p10": 27816.278085936872,
      "p25": 61785.498773204294,
      "p50": 62421.54791834318,
      "p75": 62725.95600059151,
      "p90": 63033.64736095856,
      "p95": 63178.03118631725,
      "p99": 63430.04681317273
    }
  },
  "details": {
    "DNSDialup": {
      "average": 0.0012628435000000002,
      "fastest": 0.000073499,
      "slowest": 0.002166889
    },
    "DNSLookup": {
      "average": 0.000008643940000000001,
      "fastest": 0.000003,
      "slowest": 0.000056799
    }
  },
  "statusCodeDistribution": {
    "200": 569799
  },
  "errorDistribution": {}
}