{
  "summary": {
    "successRate": 1,
    "total": 10.001162201,
    "slowest": 0.017206175,
    "fastest": 0.0000528,
    "average": 0.0009578024950183988,
    "requestsPerSec": 52105.54428843225,
    "totalData": 6774508,
    "sizePerRequest": 13,
    "sizePerSec": 677372.0757496192
  },
  "responseTimeHistogram": {
    "0.0000528": 1,
    "0.0017681375": 483622,
    "0.003483475": 36228,
    "0.0051988125": 826,
    "0.006914150000000001": 92,
    "0.008629487500000001": 169,
    "0.010344825": 144,
    "0.0120601625": 25,
    "0.013775500000000001": 5,
    "0.015490837500000002": 2,
    "0.017206175": 2
  },
  "latencyPercentiles": {
    "p10": 0.000786207,
    "p25": 0.000797408,
    "p50": 0.000811408,
    "p75": 0.000835408,
    "p90": 0.001596416,
    "p95": 0.002162622,
    "p99": 0.002260222
  },
  "rps": {
    "mean": 52095.76029274501,
    "stddev": 12647.021305842201,
    "max": 60639.421688038616,
    "percentiles": {
      "p10": 22817.343462766716,
      "p25": 56853.436545007775,
      "p50": 58215.72406706978,
      "p75": 58616.9930662915,
      "p90": 58977.266116337414,
      "p95": 59113.010773670125,
      "p99": 59412.464735099755
    }
  },
  "details": {
    "DNSDialup": {
      "average": 0.0016757166000000003,
      "fastest": 0.000270903,
      "slowest": 0.00202422
    },
    "DNSLookup": {
      "average": 0.000009866139999999996,
      "fastest": 0.0000038,
      "slowest": 0.000066301
    }
  },
  "statusCodeDistribution": {
    "200": 521116
  },
  "errorDistribution": {}
}