{
  "summary": {
    "successRate": 1,
    "total": 10.001383273,
    "slowest": 0.008478387,
    "fastest": 0.000194799,
    "average": 0.0008619827407841459,
    "requestsPerSec": 57911.28928771331,
    "totalData": 7529509,
    "sizePerRequest": 13,
    "sizePerSec": 752846.760740273
  },
  "responseTimeHistogram": {
    "0.000194799": 1,
    "0.0010231578": 541497,
    "0.0018515166": 18300,
    "0.0026798754": 18842,
    "0.0035082342": 133,
    "0.004336593": 281,
    "0.0051649518": 48,
    "0.0059933106": 37,
    "0.0068216694": 49,
    "0.0076500282": 3,
    "0.008478387": 2
  },
  "latencyPercentiles": {
    "p10": 0.000775299,
    "p25": 0.000784399,
    "p50": 0.000793599,
    "p75": 0.000805399,
    "p90": 0.000878898,
    "p95": 0.001575597,
    "p99": 0.002026097
  },
  "rps": {
    "mean": 57901.9604068848,
    "stddev": 9365.548810338705,
    "max": 63239.93601959513,
    "percentiles": {
      "p10": 47345.0488139465,
      "p25": 60300.18876363104,
      "p50": 61027.639307615274,
      "p75": 61577.6802436269,
      "p90": 61906.28348777288,
      "p95": 62108.79460531694,
      "p99": 62370.578546680146
    }
  },
  "details": {
    "DNSDialup": {
      "average": 0.00135476192,
      "fastest": 0.0000718,
      "slowest": 0.002271697
    },
    "DNSLookup": {
      "average": 0.000007886,
      "fastest": 0.0000033,
      "slowest": 0.0001157
    }
  },
  "statusCodeDistribution": {
    "200": 579193
  },
  "errorDistribution": {}
}