{
  "summary": {
    "successRate": 1,
    "total": 10.002421002,
    "slowest": 0.014453241,
    "fastest": 0.000432904,
    "average": 0.0026080601132419186,
    "requestsPerSec": 19148.164225611345,
    "totalData": 2489864,
    "sizePerRequest": 13,
    "sizePerSec": 248926.1349329475
  },
  "responseTimeHistogram": {
    "0.000432904": 1,
    "0.0018349377": 553,
    "0.0032369714": 169888,
    "0.0046390050999999995": 8508,
    "0.006041038800000001": 10387,
    "0.0074430725": 1165,
    "0.0088451062": 121,
    "0.0102471399": 572,
    "0.0116491736": 270,
    "0.0130512073": 52,
    "0.014453241": 11
  },
  "latencyPercentiles": {
    "p10": 0.002262122,
    "p25": 0.002283322,
    "p50": 0.002309722,
    "p75": 0.002348123,
    "p90": 0.003744137,
    "p95": 0.004782546,
    "p99": 0.006278861
  },
  "rps": {
    "mean": 19212.451145033134,
    "stddev": 4238.816363272564,
    "max": 24127.868931566914,
    "percentiles": {
      "p10": 14790.325768428424,
      "p25": 15967.86630814051,
      "p50": 21489.917467970285,
      "p75": 21830.512485469848,
      "p90": 22346.263469262154,
      "p95": 22935.097579826055,
      "p99": 23329.168459326742
    }
  },
  "details": {
    "DNSDialup": {
      "average": 0.00142369186,
      "fastest": 0.000061301,
      "slowest": 0.002893728
    },
    "DNSLookup": {
      "average": 0.00000487604,
      "fastest": 0.0000033,
      "slowest": 0.0000384
    }
  },
  "statusCodeDistribution": {
    "200": 191528
  },
  "errorDistribution": {}
}