{
  "summary": {
    "successRate": 1,
    "total": 10.001842773,
    "slowest": 0.018500863,
    "fastest": 0.000443404,
    "average": 0.0025155029597256073,
    "requestsPerSec": 19852.64160880646,
    "totalData": 2581319,
    "sizePerRequest": 13,
    "sizePerSec": 258084.340914484
  },
  "responseTimeHistogram": {
    "0.000443404": 1,
    "0.0022491498999999996": 58176,
    "0.0040548958": 124547,
    "0.005860641699999999": 12973,
    "0.007666387599999999": 1824,
    "0.009472133499999999": 427,
    "0.011277879399999998": 552,
    "0.013083625299999999": 13,
    "0.014889371199999998": 7,
    "0.0166951171": 21,
    "0.018500863": 22
  },
  "latencyPercentiles": {
    "p10": 0.002214819,
    "p25": 0.00224342,
    "p50": 0.00227332,
    "p75": 0.00230962,
    "p90": 0.002925025,
    "p95": 0.004327838,
    "p99": 0.006387157
  },
  "rps": {
    "mean": 19916.187188705248,
    "stddev": 4162.315590954947,
    "max": 25927.381259162525,
    "percentiles": {
      "p10": 15317.040570407387,
      "p25": 18123.400935287784,
      "p50": 21768.09481126697,
      "p75": 22452.362571649675,
      "p90": 23315.416153160877,
      "p95": 23800.910626874494,
      "p99": 24350.678632369756
    }
  },
  "details": {
    "DNSDialup": {
      "average": 0.0015796139399999998,
      "fastest": 0.0000712,
      "slowest": 0.003195828
    },
    "DNSLookup": {
      "average": 0.00000531808,
      "fastest": 0.0000037,
      "slowest": 0.000038401
    }
  },
  "statusCodeDistribution": {
    "200": 198563
  },
  "errorDistribution": {}
}