{
  "summary": {
    "successRate": 1,
    "total": 10.005880163,
    "slowest": 0.020720982,
    "fastest": 0.000585506,
    "average": 0.0045273193624233545,
    "requestsPerSec": 11024.817227765552,
    "totalData": 1434069,
    "sizePerRequest": 13,
    "sizePerSec": 143322.6239609522
  },
  "responseTimeHistogram": {
    "0.000585506": 1,
    "0.0025990536": 815,
    "0.0046126012": 86697,
    "0.006626148799999999": 13080,
    "0.008639696399999999": 6639,
    "0.010653244": 2011,
    "0.012666791599999998": 565,
    "0.014680339199999998": 230,
    "0.0166938868": 185,
    "0.018707434399999997": 51,
    "0.020720982": 39
  },
  "latencyPercentiles": {
    "p10": 0.003693632,
    "p25": 0.003854434,
    "p50": 0.004065536,
    "p75": 0.004426639,
    "p90": 0.006362356,
    "p95": 0.007451271,
    "p99": 0.010569993
  },
  "rps": {
    "mean": 11073.210920861213,
    "stddev": 2593.3383604351056,
    "max": 18738.42101188367,
    "percentiles": {
      "p10": 7568.749269066423,
      "p25": 10077.887821299866,
      "p50": 11525.682216655961,
      "p75": 12841.762004367109,
      "p90": 13795.909470393484,
      "p95": 14174.059276830707,
      "p99": 14914.530767555802
    }
  },
  "details": {
    "DNSDialup": {
      "average": 0.0022434794399999987,
      "fastest": 0.000092301,
      "slowest": 0.004406642
    },
    "DNSLookup": {
      "average": 0.0000079761,
      "fastest": 0.0000054,
      "slowest": 0.000041601
    }
  },
  "statusCodeDistribution": {
    "200": 110313
  },
  "errorDistribution": {}
}