{
  "summary": {
    "successRate": 1,
    "total": 10.00230391,
    "slowest": 0.014506181,
    "fastest": 0.000710209,
    "average": 0.0024934366398288717,
    "requestsPerSec": 20028.085709305346,
    "totalData": 2604251,
    "sizePerRequest": 13,
    "sizePerSec": 260365.11422096952
  },
  "responseTimeHistogram": {
    "0.000710209": 1,
    "0.0020898062": 3002,
    "0.0034694034": 181006,
    "0.0048490006": 12835,
    "0.0062285978": 1645,
    "0.007608195": 934,
    "0.0089877922": 173,
    "0.0103673894": 676,
    "0.0117469866": 20,
    "0.013126583800000001": 23,
    "0.014506181": 12
  },
  "latencyPercentiles": {
    "p10": 0.002221927,
    "p25": 0.002251227,
    "p50": 0.002282428,
    "p75": 0.002320628,
    "p90": 0.002634432,
    "p95": 0.004301353,
    "p99": 0.006119376
  },
  "rps": {
    "mean": 20065.414246915992,
    "stddev": 3785.1918034763244,
    "max": 28092.038982286656,
    "percentiles": {
      "p10": 15352.93384531203,
      "p25": 19014.787800472386,
      "p50": 21625.56565721807,
      "p75": 22314.229784334075,
      "p90": 23053.123129472428,
      "p95": 23729.609807116598,
      "p99": 24605.997716965743
    }
  },
  "details": {
    "DNSDialup": {
      "average": 0.0015919898599999999,
      "fastest": 0.000068501,
      "slowest": 0.003414043
    },
    "DNSLookup": {
      "average": 0.00000511602,
      "fastest": 0.0000037,
      "slowest": 0.000040701
    }
  },
  "statusCodeDistribution": {
    "200": 200327
  },
  "errorDistribution": {}
}