{
  "summary": {
    "successRate": 1,
    "total": 10.002214219,
    "slowest": 0.014955231,
    "fastest": 0.000271126,
    "average": 0.0029038431258190255,
    "requestsPerSec": 17196.292364271747,
    "totalData": 2236013,
    "sizePerRequest": 13,
    "sizePerSec": 223551.8007355327
  },
  "responseTimeHistogram": {
    "0.000271126": 1,
    "0.0017395365": 622,
    "0.003207947": 150894,
    "0.0046763575000000005": 7452,
    "0.006144768": 11566,
    "0.0076131785": 579,
    "0.009081589000000001": 101,
    "0.0105499995": 129,
    "0.01201841": 568,
    "0.0134868205": 28,
    "0.014955231": 61
  },
  "latencyPercentiles": {
    "p10": 0.002470936,
    "p25": 0.002579846,
    "p50": 0.002657053,
    "p75": 0.002717359,
    "p90": 0.003714056,
    "p95": 0.005182695,
    "p99": 0.005828856
  },
  "rps": {
    "mean": 17288.309076154703,
    "stddev": 3650.159387420347,
    "max": 32439.346146358137,
    "percentiles": {
      "p10": 12511.444218026618,
      "p25": 15474.901573414309,
      "p50": 18125.09782295414,
      "p75": 19682.301412140394,
      "p90": 20763.98037717348,
      "p95": 21171.73355437408,
      "p99": 21978.429936124066
    }
  },
  "details": {
    "DNSDialup": {
      "average": 0.0016665056199999999,
      "fastest": 0.000067606,
      "slowest": 0.003572342
    },
    "DNSLookup": {
      "average": 0.0000054986,
      "fastest": 0.000004,
      "slowest": 0.000039704
    }
  },
  "statusCodeDistribution": {
    "200": 172001
  },
  "errorDistribution": {}
}