{
  "summary": {
    "successRate": 1,
    "total": 10.001471092,
    "slowest": 0.01297133,
    "fastest": 0.000157599,
    "average": 0.0022247524627561975,
    "requestsPerSec": 22447.397781270316,
    "totalData": 2918591,
    "sizePerRequest": 13,
    "sizePerSec": 291816.17115651414
  },
  "responseTimeHistogram": {
    "0.000157599": 1,
    "0.0014389721": 997,
    "0.0027203452": 201999,
    "0.004001718299999999": 18210,
    "0.0052830913999999994": 2064,
    "0.0065644645": 252,
    "0.007845837599999999": 131,
    "0.009127210699999999": 732,
    "0.0104085838": 24,
    "0.0116899569": 66,
    "0.01297133": 31
  },
  "latencyPercentiles": {
    "p10": 0.002001889,
    "p25": 0.002023289,
    "p50": 0.002045188,
    "p75": 0.002071388,
    "p90": 0.002645086,
    "p95": 0.003767577,
    "p99": 0.004183977
  },
  "rps": {
    "mean": 22474.780186587956,
    "stddev": 3588.841828271156,
    "max": 27207.357512006958,
    "percentiles": {
      "p10": 19624.64659365733,
      "p25": 20324.91631491091,
      "p50": 23844.720773812147,
      "p75": 24348.8315817372,
      "p90": 25869.51570395101,
      "p95": 26424.11288381067,
      "p99": 26909.326552915783
    }
  },
  "details": {
    "DNSDialup": {
      "average": 0.0007263980399999999,
      "fastest": 0.000037,
      "slowest": 0.001086694
    },
    "DNSLookup": {
      "average": 0.00000448998,
      "fastest": 0.0000029,
      "slowest": 0.0000347
    }
  },
  "statusCodeDistribution": {
    "200": 224507
  },
  "errorDistribution": {}
}