{
  "summary": {
    "successRate": 1,
    "total": 10.001632281,
    "slowest": 0.021867606,
    "fastest": 0.0004382,
    "average": 0.0041719376319469806,
    "requestsPerSec": 11967.24660907377,
    "totalData": 1555996,
    "sizePerRequest": 13,
    "sizePerSec": 155574.205917959
  },
  "responseTimeHistogram": {
    "0.0004382": 1,
    "0.0025811406": 2330,
    "0.0047240812": 98583,
    "0.0068670217999999995": 13758,
    "0.0090099624": 2848,
    "0.011152903": 1235,
    "0.0132958436": 630,
    "0.0154387842": 146,
    "0.0175817248": 56,
    "0.0197246654": 85,
    "0.021867606": 20
  },
  "latencyPercentiles": {
    "p10": 0.003518501,
    "p25": 0.003609201,
    "p50": 0.003728701,
    "p75": 0.003997301,
    "p90": 0.005901802,
    "p95": 0.006578602,
    "p99": 0.010486903
  },
  "rps": {
    "mean": 12029.709258949837,
    "stddev": 2709.194376479356,
    "max": 23485.864534245422,
    "percentiles": {
      "p10": 9143.887918844088,
      "p25": 11001.426885067056,
      "p50": 12665.985987197457,
      "p75": 13625.066033982635,
      "p90": 14689.71465282109,
      "p95": 15013.550539445205,
      "p99": 15467.269466861042
    }
  },
  "details": {
    "DNSDialup": {
      "average": 0.0012235862,
      "fastest": 0.0000738,
      "slowest": 0.001774501
    },
    "DNSLookup": {
      "average": 0.000007698019999999998,
      "fastest": 0.0000059,
      "slowest": 0.0000356
    }
  },
  "statusCodeDistribution": {
    "200": 119692
  },
  "errorDistribution": {}
}