{
  "summary": {
    "successRate": 1,
    "total": 10.002117761,
    "slowest": 0.020054196,
    "fastest": 0.000626106,
    "average": 0.0025485830808736204,
    "requestsPerSec": 19591.850914221606,
    "totalData": 2547480,
    "sizePerRequest": 13,
    "sizePerSec": 254694.06188488088
  },
  "responseTimeHistogram": {
    "0.000626106": 1,
    "0.0025689149999999997": 173827,
    "0.004511724": 9964,
    "0.006454532999999998": 10311,
    "0.008397341999999999": 969,
    "0.010340150999999999": 237,
    "0.012282959999999997": 638,
    "0.014225768999999997": 2,
    "0.016168578": 1,
    "0.018111387": 0,
    "0.020054196": 10
  },
  "latencyPercentiles": {
    "p10": 0.002251422,
    "p25": 0.002271122,
    "p50": 0.002295623,
    "p75": 0.002332622,
    "p90": 0.002793727,
    "p95": 0.004787347,
    "p99": 0.006366262
  },
  "rps": {
    "mean": 19643.85857119216,
    "stddev": 4032.8769221927478,
    "max": 24442.694226833068,
    "percentiles": {
      "p10": 15422.830415864946,
      "p25": 16170.60462214087,
      "p50": 21615.119110736265,
      "p75": 22055.6068164616,
      "p90": 22950.49568059622,
      "p95": 23263.74965317466,
      "p99": 23519.76130344705
    }
  },
  "details": {
    "DNSDialup": {
      "average": 0.0014022516800000005,
      "fastest": 0.000062601,
      "slowest": 0.002856528
    },
    "DNSLookup": {
      "average": 0.000005112019999999998,
      "fastest": 0.0000033,
      "slowest": 0.0000407
    }
  },
  "statusCodeDistribution": {
    "200": 195960
  },
  "errorDistribution": {}
}