{
  "summary": {
    "successRate": 1,
    "total": 10.002168541,
    "slowest": 0.013928072,
    "fastest": 0.000362299,
    "average": 0.0022360267946005346,
    "requestsPerSec": 22334.556659816637,
    "totalData": 2904122,
    "sizePerRequest": 13,
    "sizePerSec": 290349.2365776163
  },
  "responseTimeHistogram": {
    "0.000362299": 1,
    "0.0017188763": 2221,
    "0.0030754536": 202377,
    "0.0044320309": 14943,
    "0.0057886082": 1851,
    "0.0071451855": 1005,
    "0.0085017628": 137,
    "0.0098583401": 740,
    "0.0112149174": 53,
    "0.0125714947": 47,
    "0.013928072": 19
  },
  "latencyPercentiles": {
    "p10": 0.001984895,
    "p25": 0.002010396,
    "p50": 0.002034796,
    "p75": 0.002062795,
    "p90": 0.002452795,
    "p95": 0.003897992,
    "p99": 0.005557989
  },
  "rps": {
    "mean": 22371.19748221135,
    "stddev": 4155.744658610865,
    "max": 27659.914984952204,
    "percentiles": {
      "p10": 18821.494146315254,
      "p25": 20208.325830242145,
      "p50": 24036.824415004663,
      "p75": 24706.22844018997,
      "p90": 25624.718282464688,
      "p95": 26474.025454774193,
      "p99": 27123.314643175534
    }
  },
  "details": {
    "DNSDialup": {
      "average": 0.0012547074599999998,
      "fastest": 0.000066,
      "slowest": 0.002716894
    },
    "DNSLookup": {
      "average": 0.000004206,
      "fastest": 0.0000029,
      "slowest": 0.0000352
    }
  },
  "statusCodeDistribution": {
    "200": 223394
  },
  "errorDistribution": {}
}