{
  "summary": {
    "successRate": 1,
    "total": 10.001570097,
    "slowest": 0.014246078,
    "fastest": 0.000538699,
    "average": 0.0022395392463852204,
    "requestsPerSec": 22300.59858970561,
    "totalData": 2899533,
    "sizePerRequest": 13,
    "sizePerSec": 289907.7816661729
  },
  "responseTimeHistogram": {
    "0.000538699": 1,
    "0.0019094369": 3498,
    "0.0032801748": 202679,
    "0.0046509127": 13725,
    "0.0060216506": 1452,
    "0.0073923885": 826,
    "0.0087631264": 588,
    "0.0101338643": 172,
    "0.0115046022": 64,
    "0.0128753401": 20,
    "0.014246078": 16
  },
  "latencyPercentiles": {
    "p10": 0.002005597,
    "p25": 0.002026997,
    "p50": 0.002051795,
    "p75": 0.002080596,
    "p90": 0.002352796,
    "p95": 0.003866193,
    "p99": 0.005532391
  },
  "rps": {
    "mean": 22344.839384238898,
    "stddev": 3930.8818794125336,
    "max": 28496.14778606307,
    "percentiles": {
      "p10": 18812.2655971704,
      "p25": 20236.458002737847,
      "p50": 23725.89919155781,
      "p75": 24420.7967505118,
      "p90": 26060.66311944227,
      "p95": 26413.258527449427,
      "p99": 27031.039066384717
    }
  },
  "details": {
    "DNSDialup": {
      "average": 0.0012535479799999998,
      "fastest": 0.0000604,
      "slowest": 0.001433297
    },
    "DNSLookup": {
      "average": 0.00000434596,
      "fastest": 0.0000029,
      "slowest": 0.000038099
    }
  },
  "statusCodeDistribution": {
    "200": 223041
  },
  "errorDistribution": {}
}