{
  "summary": {
    "successRate": 1,
    "total": 10.001586947,
    "slowest": 0.014622283,
    "fastest": 0.000605712,
    "average": 0.0024736082531906195,
    "requestsPerSec": 20188.696160919353,
    "totalData": 2624947,
    "sizePerRequest": 13,
    "sizePerSec": 262453.05009195156
  },
  "responseTimeHistogram": {
    "0.000605712": 1,
    "0.0020073690999999998": 1872,
    "0.0034090262": 183199,
    "0.0048106833": 14853,
    "0.0062123404": 978,
    "0.0076139975000000006": 149,
    "0.009015654599999999": 117,
    "0.0104173117": 651,
    "0.0118189688": 62,
    "0.0132206259": 24,
    "0.014622283": 13
  },
  "latencyPercentiles": {
    "p10": 0.00221514,
    "p25": 0.002233144,
    "p50": 0.002254641,
    "p75": 0.002284442,
    "p90": 0.002791151,
    "p95": 0.004427081,
    "p99": 0.004799587
  },
  "rps": {
    "mean": 20196.22562058124,
    "stddev": 3562.7497054070163,
    "max": 28086.182023991176,
    "percentiles": {
      "p10": 16239.62058183553,
      "p25": 18411.44639622355,
      "p50": 20635.116841840696,
      "p75": 22548.495048301935,
      "p90": 23862.32361682098,
      "p95": 24103.87349247012,
      "p99": 24340.448958079247
    }
  },
  "details": {
    "DNSDialup": {
      "average": 0.00158051654,
      "fastest": 0.000072001,
      "slowest": 0.003440066
    },
    "DNSLookup": {
      "average": 0.000005108079999999998,
      "fastest": 0.0000038,
      "slowest": 0.000037
    }
  },
  "statusCodeDistribution": {
    "200": 201919
  },
  "errorDistribution": {}
}