{
  "summary": {
    "successRate": 1,
    "total": 10.001898002,
    "slowest": 0.020182557,
    "fastest": 0.000324102,
    "average": 0.004194754109609576,
    "requestsPerSec": 11902.740857404715,
    "totalData": 1547650,
    "sizePerRequest": 13,
    "sizePerSec": 154735.6311462613
  },
  "responseTimeHistogram": {
    "0.000324102": 1,
    "0.0023099475000000003": 331,
    "0.004295793": 98482,
    "0.006281638500000001": 11814,
    "0.008267484": 5666,
    "0.0102533295": 1646,
    "0.012239175000000001": 626,
    "0.014225020500000001": 422,
    "0.016210866": 26,
    "0.0181967115": 22,
    "0.020182557": 14
  },
  "latencyPercentiles": {
    "p10": 0.00353448,
    "p25": 0.003661925,
    "p50": 0.003825426,
    "p75": 0.004084028,
    "p90": 0.005467743,
    "p95": 0.006621746,
    "p99": 0.010182979
  },
  "rps": {
    "mean": 11963.458327150116,
    "stddev": 2636.741858505304,
    "max": 20928.164076803794,
    "percentiles": {
      "p10": 9007.39699586071,
      "p25": 10886.180967289025,
      "p50": 12509.034024372428,
      "p75": 13696.856070674752,
      "p90": 14686.1607912588,
      "p95": 15089.987456603907,
      "p99": 15729.078701128781
    }
  },
  "details": {
    "DNSDialup": {
      "average": 0.0021424406799999992,
      "fastest": 0.000091301,
      "slowest": 0.004613036
    },
    "DNSLookup": {
      "average": 0.000007364100000000002,
      "fastest": 0.0000058,
      "slowest": 0.000036901
    }
  },
  "statusCodeDistribution": {
    "200": 119050
  },
  "errorDistribution": {}
}