{
  "summary": {
    "successRate": 1,
    "total": 10.001417657,
    "slowest": 0.013239697,
    "fastest": 0.000557699,
    "average": 0.0022610146047163495,
    "requestsPerSec": 22089.868414341334,
    "totalData": 2872090,
    "sizePerRequest": 13,
    "sizePerSec": 287168.28938643733
  },
  "responseTimeHistogram": {
    "0.000557699": 1,
    "0.0018258988000000001": 1923,
    "0.0030940986": 200601,
    "0.004362298400000001": 14249,
    "0.0056304982": 2039,
    "0.006898698": 1195,
    "0.0081668978": 121,
    "0.009435097600000001": 751,
    "0.0107032974": 5,
    "0.0119714972": 16,
    "0.013239697": 29
  },
  "latencyPercentiles": {
    "p10": 0.002033999,
    "p25": 0.0020489,
    "p50": 0.0020672,
    "p75": 0.0020944,
    "p90": 0.002332399,
    "p95": 0.003805299,
    "p99": 0.005593798
  },
  "rps": {
    "mean": 22130.9142848557,
    "stddev": 3920.749797670357,
    "max": 28184.462610377017,
    "percentiles": {
      "p10": 19122.570369807105,
      "p25": 20140.286615319605,
      "p50": 23442.20299805605,
      "p75": 23944.304145961127,
      "p90": 25987.47447776766,
      "p95": 26276.28191254141,
      "p99": 26600.991045645496
    }
  },
  "details": {
    "DNSDialup": {
      "average": 0.0007326579399999999,
      "fastest": 0.0000372,
      "slowest": 0.0010404
    },
    "DNSLookup": {
      "average": 0.000005049999999999997,
      "fastest": 0.0000029,
      "slowest": 0.0000482
    }
  },
  "statusCodeDistribution": {
    "200": 220930
  },
  "errorDistribution": {}
}