{
  "summary": {
    "successRate": 1,
    "total": 10.001566062,
    "slowest": 0.019584059,
    "fastest": 0.000475499,
    "average": 0.002620134370630096,
    "requestsPerSec": 19062.11475464431,
    "totalData": 2478463,
    "sizePerRequest": 13,
    "sizePerSec": 247807.49181037603
  },
  "responseTimeHistogram": {
    "0.000475499": 1,
    "0.002386355": 134431,
    "0.004297211": 50630,
    "0.006208067": 2537,
    "0.008118923": 2231,
    "0.010029779": 622,
    "0.011940635000000002": 25,
    "0.013851491": 26,
    "0.015762347": 98,
    "0.017673203000000002": 0,
    "0.019584059": 50
  },
  "latencyPercentiles": {
    "p10": 0.001972196,
    "p25": 0.001999496,
    "p50": 0.002033796,
    "p75": 0.003785592,
    "p90": 0.003970691,
    "p95": 0.004117594,
    "p99": 0.007386785
  },
  "rps": {
    "mean": 19062.272810112885,
    "stddev": 6057.176354285258,
    "max": 28607.474599391524,
    "percentiles": {
      "p10": 11846.700879536798,
      "p25": 13332.643763262911,
      "p50": 19609.84414175897,
      "p75": 24627.388118326922,
      "p90": 25302.583393764457,
      "p95": 26260.441509639124,
      "p99": 27291.339104810522
    }
  },
  "details": {
    "DNSDialup": {
      "average": 0.0012168044400000001,
      "fastest": 0.0000594,
      "slowest": 0.001424399
    },
    "DNSLookup": {
      "average": 0.00000419,
      "fastest": 0.0000029,
      "slowest": 0.0000354
    }
  },
  "statusCodeDistribution": {
    "200": 190651
  },
  "errorDistribution": {}
}