{
  "summary": {
    "successRate": 1,
    "total": 10.001952887,
    "slowest": 0.013771142,
    "fastest": 0.000513998,
    "average": 0.0022993184248877997,
    "requestsPerSec": 21717.25886474874,
    "totalData": 2823795,
    "sizePerRequest": 13,
    "sizePerSec": 282324.3652417336
  },
  "responseTimeHistogram": {
    "0.000513998": 1,
    "0.0018397124": 2139,
    "0.0031654268": 196429,
    "0.0044911412": 15956,
    "0.0058168556": 1434,
    "0.007142570000000001": 239,
    "0.0084682844": 149,
    "0.0097939988": 707,
    "0.0111197132": 96,
    "0.012445427600000001": 24,
    "0.013771142000000002": 41
  },
  "latencyPercentiles": {
    "p10": 0.002037991,
    "p25": 0.002055891,
    "p50": 0.002076291,
    "p75": 0.002106591,
    "p90": 0.002739588,
    "p95": 0.004188382,
    "p99": 0.004574179
  },
  "rps": {
    "mean": 21778.534204002815,
    "stddev": 4147.445319669663,
    "max": 30033.43118924776,
    "percentiles": {
      "p10": 17127.30434859459,
      "p25": 19426.350929078315,
      "p50": 23229.831749934434,
      "p75": 24042.906008346017,
      "p90": 25882.125343622687,
      "p95": 26217.46835812686,
      "p99": 26622.87257587545
    }
  },
  "details": {
    "DNSDialup": {
      "average": 0.0013212860199999998,
      "fastest": 0.000068099,
      "slowest": 0.002815688
    },
    "DNSLookup": {
      "average": 0.00000431796,
      "fastest": 0.000003,
      "slowest": 0.0000352
    }
  },
  "statusCodeDistribution": {
    "200": 217215
  },
  "errorDistribution": {}
}