{
  "summary": {
    "successRate": 1,
    "total": 10.005689707,
    "slowest": 0.020633752,
    "fastest": 0.000268202,
    "average": 0.004174206116938048,
    "requestsPerSec": 11956.796932879342,
    "totalData": 1555268,
    "sizePerRequest": 13,
    "sizePerSec": 155438.36012743143
  },
  "responseTimeHistogram": {
    "0.000268202": 1,
    "0.002304757": 700,
    "0.004341312000000001": 88965,
    "0.006377867000000001": 21179,
    "0.008414422000000001": 6027,
    "0.010450977000000002": 1766,
    "0.012487532": 615,
    "0.014524087000000001": 259,
    "0.016560642": 98,
    "0.018597197": 22,
    "0.020633752": 4
  },
  "latencyPercentiles": {
    "p10": 0.003225522,
    "p25": 0.003426123,
    "p50": 0.003705225,
    "p75": 0.00434393,
    "p90": 0.00588814,
    "p95": 0.00686335,
    "p99": 0.010054069
  },
  "rps": {
    "mean": 12000.935687329356,
    "stddev": 2911.943571908656,
    "max": 23841.799442769247,
    "percentiles": {
      "p10": 8275.483513456069,
      "p25": 10347.22945759889,
      "p50": 12570.306983991746,
      "p75": 14234.776983648964,
      "p90": 15149.837601004714,
      "p95": 15609.103229002509,
      "p99": 16246.352468227262
    }
  },
  "details": {
    "DNSDialup": {
      "average": 0.0012233329399999999,
      "fastest": 0.0000772,
      "slowest": 0.001526911
    },
    "DNSLookup": {
      "average": 0.0000071399999999999986,
      "fastest": 0.0000052,
      "slowest": 0.0000381
    }
  },
  "statusCodeDistribution": {
    "200": 119636
  },
  "errorDistribution": {}
}