{
  "summary": {
    "successRate": 1,
    "total": 10.001489854,
    "slowest": 0.014060621,
    "fastest": 0.0003646,
    "average": 0.0022562240328373806,
    "requestsPerSec": 22136.102043982533,
    "totalData": 2878122,
    "sizePerRequest": 13,
    "sizePerSec": 287769.3265717729
  },
  "responseTimeHistogram": {
    "0.0003646": 1,
    "0.0017342021000000003": 2362,
    "0.0031038042000000004": 198807,
    "0.0044734063": 16351,
    "0.0058430084": 2423,
    "0.007212610500000001": 574,
    "0.0085822126": 306,
    "0.0099518147": 519,
    "0.011321416800000001": 14,
    "0.012691018900000002": 22,
    "0.014060621000000002": 15
  },
  "latencyPercentiles": {
    "p10": 0.002009903,
    "p25": 0.002029802,
    "p50": 0.002049603,
    "p75": 0.002075503,
    "p90": 0.002608403,
    "p95": 0.003903905,
    "p99": 0.005243007
  },
  "rps": {
    "mean": 22174.327465440863,
    "stddev": 4097.412264475156,
    "max": 28369.319684012644,
    "percentiles": {
      "p10": 18905.456114634417,
      "p25": 20109.429311406002,
      "p50": 23803.058693041945,
      "p75": 24301.910130137225,
      "p90": 25996.025031524292,
      "p95": 26512.589007128576,
      "p99": 26852.293976319692
    }
  },
  "details": {
    "DNSDialup": {
      "average": 0.0012430037800000005,
      "fastest": 0.0000641,
      "slowest": 0.001488102
    },
    "DNSLookup": {
      "average": 0.0000043500000000000016,
      "fastest": 0.000003,
      "slowest": 0.0000345
    }
  },
  "statusCodeDistribution": {
    "200": 221394
  },
  "errorDistribution": {}
}