{
  "summary": {
    "successRate": 1,
    "total": 10.001434235,
    "slowest": 0.01478802,
    "fastest": 0.000300504,
    "average": 0.0025260450045969203,
    "requestsPerSec": 19771.16435040979,
    "totalData": 2570620,
    "sizePerRequest": 13,
    "sizePerSec": 257025.13655532728
  },
  "responseTimeHistogram": {
    "0.000300504": 1,
    "0.0017492556000000001": 1115,
    "0.0031980072": 176557,
    "0.0046467588": 17279,
    "0.0060955104": 1222,
    "0.007544262": 693,
    "0.0089930136": 121,
    "0.010441765200000001": 652,
    "0.0118905168": 61,
    "0.0133392684": 24,
    "0.01478802": 15
  },
  "latencyPercentiles": {
    "p10": 0.002238033,
    "p25": 0.002265534,
    "p50": 0.002293734,
    "p75": 0.002329934,
    "p90": 0.003306349,
    "p95": 0.004304864,
    "p99": 0.005517382
  },
  "rps": {
    "mean": 19827.130945723027,
    "stddev": 3878.846788544744,
    "max": 26329.26470534643,
    "percentiles": {
      "p10": 15261.583541908412,
      "p25": 16724.58763020549,
      "p50": 21680.604585338584,
      "p75": 22133.271527216573,
      "p90": 22920.981866800874,
      "p95": 23388.64344255011,
      "p99": 24028.72393659347
    }
  },
  "details": {
    "DNSDialup": {
      "average": 0.0015925736799999998,
      "fastest": 0.000079002,
      "slowest": 0.001753526
    },
    "DNSLookup": {
      "average": 0.00000481608,
      "fastest": 0.0000038,
      "slowest": 0.000037401
    }
  },
  "statusCodeDistribution": {
    "200": 197740
  },
  "errorDistribution": {}
}