{
  "summary": {
    "successRate": 1,
    "total": 10.001450268,
    "slowest": 0.015177258,
    "fastest": 0.000584209,
    "average": 0.0025556852534768864,
    "requestsPerSec": 19540.566094229165,
    "totalData": 2540642,
    "sizePerRequest": 13,
    "sizePerSec": 254027.35922497918
  },
  "responseTimeHistogram": {
    "0.000584209": 1,
    "0.0020435139": 2191,
    "0.0035028188000000003": 174165,
    "0.004962123700000001": 15230,
    "0.006421428600000001": 2313,
    "0.0078807335": 746,
    "0.009340038400000002": 88,
    "0.010799343300000002": 567,
    "0.012258648200000001": 94,
    "0.013717953100000001": 24,
    "0.015177258": 15
  },
  "latencyPercentiles": {
    "p10": 0.002242737,
    "p25": 0.002271037,
    "p50": 0.002300937,
    "p75": 0.002337038,
    "p90": 0.003374657,
    "p95": 0.004441172,
    "p99": 0.006092604
  },
  "rps": {
    "mean": 19599.706608810215,
    "stddev": 4042.485199468604,
    "max": 25664.266582476994,
    "percentiles": {
      "p10": 15216.317144735105,
      "p25": 16576.877090964674,
      "p50": 21585.79620072743,
      "p75": 21983.938314827847,
      "p90": 22724.806685597192,
      "p95": 23048.256133866813,
      "p99": 23730.222811772426
    }
  },
  "details": {
    "DNSDialup": {
      "average": 0.00163245976,
      "fastest": 0.000082101,
      "slowest": 0.00180123
    },
    "DNSLookup": {
      "average": 0.00000501406,
      "fastest": 0.000004,
      "slowest": 0.0000354
    }
  },
  "statusCodeDistribution": {
    "200": 195434
  },
  "errorDistribution": {}
}