{
  "summary": {
    "successRate": 1,
    "total": 10.003379691,
    "slowest": 0.018211619,
    "fastest": 0.000604708,
    "average": 0.002582605997331706,
    "requestsPerSec": 19331.466561644484,
    "totalData": 2513940,
    "sizePerRequest": 13,
    "sizePerSec": 251309.06530137826
  },
  "responseTimeHistogram": {
    "0.000604708": 1,
    "0.0023653991000000003": 153183,
    "0.0041260902": 24706,
    "0.0058867813": 14263,
    "0.0076474724": 295,
    "0.0094081635": 124,
    "0.011168854600000002": 694,
    "0.012929545700000001": 41,
    "0.014690236800000001": 23,
    "0.0164509279": 0,
    "0.018211619": 50
  },
  "latencyPercentiles": {
    "p10": 0.002264027,
    "p25": 0.002285732,
    "p50": 0.002310928,
    "p75": 0.002349333,
    "p90": 0.003227545,
    "p95": 0.004792858,
    "p99": 0.005239974
  },
  "rps": {
    "mean": 19413.72417546219,
    "stddev": 4013.942625393758,
    "max": 37307.4191025181,
    "percentiles": {
      "p10": 15275.583587590949,
      "p25": 15819.711360354975,
      "p50": 21478.32750840957,
      "p75": 21800.004577999596,
      "p90": 22263.32598576388,
      "p95": 22830.311225847378,
      "p99": 23344.77527898509
    }
  },
  "details": {
    "DNSDialup": {
      "average": 0.0017118580399999995,
      "fastest": 0.000085801,
      "slowest": 0.003615251
    },
    "DNSLookup": {
      "average": 0.000005454040000000001,
      "fastest": 0.0000041,
      "slowest": 0.0000388
    }
  },
  "statusCodeDistribution": {
    "200": 193380
  },
  "errorDistribution": {}
}