{
  "summary": {
    "successRate": 1,
    "total": 10.001709601,
    "slowest": 0.021726708,
    "fastest": 0.000543522,
    "average": 0.002607630545012227,
    "requestsPerSec": 19151.52585322498,
    "totalData": 2490124,
    "sizePerRequest": 13,
    "sizePerSec": 248969.83609192475
  },
  "responseTimeHistogram": {
    "0.000543522": 1,
    "0.0026618405999999997": 169837,
    "0.0047801592": 13442,
    "0.0068984777999999995": 6398,
    "0.009016796399999999": 762,
    "0.011135115": 914,
    "0.013253433599999998": 185,
    "0.015371752199999998": 8,
    "0.0174900708": 0,
    "0.0196083894": 0,
    "0.021726708": 1
  },
  "latencyPercentiles": {
    "p10": 0.002295291,
    "p25": 0.002318592,
    "p50": 0.002345898,
    "p75": 0.0023828,
    "p90": 0.002911515,
    "p95": 0.004716997,
    "p99": 0.006794084
  },
  "rps": {
    "mean": 19184.750779937585,
    "stddev": 3884.1989709452237,
    "max": 24161.91116324248,
    "percentiles": {
      "p10": 15300.125461028785,
      "p25": 16124.023408212257,
      "p50": 21164.746812483267,
      "p75": 21459.526795973325,
      "p90": 21750.32475953497,
      "p95": 22351.135364792397,
      "p99": 22918.114477682255
    }
  },
  "details": {
    "DNSDialup": {
      "average": 0.0016087152,
      "fastest": 0.000080803,
      "slowest": 0.003457644
    },
    "DNSLookup": {
      "average": 0.00000489414,
      "fastest": 0.0000037,
      "slowest": 0.000032401
    }
  },
  "statusCodeDistribution": {
    "200": 191548
  },
  "errorDistribution": {}
}