{
  "summary": {
    "successRate": 1,
    "total": 10.001710489,
    "slowest": 0.020328568,
    "fastest": 0.000743106,
    "average": 0.00452958401696952,
    "requestsPerSec": 11023.714405776976,
    "totalData": 1433328,
    "sizePerRequest": 13,
    "sizePerSec": 143308.2872751007
  },
  "responseTimeHistogram": {
    "0.000743106": 1,
    "0.0027016522": 858,
    "0.004660198400000001": 85021,
    "0.006618744600000001": 15674,
    "0.008577290800000002": 5848,
    "0.010535837000000003": 1650,
    "0.012494383200000002": 730,
    "0.014452929400000002": 411,
    "0.016411475600000003": 28,
    "0.018370021800000004": 15,
    "0.020328568000000005": 20
  },
  "latencyPercentiles": {
    "p10": 0.003717931,
    "p25": 0.003839632,
    "p50": 0.004032533,
    "p75": 0.004520537,
    "p90": 0.006352152,
    "p95": 0.00727716,
    "p99": 0.010760189
  },
  "rps": {
    "mean": 11039.899877477148,
    "stddev": 2501.972398820221,
    "max": 16804.461142210865,
    "percentiles": {
      "p10": 7826.859433518786,
      "p25": 9917.471609734886,
      "p50": 11549.568437821821,
      "p75": 12779.5194742348,
      "p90": 13734.46456189949,
      "p95": 14074.08999926223,
      "p99": 14504.247360911058
    }
  },
  "details": {
    "DNSDialup": {
      "average": 0.002238204460000001,
      "fastest": 0.000087201,
      "slowest": 0.004584238
    },
    "DNSLookup": {
      "average": 0.000007452039999999999,
      "fastest": 0.0000059,
      "slowest": 0.0000356
    }
  },
  "statusCodeDistribution": {
    "200": 110256
  },
  "errorDistribution": {}
}