{
  "summary": {
    "successRate": 1,
    "total": 10.001602234,
    "slowest": 0.015369661,
    "fastest": 0.000559606,
    "average": 0.0025231614723640996,
    "requestsPerSec": 19791.728901903458,
    "totalData": 2573337,
    "sizePerRequest": 13,
    "sizePerSec": 257292.47572474496
  },
  "responseTimeHistogram": {
    "0.000559606": 1,
    "0.0020406115": 2469,
    "0.0035216169999999995": 180526,
    "0.005002622499999999": 12128,
    "0.006483627999999999": 1406,
    "0.0079646335": 609,
    "0.009445638999999999": 155,
    "0.010926644499999999": 605,
    "0.01240765": 13,
    "0.0138886555": 24,
    "0.015369661": 13
  },
  "latencyPercentiles": {
    "p10": 0.002266424,
    "p25": 0.00229372,
    "p50": 0.002322921,
    "p75": 0.00235672,
    "p90": 0.002613327,
    "p95": 0.004348946,
    "p99": 0.00571676
  },
  "rps": {
    "mean": 19838.358634389915,
    "stddev": 3569.420536884951,
    "max": 25914.62880796466,
    "percentiles": {
      "p10": 15516.130569340166,
      "p25": 17519.78860122501,
      "p50": 21419.481918423437,
      "p75": 21806.131884286246,
      "p90": 22501.374834002676,
      "p95": 22825.31323197546,
      "p99": 23347.42328617775
    }
  },
  "details": {
    "DNSDialup": {
      "average": 0.00161599294,
      "fastest": 0.0000835,
      "slowest": 0.003729139
    },
    "DNSLookup": {
      "average": 0.00000545204,
      "fastest": 0.0000038,
      "slowest": 0.0000386
    }
  },
  "statusCodeDistribution": {
    "200": 197949
  },
  "errorDistribution": {}
}