{
  "summary": {
    "successRate": 1,
    "total": 10.001551672,
    "slowest": 0.013695176,
    "fastest": 0.000329699,
    "average": 0.0021545915018137828,
    "requestsPerSec": 23180.10320828946,
    "totalData": 3013881,
    "sizePerRequest": 13,
    "sizePerSec": 301341.341707763
  },
  "responseTimeHistogram": {
    "0.000329699": 1,
    "0.0016662467": 2176,
    "0.0030027944": 207728,
    "0.0043393421": 17798,
    "0.0056758898": 2075,
    "0.0070124375000000004": 1044,
    "0.008348985199999999": 299,
    "0.0096855329": 640,
    "0.0110220806": 39,
    "0.012358628299999999": 20,
    "0.013695176": 17
  },
  "latencyPercentiles": {
    "p10": 0.001901096,
    "p25": 0.001922697,
    "p50": 0.001949897,
    "p75": 0.001983097,
    "p90": 0.002704996,
    "p95": 0.003652693,
    "p99": 0.005455791
  },
  "rps": {
    "mean": 23191.419173945298,
    "stddev": 4333.688619738999,
    "max": 29108.282068356944,
    "percentiles": {
      "p10": 19971.333609385354,
      "p25": 20978.25153196325,
      "p50": 25461.99199491506,
      "p75": 25843.463536976396,
      "p90": 26114.364977301713,
      "p95": 26237.829702866486,
      "p99": 27154.774830435006
    }
  },
  "details": {
    "DNSDialup": {
      "average": 0.0012823798200000004,
      "fastest": 0.0000666,
      "slowest": 0.001446398
    },
    "DNSLookup": {
      "average": 0.000003976,
      "fastest": 0.000003,
      "slowest": 0.0000343
    }
  },
  "statusCodeDistribution": {
    "200": 231837
  },
  "errorDistribution": {}
}